#
# There is insufficient memory for the Java Runtime Environment to continue.
# Native memory allocation (mmap) failed to map 809500672 bytes for G1 virtual space
# Possible reasons:
#   The system is out of physical RAM or swap space
#   The process is running with CompressedOops enabled, and the Java Heap may be blocking the growth of the native heap
# Possible solutions:
#   Reduce memory load on the system
#   Increase physical memory or swap space
#   Check if swap backing store is full
#   Decrease Java heap size (-Xmx/-Xms)
#   Decrease number of Java threads
#   Decrease Java thread stack sizes (-Xss)
#   Set larger code cache with -XX:ReservedCodeCacheSize=
#   JVM is running with Zero Based Compressed Oops mode in which the Java heap is
#     placed in the first 32GB address space. The Java Heap base address is the
#     maximum limit for the native heap growth. Please use -XX:HeapBaseMinAddress
#     to set the Java Heap base and to place the Java Heap above 32GB virtual address.
# This output file may be truncated or incomplete.
#
#  Out of Memory Error (os_windows.cpp:3548), pid=10376, tid=18036
#
# JRE version: Java(TM) SE Runtime Environment (17.0.12+8) (build 17.0.12+8-LTS-286)
# Java VM: Java HotSpot(TM) 64-Bit Server VM (17.0.12+8-LTS-286, mixed mode, sharing, tiered, compressed oops, compressed class ptrs, g1 gc, windows-amd64)
# No core dump will be written. Minidumps are not enabled by default on client versions of Windows
#

---------------  S U M M A R Y ------------

Command Line: -XX:+HeapDumpOnOutOfMemoryError --add-opens=java.base/java.util=ALL-UNNAMED --add-opens=java.base/java.lang=ALL-UNNAMED --add-opens=java.base/java.lang.invoke=ALL-UNNAMED --add-opens=java.prefs/java.util.prefs=ALL-UNNAMED --add-opens=java.base/java.nio.charset=ALL-UNNAMED --add-opens=java.base/java.net=ALL-UNNAMED --add-opens=java.base/java.util.concurrent.atomic=ALL-UNNAMED -Xmx4G -Dfile.encoding=windows-1256 -Duser.country=US -Duser.language=en -Duser.variant org.gradle.launcher.daemon.bootstrap.GradleDaemon 7.6.3

Host: 11th Gen Intel(R) Core(TM) i7-1165G7 @ 2.80GHz, 8 cores, 7G,  Windows 11 , 64 bit Build 22621 (10.0.22621.3672)
Time: Wed Jul 17 20:13:23 2024 Jordan Standard Time elapsed time: 38.474121 seconds (0d 0h 0m 38s)

---------------  T H R E A D  ---------------

Current thread (0x0000029cdeec1cc0):  VMThread "VM Thread" [stack: 0x000000ba73d00000,0x000000ba73e00000] [id=18036]

Stack: [0x000000ba73d00000,0x000000ba73e00000]
Native frames: (J=compiled Java code, j=interpreted, Vv=VM code, C=native code)
V  [jvm.dll+0x67a04a]
V  [jvm.dll+0x7da4ed]
V  [jvm.dll+0x7dbe33]
V  [jvm.dll+0x7dc4a3]
V  [jvm.dll+0x24508f]
V  [jvm.dll+0x677089]
V  [jvm.dll+0x66bd32]
V  [jvm.dll+0x301fa6]
V  [jvm.dll+0x309546]
V  [jvm.dll+0x359d2e]
V  [jvm.dll+0x359f5f]
V  [jvm.dll+0x2d9078]
V  [jvm.dll+0x2d74ad]
V  [jvm.dll+0x2d6afc]
V  [jvm.dll+0x31a65b]
V  [jvm.dll+0x7e0d9b]
V  [jvm.dll+0x7e1ad4]
V  [jvm.dll+0x7e1fed]
V  [jvm.dll+0x7e23c4]
V  [jvm.dll+0x7e2490]
V  [jvm.dll+0x78abea]
V  [jvm.dll+0x678f35]
C  [ucrtbase.dll+0x29333]
C  [KERNEL32.DLL+0x1257d]
C  [ntdll.dll+0x5af28]

VM_Operation (0x000000ba7a6f9dc0): G1CollectForAllocation, mode: safepoint, requested by thread 0x0000029d29caa1c0


---------------  P R O C E S S  ---------------

Threads class SMR info:
_java_thread_list=0x0000029d33bac930, length=146, elements={
0x0000029cbc0b83a0, 0x0000029cdeec66b0, 0x0000029cdeec7180, 0x0000029cdeedafc0,
0x0000029cdeedd9a0, 0x0000029cdeee32a0, 0x0000029cdeee3b70, 0x0000029cdeee4820,
0x0000029cdeef9e10, 0x0000029cdeefa720, 0x0000029d241fb0f0, 0x0000029d242035f0,
0x0000029d25ae8fd0, 0x0000029d2576a410, 0x0000029d264bbb80, 0x0000029d2543b8c0,
0x0000029d2606e8b0, 0x0000029d256239b0, 0x0000029d256243d0, 0x0000029d25625300,
0x0000029d25622a80, 0x0000029d25624df0, 0x0000029d25625810, 0x0000029d25622060,
0x0000029d25623ec0, 0x0000029d25622f90, 0x0000029d256234a0, 0x0000029d256248e0,
0x0000029d279f21b0, 0x0000029d279eb250, 0x0000029d279ecba0, 0x0000029d279ead40,
0x0000029d279f26c0, 0x0000029d279edfe0, 0x0000029d279ed5c0, 0x0000029d279f1790,
0x0000029d279ec180, 0x0000029d279eef10, 0x0000029d279ef420, 0x0000029d279f1ca0,
0x0000029d279f0860, 0x0000029d279ebc70, 0x0000029d279f0350, 0x0000029d279ec690,
0x0000029d279ed0b0, 0x0000029d279edad0, 0x0000029d279ee4f0, 0x0000029d279eea00,
0x0000029d279efe40, 0x0000029d29e039b0, 0x0000029d29e02570, 0x0000029d29e08090,
0x0000029d29e02f90, 0x0000029d29e043d0, 0x0000029d29e048e0, 0x0000029d29e034a0,
0x0000029d29e03ec0, 0x0000029d29e06c50, 0x0000029d29e06740, 0x0000029d29e02a80,
0x0000029d29e06230, 0x0000029d29e07670, 0x0000029d29e07160, 0x0000029d29e07b80,
0x0000029d29e05d20, 0x0000029d29e085a0, 0x0000029d29e05300, 0x0000029d29e08ab0,
0x0000029d29e08fc0, 0x0000029d29e094d0, 0x0000029d29e02060, 0x0000029d29e099e0,
0x0000029d29cafce0, 0x0000029d29cae390, 0x0000029d29cade80, 0x0000029d29caabe0,
0x0000029d29cb1120, 0x0000029d29cad970, 0x0000029d29caca40, 0x0000029d29cacf50,
0x0000029d29caf7d0, 0x0000029d29cab0f0, 0x0000029d29cae8a0, 0x0000029d29cb01f0,
0x0000029d29cb0700, 0x0000029d29cab600, 0x0000029d29cb0c10, 0x0000029d29caa6d0,
0x0000029d29caedb0, 0x0000029d29cad460, 0x0000029d29cac530, 0x0000029d29cb1630,
0x0000029d29caf2c0, 0x0000029d29cabb10, 0x0000029d29caa1c0, 0x0000029d29cac020,
0x0000029d29cb1b40, 0x0000029d29b174a0, 0x0000029d29b19300, 0x0000029d29b16f90,
0x0000029d29b179b0, 0x0000029d29b19810, 0x0000029d29b188e0, 0x0000029d29b16060,
0x0000029d29b17ec0, 0x0000029d29b183d0, 0x0000029d29b18df0, 0x0000029d29b16a80,
0x0000029d29b16570, 0x0000029d29c46070, 0x0000029d29c49d30, 0x0000029d29c474b0,
0x0000029d29c47ed0, 0x0000029d29c4b170, 0x0000029d29c479c0, 0x0000029d29c483e0,
0x0000029d29c4bb90, 0x0000029d29c488f0, 0x0000029d29c4c0a0, 0x0000029d29c4d4e0,
0x0000029d29c46a90, 0x0000029d29c4cfd0, 0x0000029d29c4d9f0, 0x0000029d29c46580,
0x0000029d29c48e00, 0x0000029d29c4c5b0, 0x0000029d29c4cac0, 0x0000029d29c4b680,
0x0000029d29c46fa0, 0x0000029d29c49310, 0x0000029d29c49820, 0x0000029d29c4a240,
0x0000029d29c4a750, 0x0000029d29c4ac60, 0x0000029d2a1bb4e0, 0x0000029d2a1b8750,
0x0000029d2a1bc920, 0x0000029d2a1b59c0, 0x0000029d2a1b8c60, 0x0000029d259d9ff0,
0x0000029d259d8560, 0x0000029d2a1b9b90, 0x0000029d2a1ba0a0, 0x0000029d30371330,
0x0000029d3036e090, 0x0000029d3036b300
}

Java Threads: ( => current thread )
  0x0000029cbc0b83a0 JavaThread "main" [_thread_blocked, id=3652, stack(0x000000ba73700000,0x000000ba73800000)]
  0x0000029cdeec66b0 JavaThread "Reference Handler" daemon [_thread_blocked, id=16616, stack(0x000000ba73e00000,0x000000ba73f00000)]
  0x0000029cdeec7180 JavaThread "Finalizer" daemon [_thread_blocked, id=9116, stack(0x000000ba73f00000,0x000000ba74000000)]
  0x0000029cdeedafc0 JavaThread "Signal Dispatcher" daemon [_thread_blocked, id=16700, stack(0x000000ba74000000,0x000000ba74100000)]
  0x0000029cdeedd9a0 JavaThread "Attach Listener" daemon [_thread_blocked, id=17316, stack(0x000000ba74100000,0x000000ba74200000)]
  0x0000029cdeee32a0 JavaThread "Service Thread" daemon [_thread_blocked, id=18204, stack(0x000000ba74200000,0x000000ba74300000)]
  0x0000029cdeee3b70 JavaThread "Monitor Deflation Thread" daemon [_thread_blocked, id=18040, stack(0x000000ba74300000,0x000000ba74400000)]
  0x0000029cdeee4820 JavaThread "C2 CompilerThread0" daemon [_thread_in_native, id=3012, stack(0x000000ba74400000,0x000000ba74500000)]
  0x0000029cdeef9e10 JavaThread "C1 CompilerThread0" daemon [_thread_blocked, id=1804, stack(0x000000ba74500000,0x000000ba74600000)]
  0x0000029cdeefa720 JavaThread "Sweeper thread" daemon [_thread_blocked, id=17500, stack(0x000000ba74600000,0x000000ba74700000)]
  0x0000029d241fb0f0 JavaThread "Common-Cleaner" daemon [_thread_blocked, id=3620, stack(0x000000ba74700000,0x000000ba74800000)]
  0x0000029d242035f0 JavaThread "Notification Thread" daemon [_thread_blocked, id=8292, stack(0x000000ba74800000,0x000000ba74900000)]
  0x0000029d25ae8fd0 JavaThread "Daemon health stats" [_thread_blocked, id=10068, stack(0x000000ba75000000,0x000000ba75100000)]
  0x0000029d2576a410 JavaThread "Incoming local TCP Connector on port 53452" [_thread_in_native, id=18488, stack(0x000000ba75100000,0x000000ba75200000)]
  0x0000029d264bbb80 JavaThread "Daemon periodic checks" [_thread_blocked, id=16892, stack(0x000000ba75200000,0x000000ba75300000)]
  0x0000029d2543b8c0 JavaThread "Daemon" [_thread_blocked, id=15836, stack(0x000000ba75300000,0x000000ba75400000)]
  0x0000029d2606e8b0 JavaThread "Handler for socket connection from /127.0.0.1:53452 to /127.0.0.1:53453" [_thread_in_native, id=18780, stack(0x000000ba75400000,0x000000ba75500000)]
  0x0000029d256239b0 JavaThread "Cancel handler" [_thread_blocked, id=15500, stack(0x000000ba75500000,0x000000ba75600000)]
  0x0000029d256243d0 JavaThread "Daemon worker" [_thread_blocked, id=15756, stack(0x000000ba75600000,0x000000ba75700000)]
  0x0000029d25625300 JavaThread "Asynchronous log dispatcher for DefaultDaemonConnection: socket connection from /127.0.0.1:53452 to /127.0.0.1:53453" [_thread_blocked, id=8044, stack(0x000000ba75700000,0x000000ba75800000)]
  0x0000029d25622a80 JavaThread "Stdin handler" [_thread_blocked, id=724, stack(0x000000ba75800000,0x000000ba75900000)]
  0x0000029d25624df0 JavaThread "Daemon client event forwarder" [_thread_blocked, id=7084, stack(0x000000ba75900000,0x000000ba75a00000)]
  0x0000029d25625810 JavaThread "Cache worker for journal cache (C:\Users\Alghazzawi\.gradle\caches\journal-1)" [_thread_blocked, id=18504, stack(0x000000ba75a00000,0x000000ba75b00000)]
  0x0000029d25622060 JavaThread "File lock request listener" [_thread_in_native, id=10308, stack(0x000000ba75b00000,0x000000ba75c00000)]
  0x0000029d25623ec0 JavaThread "Cache worker for file hash cache (C:\Users\Alghazzawi\.gradle\caches\7.6.3\fileHashes)" [_thread_blocked, id=17208, stack(0x000000ba75c00000,0x000000ba75d00000)]
  0x0000029d25622f90 JavaThread "File watcher server" daemon [_thread_blocked, id=14432, stack(0x000000ba76000000,0x000000ba76100000)]
  0x0000029d256234a0 JavaThread "File watcher consumer" daemon [_thread_blocked, id=10940, stack(0x000000ba76100000,0x000000ba76200000)]
  0x0000029d256248e0 JavaThread "Cache worker for checksums cache (F:\university_bus\android\.gradle\7.6.3\checksums)" [_thread_blocked, id=2608, stack(0x000000ba76200000,0x000000ba76300000)]
  0x0000029d279f21b0 JavaThread "Cache worker for cache directory md-rule (C:\Users\Alghazzawi\.gradle\caches\7.6.3\md-rule)" [_thread_blocked, id=15776, stack(0x000000ba76300000,0x000000ba76400000)]
  0x0000029d279eb250 JavaThread "Cache worker for file content cache (C:\Users\Alghazzawi\.gradle\caches\7.6.3\fileContent)" [_thread_blocked, id=16288, stack(0x000000ba76400000,0x000000ba76500000)]
  0x0000029d279ecba0 JavaThread "Cache worker for file hash cache (F:\university_bus\android\.gradle\7.6.3\fileHashes)" [_thread_blocked, id=9816, stack(0x000000ba76500000,0x000000ba76600000)]
  0x0000029d279ead40 JavaThread "Cache worker for cache directory md-supplier (C:\Users\Alghazzawi\.gradle\caches\7.6.3\md-supplier)" [_thread_blocked, id=3264, stack(0x000000ba76600000,0x000000ba76700000)]
  0x0000029d279f26c0 JavaThread "Cache worker for execution history cache (C:\Users\Alghazzawi\.gradle\caches\7.6.3\executionHistory)" [_thread_blocked, id=12304, stack(0x000000ba76800000,0x000000ba76900000)]
  0x0000029d279edfe0 JavaThread "jar transforms" [_thread_blocked, id=1632, stack(0x000000ba76900000,0x000000ba76a00000)]
  0x0000029d279ed5c0 JavaThread "Cache worker for kotlin-dsl (C:\Users\Alghazzawi\.gradle\caches\7.6.3\kotlin-dsl)" [_thread_blocked, id=17324, stack(0x000000ba76a00000,0x000000ba76b00000)]
  0x0000029d279f1790 JavaThread "jar transforms Thread 2" [_thread_blocked, id=2520, stack(0x000000ba76b00000,0x000000ba76c00000)]
  0x0000029d279ec180 JavaThread "Cache worker for dependencies-accessors (F:\university_bus\android\.gradle\7.6.3\dependencies-accessors)" [_thread_blocked, id=17456, stack(0x000000ba76c00000,0x000000ba76d00000)]
  0x0000029d279eef10 JavaThread "Cache worker for Build Output Cleanup Cache (C:\Users\Alghazzawi\flutter_windows_3.22.2-stable\flutter\packages\flutter_tools\gradle\.gradle\buildOutputCleanup)" [_thread_blocked, id=8432, stack(0x000000ba76d00000,0x000000ba76e00000)]
  0x0000029d279ef420 JavaThread "jar transforms Thread 3" [_thread_blocked, id=7052, stack(0x000000ba76e00000,0x000000ba76f00000)]
  0x0000029d279f1ca0 JavaThread "Memory manager" [_thread_blocked, id=19080, stack(0x000000ba76f00000,0x000000ba77000000)]
  0x0000029d279f0860 JavaThread "jar transforms Thread 4" [_thread_blocked, id=18412, stack(0x000000ba75f00000,0x000000ba76000000)]
  0x0000029d279ebc70 JavaThread "included builds" [_thread_blocked, id=17424, stack(0x000000ba77100000,0x000000ba77200000)]
  0x0000029d279f0350 JavaThread "Execution worker" [_thread_blocked, id=2808, stack(0x000000ba77200000,0x000000ba77300000)]
  0x0000029d279ec690 JavaThread "Execution worker Thread 2" [_thread_blocked, id=16732, stack(0x000000ba77300000,0x000000ba77400000)]
  0x0000029d279ed0b0 JavaThread "Execution worker Thread 3" [_thread_blocked, id=10384, stack(0x000000ba77400000,0x000000ba77500000)]
  0x0000029d279edad0 JavaThread "Execution worker Thread 4" [_thread_blocked, id=12144, stack(0x000000ba77500000,0x000000ba77600000)]
  0x0000029d279ee4f0 JavaThread "Execution worker Thread 5" [_thread_blocked, id=3820, stack(0x000000ba77600000,0x000000ba77700000)]
  0x0000029d279eea00 JavaThread "Execution worker Thread 6" [_thread_blocked, id=13956, stack(0x000000ba77700000,0x000000ba77800000)]
  0x0000029d279efe40 JavaThread "Execution worker Thread 7" [_thread_blocked, id=16900, stack(0x000000ba77800000,0x000000ba77900000)]
  0x0000029d29e039b0 JavaThread "Cache worker for execution history cache (C:\Users\Alghazzawi\flutter_windows_3.22.2-stable\flutter\packages\flutter_tools\gradle\.gradle\7.6.3\executionHistory)" [_thread_blocked, id=1188, stack(0x000000ba77900000,0x000000ba77a00000)]
  0x0000029d29e02570 JavaThread "Unconstrained build operations" [_thread_blocked, id=3260, stack(0x000000ba77a00000,0x000000ba77b00000)]
  0x0000029d29e08090 JavaThread "Unconstrained build operations Thread 2" [_thread_blocked, id=2452, stack(0x000000ba77b00000,0x000000ba77c00000)]
  0x0000029d29e02f90 JavaThread "Unconstrained build operations Thread 3" [_thread_blocked, id=2780, stack(0x000000ba77c00000,0x000000ba77d00000)]
  0x0000029d29e043d0 JavaThread "Unconstrained build operations Thread 4" [_thread_blocked, id=17176, stack(0x000000ba77d00000,0x000000ba77e00000)]
  0x0000029d29e048e0 JavaThread "Unconstrained build operations Thread 5" [_thread_blocked, id=18792, stack(0x000000ba77e00000,0x000000ba77f00000)]
  0x0000029d29e034a0 JavaThread "Unconstrained build operations Thread 6" [_thread_blocked, id=5820, stack(0x000000ba77f00000,0x000000ba78000000)]
  0x0000029d29e03ec0 JavaThread "Unconstrained build operations Thread 7" [_thread_blocked, id=10192, stack(0x000000ba78000000,0x000000ba78100000)]
  0x0000029d29e06c50 JavaThread "Unconstrained build operations Thread 8" [_thread_blocked, id=18196, stack(0x000000ba78100000,0x000000ba78200000)]
  0x0000029d29e06740 JavaThread "Unconstrained build operations Thread 9" [_thread_blocked, id=16276, stack(0x000000ba78200000,0x000000ba78300000)]
  0x0000029d29e02a80 JavaThread "Unconstrained build operations Thread 10" [_thread_blocked, id=19392, stack(0x000000ba78300000,0x000000ba78400000)]
  0x0000029d29e06230 JavaThread "Unconstrained build operations Thread 11" [_thread_blocked, id=15560, stack(0x000000ba78400000,0x000000ba78500000)]
  0x0000029d29e07670 JavaThread "Unconstrained build operations Thread 12" [_thread_blocked, id=17752, stack(0x000000ba78500000,0x000000ba78600000)]
  0x0000029d29e07160 JavaThread "Unconstrained build operations Thread 13" [_thread_blocked, id=4296, stack(0x000000ba78600000,0x000000ba78700000)]
  0x0000029d29e07b80 JavaThread "Unconstrained build operations Thread 14" [_thread_blocked, id=1564, stack(0x000000ba78700000,0x000000ba78800000)]
  0x0000029d29e05d20 JavaThread "Unconstrained build operations Thread 15" [_thread_blocked, id=14020, stack(0x000000ba78800000,0x000000ba78900000)]
  0x0000029d29e085a0 JavaThread "Unconstrained build operations Thread 16" [_thread_blocked, id=920, stack(0x000000ba78900000,0x000000ba78a00000)]
  0x0000029d29e05300 JavaThread "Unconstrained build operations Thread 17" [_thread_blocked, id=17520, stack(0x000000ba78a00000,0x000000ba78b00000)]
  0x0000029d29e08ab0 JavaThread "Unconstrained build operations Thread 18" [_thread_blocked, id=15804, stack(0x000000ba78b00000,0x000000ba78c00000)]
  0x0000029d29e08fc0 JavaThread "Unconstrained build operations Thread 19" [_thread_blocked, id=4416, stack(0x000000ba78c00000,0x000000ba78d00000)]
  0x0000029d29e094d0 JavaThread "Unconstrained build operations Thread 20" [_thread_blocked, id=8884, stack(0x000000ba78d00000,0x000000ba78e00000)]
  0x0000029d29e02060 JavaThread "Unconstrained build operations Thread 21" [_thread_blocked, id=18740, stack(0x000000ba78e00000,0x000000ba78f00000)]
  0x0000029d29e099e0 JavaThread "Unconstrained build operations Thread 22" [_thread_blocked, id=16492, stack(0x000000ba78f00000,0x000000ba79000000)]
  0x0000029d29cafce0 JavaThread "Unconstrained build operations Thread 23" [_thread_blocked, id=19360, stack(0x000000ba79000000,0x000000ba79100000)]
  0x0000029d29cae390 JavaThread "Unconstrained build operations Thread 24" [_thread_blocked, id=18580, stack(0x000000ba79100000,0x000000ba79200000)]
  0x0000029d29cade80 JavaThread "Unconstrained build operations Thread 25" [_thread_blocked, id=18888, stack(0x000000ba79200000,0x000000ba79300000)]
  0x0000029d29caabe0 JavaThread "Unconstrained build operations Thread 26" [_thread_blocked, id=15448, stack(0x000000ba79300000,0x000000ba79400000)]
  0x0000029d29cb1120 JavaThread "Unconstrained build operations Thread 27" [_thread_blocked, id=10580, stack(0x000000ba79400000,0x000000ba79500000)]
  0x0000029d29cad970 JavaThread "Unconstrained build operations Thread 28" [_thread_blocked, id=4472, stack(0x000000ba79500000,0x000000ba79600000)]
  0x0000029d29caca40 JavaThread "Unconstrained build operations Thread 29" [_thread_blocked, id=18516, stack(0x000000ba79600000,0x000000ba79700000)]
  0x0000029d29cacf50 JavaThread "Unconstrained build operations Thread 30" [_thread_blocked, id=16312, stack(0x000000ba79700000,0x000000ba79800000)]
  0x0000029d29caf7d0 JavaThread "Unconstrained build operations Thread 31" [_thread_blocked, id=5812, stack(0x000000ba79800000,0x000000ba79900000)]
  0x0000029d29cab0f0 JavaThread "Unconstrained build operations Thread 32" [_thread_blocked, id=9988, stack(0x000000ba79900000,0x000000ba79a00000)]
  0x0000029d29cae8a0 JavaThread "Unconstrained build operations Thread 33" [_thread_blocked, id=19364, stack(0x000000ba79a00000,0x000000ba79b00000)]
  0x0000029d29cb01f0 JavaThread "Unconstrained build operations Thread 34" [_thread_blocked, id=3552, stack(0x000000ba79b00000,0x000000ba79c00000)]
  0x0000029d29cb0700 JavaThread "Unconstrained build operations Thread 35" [_thread_blocked, id=17020, stack(0x000000ba79c00000,0x000000ba79d00000)]
  0x0000029d29cab600 JavaThread "Unconstrained build operations Thread 36" [_thread_blocked, id=14104, stack(0x000000ba79d00000,0x000000ba79e00000)]
  0x0000029d29cb0c10 JavaThread "Unconstrained build operations Thread 37" [_thread_blocked, id=15012, stack(0x000000ba79e00000,0x000000ba79f00000)]
  0x0000029d29caa6d0 JavaThread "Unconstrained build operations Thread 38" [_thread_blocked, id=4440, stack(0x000000ba79f00000,0x000000ba7a000000)]
  0x0000029d29caedb0 JavaThread "Unconstrained build operations Thread 39" [_thread_blocked, id=8736, stack(0x000000ba7a000000,0x000000ba7a100000)]
  0x0000029d29cad460 JavaThread "Unconstrained build operations Thread 40" [_thread_blocked, id=18584, stack(0x000000ba7a100000,0x000000ba7a200000)]
  0x0000029d29cac530 JavaThread "Unconstrained build operations Thread 41" [_thread_blocked, id=2732, stack(0x000000ba7a200000,0x000000ba7a300000)]
  0x0000029d29cb1630 JavaThread "Unconstrained build operations Thread 42" [_thread_blocked, id=1512, stack(0x000000ba7a300000,0x000000ba7a400000)]
  0x0000029d29caf2c0 JavaThread "Unconstrained build operations Thread 43" [_thread_blocked, id=8748, stack(0x000000ba7a400000,0x000000ba7a500000)]
  0x0000029d29cabb10 JavaThread "Unconstrained build operations Thread 44" [_thread_blocked, id=7380, stack(0x000000ba7a500000,0x000000ba7a600000)]
  0x0000029d29caa1c0 JavaThread "Unconstrained build operations Thread 45" [_thread_blocked, id=13600, stack(0x000000ba7a600000,0x000000ba7a700000)]
  0x0000029d29cac020 JavaThread "Unconstrained build operations Thread 46" [_thread_blocked, id=18104, stack(0x000000ba7a700000,0x000000ba7a800000)]
  0x0000029d29cb1b40 JavaThread "Unconstrained build operations Thread 47" [_thread_blocked, id=1440, stack(0x000000ba7a800000,0x000000ba7a900000)]
  0x0000029d29b174a0 JavaThread "Unconstrained build operations Thread 48" [_thread_blocked, id=3604, stack(0x000000ba7a900000,0x000000ba7aa00000)]
  0x0000029d29b19300 JavaThread "Unconstrained build operations Thread 49" [_thread_blocked, id=4396, stack(0x000000ba7aa00000,0x000000ba7ab00000)]
  0x0000029d29b16f90 JavaThread "Unconstrained build operations Thread 50" [_thread_blocked, id=6476, stack(0x000000ba7ab00000,0x000000ba7ac00000)]
  0x0000029d29b179b0 JavaThread "Unconstrained build operations Thread 51" [_thread_blocked, id=19388, stack(0x000000ba7ac00000,0x000000ba7ad00000)]
  0x0000029d29b19810 JavaThread "Unconstrained build operations Thread 52" [_thread_blocked, id=17224, stack(0x000000ba7ad00000,0x000000ba7ae00000)]
  0x0000029d29b188e0 JavaThread "Unconstrained build operations Thread 53" [_thread_blocked, id=10444, stack(0x000000ba7ae00000,0x000000ba7af00000)]
  0x0000029d29b16060 JavaThread "Unconstrained build operations Thread 54" [_thread_blocked, id=16284, stack(0x000000ba7af00000,0x000000ba7b000000)]
  0x0000029d29b17ec0 JavaThread "Unconstrained build operations Thread 55" [_thread_blocked, id=12012, stack(0x000000ba7b000000,0x000000ba7b100000)]
  0x0000029d29b183d0 JavaThread "Unconstrained build operations Thread 56" [_thread_blocked, id=3292, stack(0x000000ba7b100000,0x000000ba7b200000)]
  0x0000029d29b18df0 JavaThread "Unconstrained build operations Thread 57" [_thread_blocked, id=8600, stack(0x000000ba7b200000,0x000000ba7b300000)]
  0x0000029d29b16a80 JavaThread "Unconstrained build operations Thread 58" [_thread_blocked, id=18436, stack(0x000000ba7b300000,0x000000ba7b400000)]
  0x0000029d29b16570 JavaThread "Unconstrained build operations Thread 59" [_thread_blocked, id=8404, stack(0x000000ba7b400000,0x000000ba7b500000)]
  0x0000029d29c46070 JavaThread "Unconstrained build operations Thread 60" [_thread_blocked, id=15948, stack(0x000000ba7b500000,0x000000ba7b600000)]
  0x0000029d29c49d30 JavaThread "Unconstrained build operations Thread 61" [_thread_blocked, id=5308, stack(0x000000ba7b600000,0x000000ba7b700000)]
  0x0000029d29c474b0 JavaThread "Unconstrained build operations Thread 62" [_thread_blocked, id=16988, stack(0x000000ba7b700000,0x000000ba7b800000)]
  0x0000029d29c47ed0 JavaThread "Unconstrained build operations Thread 63" [_thread_blocked, id=13876, stack(0x000000ba7b800000,0x000000ba7b900000)]
  0x0000029d29c4b170 JavaThread "Unconstrained build operations Thread 64" [_thread_blocked, id=1588, stack(0x000000ba7b900000,0x000000ba7ba00000)]
  0x0000029d29c479c0 JavaThread "Unconstrained build operations Thread 65" [_thread_blocked, id=15628, stack(0x000000ba7ba00000,0x000000ba7bb00000)]
  0x0000029d29c483e0 JavaThread "Unconstrained build operations Thread 66" [_thread_blocked, id=18872, stack(0x000000ba7bb00000,0x000000ba7bc00000)]
  0x0000029d29c4bb90 JavaThread "Unconstrained build operations Thread 67" [_thread_blocked, id=16016, stack(0x000000ba7bc00000,0x000000ba7bd00000)]
  0x0000029d29c488f0 JavaThread "Unconstrained build operations Thread 68" [_thread_blocked, id=17036, stack(0x000000ba7bd00000,0x000000ba7be00000)]
  0x0000029d29c4c0a0 JavaThread "Unconstrained build operations Thread 69" [_thread_blocked, id=11868, stack(0x000000ba7be00000,0x000000ba7bf00000)]
  0x0000029d29c4d4e0 JavaThread "Unconstrained build operations Thread 70" [_thread_blocked, id=10908, stack(0x000000ba7bf00000,0x000000ba7c000000)]
  0x0000029d29c46a90 JavaThread "Unconstrained build operations Thread 71" [_thread_blocked, id=16980, stack(0x000000ba7c000000,0x000000ba7c100000)]
  0x0000029d29c4cfd0 JavaThread "Unconstrained build operations Thread 72" [_thread_blocked, id=1860, stack(0x000000ba7c100000,0x000000ba7c200000)]
  0x0000029d29c4d9f0 JavaThread "Unconstrained build operations Thread 73" [_thread_blocked, id=10416, stack(0x000000ba7c200000,0x000000ba7c300000)]
  0x0000029d29c46580 JavaThread "Unconstrained build operations Thread 74" [_thread_blocked, id=18212, stack(0x000000ba7c300000,0x000000ba7c400000)]
  0x0000029d29c48e00 JavaThread "Unconstrained build operations Thread 75" [_thread_blocked, id=11296, stack(0x000000ba7c400000,0x000000ba7c500000)]
  0x0000029d29c4c5b0 JavaThread "Unconstrained build operations Thread 76" [_thread_blocked, id=18472, stack(0x000000ba7c500000,0x000000ba7c600000)]
  0x0000029d29c4cac0 JavaThread "Unconstrained build operations Thread 77" [_thread_blocked, id=10036, stack(0x000000ba7c600000,0x000000ba7c700000)]
  0x0000029d29c4b680 JavaThread "Unconstrained build operations Thread 78" [_thread_blocked, id=14660, stack(0x000000ba7c700000,0x000000ba7c800000)]
  0x0000029d29c46fa0 JavaThread "Unconstrained build operations Thread 79" [_thread_blocked, id=7240, stack(0x000000ba7c800000,0x000000ba7c900000)]
  0x0000029d29c49310 JavaThread "Unconstrained build operations Thread 80" [_thread_blocked, id=19316, stack(0x000000ba7c900000,0x000000ba7ca00000)]
  0x0000029d29c49820 JavaThread "jar transforms Thread 5" [_thread_blocked, id=16728, stack(0x000000ba7ca00000,0x000000ba7cb00000)]
  0x0000029d29c4a240 JavaThread "jar transforms Thread 6" [_thread_blocked, id=15516, stack(0x000000ba7cb00000,0x000000ba7cc00000)]
  0x0000029d29c4a750 JavaThread "jar transforms Thread 7" [_thread_blocked, id=19332, stack(0x000000ba7cc00000,0x000000ba7cd00000)]
  0x0000029d29c4ac60 JavaThread "jar transforms Thread 8" [_thread_blocked, id=16000, stack(0x000000ba7cd00000,0x000000ba7ce00000)]
  0x0000029d2a1bb4e0 JavaThread "Cache worker for Build Output Cleanup Cache (F:\university_bus\android\.gradle\buildOutputCleanup)" [_thread_blocked, id=16836, stack(0x000000ba7ce00000,0x000000ba7cf00000)]
  0x0000029d2a1b8750 JavaThread "Cache worker for execution history cache (F:\university_bus\android\.gradle\7.6.3\executionHistory)" [_thread_blocked, id=17432, stack(0x000000ba7d100000,0x000000ba7d200000)]
  0x0000029d2a1bc920 JavaThread "Exec process" [_thread_blocked, id=11232, stack(0x000000ba7d200000,0x000000ba7d300000)]
  0x0000029d2a1b59c0 JavaThread "Exec process Thread 2" [_thread_blocked, id=10168, stack(0x000000ba7d300000,0x000000ba7d400000)]
  0x0000029d2a1b8c60 JavaThread "Exec process Thread 3" [_thread_blocked, id=18744, stack(0x000000ba7d400000,0x000000ba7d500000)]
  0x0000029d259d9ff0 JavaThread "C2 CompilerThread1" daemon [_thread_blocked, id=18900, stack(0x000000ba74a00000,0x000000ba74b00000)]
  0x0000029d259d8560 JavaThread "C2 CompilerThread2" daemon [_thread_blocked, id=15716, stack(0x000000ba77000000,0x000000ba77100000)]
  0x0000029d2a1b9b90 JavaThread "WorkerExecutor Queue" [_thread_blocked, id=15056, stack(0x000000ba7d500000,0x000000ba7d600000)]
  0x0000029d2a1ba0a0 JavaThread "WorkerExecutor Queue Thread 2" [_thread_blocked, id=6328, stack(0x000000ba7d600000,0x000000ba7d700000)]
  0x0000029d30371330 JavaThread "WorkerExecutor Queue Thread 3" [_thread_blocked, id=13908, stack(0x000000ba7d900000,0x000000ba7da00000)]
  0x0000029d3036e090 JavaThread "WorkerExecutor Queue Thread 4" [_thread_blocked, id=13532, stack(0x000000ba7da00000,0x000000ba7db00000)]
  0x0000029d3036b300 JavaThread "Thread-129" [_thread_in_native, id=15364, stack(0x000000ba7db00000,0x000000ba7dc00000)]

Other Threads:
=>0x0000029cdeec1cc0 VMThread "VM Thread" [stack: 0x000000ba73d00000,0x000000ba73e00000] [id=18036]
  0x0000029d2420bac0 WatcherThread [stack: 0x000000ba74900000,0x000000ba74a00000] [id=16840]
  0x0000029cbc125220 GCTaskThread "GC Thread#0" [stack: 0x000000ba73800000,0x000000ba73900000] [id=15404]
  0x0000029d2485ba30 GCTaskThread "GC Thread#1" [stack: 0x000000ba74b00000,0x000000ba74c00000] [id=18652]
  0x0000029d250a93a0 GCTaskThread "GC Thread#2" [stack: 0x000000ba74c00000,0x000000ba74d00000] [id=15860]
  0x0000029d24db84c0 GCTaskThread "GC Thread#3" [stack: 0x000000ba74d00000,0x000000ba74e00000] [id=17876]
  0x0000029d24fb1740 GCTaskThread "GC Thread#4" [stack: 0x000000ba74e00000,0x000000ba74f00000] [id=4264]
  0x0000029d27543d40 GCTaskThread "GC Thread#5" [stack: 0x000000ba74f00000,0x000000ba75000000] [id=10040]
  0x0000029d2534b380 GCTaskThread "GC Thread#6" [stack: 0x000000ba75d00000,0x000000ba75e00000] [id=14448]
  0x0000029d27867490 GCTaskThread "GC Thread#7" [stack: 0x000000ba75e00000,0x000000ba75f00000] [id=19440]
  0x0000029cbc137090 ConcurrentGCThread "G1 Main Marker" [stack: 0x000000ba73900000,0x000000ba73a00000] [id=17088]
  0x0000029cbc1379b0 ConcurrentGCThread "G1 Conc#0" [stack: 0x000000ba73a00000,0x000000ba73b00000] [id=16012]
  0x0000029d26b7dc70 ConcurrentGCThread "G1 Conc#1" [stack: 0x000000ba76700000,0x000000ba76800000] [id=15224]
  0x0000029cbc177cc0 ConcurrentGCThread "G1 Refine#0" [stack: 0x000000ba73b00000,0x000000ba73c00000] [id=2636]
  0x0000029d2ab4ffe0 ConcurrentGCThread "G1 Refine#1" [stack: 0x000000ba7d000000,0x000000ba7d100000] [id=19032]
  0x0000029d32244aa0 ConcurrentGCThread "G1 Refine#2" [stack: 0x000000ba7dc00000,0x000000ba7dd00000] [id=2760]
  0x0000029d33bbaf40 ConcurrentGCThread "G1 Refine#3" [stack: 0x000000ba7dd00000,0x000000ba7de00000] [id=6460]
  0x0000029cbc178600 ConcurrentGCThread "G1 Service" [stack: 0x000000ba73c00000,0x000000ba73d00000] [id=2496]

Threads with active compile tasks:
C2 CompilerThread0    38527 22417 %     4       com.android.tools.r8.internal.Pa::a @ 3209 (4413 bytes)
C1 CompilerThread0    38527 25143 %     3       com.android.tools.r8.internal.Ib::m @ 66 (1053 bytes)
C2 CompilerThread1    38527 25081   !   4       com.android.tools.r8.internal.ta::b (116 bytes)
C2 CompilerThread2    38527 25080       4       com.android.tools.r8.internal.B6::size (48 bytes)

VM state: at safepoint (normal execution)

VM Mutex/Monitor currently owned by a thread:  ([mutex/lock_event])
[0x0000029cbc0b5b10] Threads_lock - owner thread: 0x0000029cdeec1cc0
[0x0000029cbc0b4d00] Heap_lock - owner thread: 0x0000029d29caa1c0

Heap address: 0x0000000700000000, size: 4096 MB, Compressed Oops mode: Zero based, Oop shift amount: 3

CDS archive(s) mapped at: [0x0000029cdf000000-0x0000029cdfbd0000-0x0000029cdfbd0000), size 12386304, SharedBaseAddress: 0x0000029cdf000000, ArchiveRelocationMode: 1.
Compressed class space mapped at: 0x0000029ce0000000-0x0000029d20000000, reserved size: 1073741824
Narrow klass base: 0x0000029cdf000000, Narrow klass shift: 0, Narrow klass range: 0x100000000

GC Precious Log:
 CPUs: 8 total, 8 available
 Memory: 7932M
 Large Page Support: Disabled
 NUMA Support: Disabled
 Compressed Oops: Enabled (Zero based)
 Heap Region Size: 2M
 Heap Min Capacity: 8M
 Heap Initial Capacity: 124M
 Heap Max Capacity: 4G
 Pre-touch: Disabled
 Parallel Workers: 8
 Concurrent Workers: 2
 Concurrent Refinement Workers: 8
 Periodic GC: Disabled

Heap:
 garbage-first heap   total 901120K, used 481932K [0x0000000700000000, 0x0000000800000000)
  region size 2048K, 3 young (6144K), 3 survivors (6144K)
 Metaspace       used 126744K, committed 128768K, reserved 1179648K
  class space    used 17543K, committed 18432K, reserved 1048576K

Heap Regions: E=young(eden), S=young(survivor), O=old, HS=humongous(starts), HC=humongous(continues), CS=collection set, F=free, OA=open archive, CA=closed archive, TAMS=top-at-mark-start (previous, next)
|   0|0x0000000700000000, 0x0000000700200000, 0x0000000700200000|100%|HS|  |TAMS 0x0000000700200000, 0x0000000700000000| Complete 
|   1|0x0000000700200000, 0x0000000700400000, 0x0000000700400000|100%|HC|  |TAMS 0x0000000700400000, 0x0000000700200000| Complete 
|   2|0x0000000700400000, 0x0000000700600000, 0x0000000700600000|100%| O|  |TAMS 0x0000000700600000, 0x0000000700400000| Untracked 
|   3|0x0000000700600000, 0x0000000700800000, 0x0000000700800000|100%| O|  |TAMS 0x0000000700800000, 0x0000000700600000| Untracked 
|   4|0x0000000700800000, 0x0000000700a00000, 0x0000000700a00000|100%| O|  |TAMS 0x0000000700a00000, 0x0000000700800000| Untracked 
|   5|0x0000000700a00000, 0x0000000700c00000, 0x0000000700c00000|100%| O|  |TAMS 0x0000000700c00000, 0x0000000700a00000| Untracked 
|   6|0x0000000700c00000, 0x0000000700e00000, 0x0000000700e00000|100%| O|  |TAMS 0x0000000700e00000, 0x0000000700c00000| Untracked 
|   7|0x0000000700e00000, 0x0000000701000000, 0x0000000701000000|100%| O|  |TAMS 0x0000000701000000, 0x0000000700e00000| Untracked 
|   8|0x0000000701000000, 0x0000000701200000, 0x0000000701200000|100%| O|  |TAMS 0x0000000701200000, 0x0000000701000000| Untracked 
|   9|0x0000000701200000, 0x0000000701400000, 0x0000000701400000|100%| O|  |TAMS 0x0000000701400000, 0x0000000701200000| Untracked 
|  10|0x0000000701400000, 0x0000000701600000, 0x0000000701600000|100%| O|  |TAMS 0x0000000701600000, 0x0000000701400000| Untracked 
|  11|0x0000000701600000, 0x0000000701800000, 0x0000000701800000|100%| O|  |TAMS 0x0000000701800000, 0x0000000701600000| Untracked 
|  12|0x0000000701800000, 0x0000000701a00000, 0x0000000701a00000|100%| O|  |TAMS 0x0000000701a00000, 0x0000000701800000| Untracked 
|  13|0x0000000701a00000, 0x0000000701c00000, 0x0000000701c00000|100%| O|  |TAMS 0x0000000701c00000, 0x0000000701a00000| Untracked 
|  14|0x0000000701c00000, 0x0000000701e00000, 0x0000000701e00000|100%| O|  |TAMS 0x0000000701e00000, 0x0000000701c00000| Untracked 
|  15|0x0000000701e00000, 0x0000000702000000, 0x0000000702000000|100%| O|  |TAMS 0x0000000702000000, 0x0000000701e00000| Untracked 
|  16|0x0000000702000000, 0x0000000702200000, 0x0000000702200000|100%| O|  |TAMS 0x0000000702200000, 0x0000000702000000| Untracked 
|  17|0x0000000702200000, 0x0000000702400000, 0x0000000702400000|100%|HS|  |TAMS 0x0000000702400000, 0x0000000702200000| Complete 
|  18|0x0000000702400000, 0x0000000702600000, 0x0000000702600000|100%|HC|  |TAMS 0x0000000702600000, 0x0000000702400000| Complete 
|  19|0x0000000702600000, 0x0000000702800000, 0x0000000702800000|100%|HS|  |TAMS 0x0000000702800000, 0x0000000702600000| Complete 
|  20|0x0000000702800000, 0x0000000702a00000, 0x0000000702a00000|100%| O|  |TAMS 0x0000000702a00000, 0x0000000702800000| Untracked 
|  21|0x0000000702a00000, 0x0000000702c00000, 0x0000000702c00000|100%| O|  |TAMS 0x0000000702c00000, 0x0000000702a00000| Untracked 
|  22|0x0000000702c00000, 0x0000000702e00000, 0x0000000702e00000|100%| O|  |TAMS 0x0000000702e00000, 0x0000000702c00000| Untracked 
|  23|0x0000000702e00000, 0x0000000703000000, 0x0000000703000000|100%| O|  |TAMS 0x0000000703000000, 0x0000000702e00000| Untracked 
|  24|0x0000000703000000, 0x0000000703200000, 0x0000000703200000|100%| O|  |TAMS 0x0000000703200000, 0x0000000703000000| Untracked 
|  25|0x0000000703200000, 0x0000000703400000, 0x0000000703400000|100%| O|  |TAMS 0x0000000703400000, 0x0000000703200000| Untracked 
|  26|0x0000000703400000, 0x0000000703600000, 0x0000000703600000|100%| O|  |TAMS 0x0000000703600000, 0x0000000703400000| Untracked 
|  27|0x0000000703600000, 0x0000000703800000, 0x0000000703800000|100%| O|  |TAMS 0x0000000703800000, 0x0000000703600000| Untracked 
|  28|0x0000000703800000, 0x0000000703a00000, 0x0000000703a00000|100%| O|  |TAMS 0x0000000703a00000, 0x0000000703800000| Untracked 
|  29|0x0000000703a00000, 0x0000000703c00000, 0x0000000703c00000|100%| O|  |TAMS 0x0000000703c00000, 0x0000000703a00000| Untracked 
|  30|0x0000000703c00000, 0x0000000703e00000, 0x0000000703e00000|100%| O|  |TAMS 0x0000000703e00000, 0x0000000703c00000| Untracked 
|  31|0x0000000703e00000, 0x0000000704000000, 0x0000000704000000|100%| O|  |TAMS 0x0000000704000000, 0x0000000703e00000| Untracked 
|  32|0x0000000704000000, 0x0000000704200000, 0x0000000704200000|100%| O|  |TAMS 0x0000000704200000, 0x0000000704000000| Untracked 
|  33|0x0000000704200000, 0x0000000704400000, 0x0000000704400000|100%| O|  |TAMS 0x0000000704400000, 0x0000000704200000| Untracked 
|  34|0x0000000704400000, 0x0000000704600000, 0x0000000704600000|100%| O|  |TAMS 0x0000000704600000, 0x0000000704400000| Untracked 
|  35|0x0000000704600000, 0x0000000704800000, 0x0000000704800000|100%| O|  |TAMS 0x0000000704800000, 0x0000000704600000| Untracked 
|  36|0x0000000704800000, 0x0000000704a00000, 0x0000000704a00000|100%| O|  |TAMS 0x0000000704a00000, 0x0000000704800000| Untracked 
|  37|0x0000000704a00000, 0x0000000704c00000, 0x0000000704c00000|100%| O|  |TAMS 0x0000000704c00000, 0x0000000704a00000| Untracked 
|  38|0x0000000704c00000, 0x0000000704e00000, 0x0000000704e00000|100%| O|  |TAMS 0x0000000704e00000, 0x0000000704c00000| Untracked 
|  39|0x0000000704e00000, 0x0000000704e00000, 0x0000000705000000|  0%| F|  |TAMS 0x0000000704e00000, 0x0000000704e00000| Untracked 
|  40|0x0000000705000000, 0x0000000705200000, 0x0000000705200000|100%| O|  |TAMS 0x0000000705200000, 0x0000000705000000| Untracked 
|  41|0x0000000705200000, 0x0000000705400000, 0x0000000705400000|100%| O|  |TAMS 0x0000000705400000, 0x0000000705200000| Untracked 
|  42|0x0000000705400000, 0x0000000705600000, 0x0000000705600000|100%| O|  |TAMS 0x0000000705600000, 0x0000000705400000| Untracked 
|  43|0x0000000705600000, 0x0000000705800000, 0x0000000705800000|100%| O|  |TAMS 0x0000000705800000, 0x0000000705600000| Untracked 
|  44|0x0000000705800000, 0x0000000705a00000, 0x0000000705a00000|100%| O|  |TAMS 0x0000000705a00000, 0x0000000705800000| Untracked 
|  45|0x0000000705a00000, 0x0000000705c00000, 0x0000000705c00000|100%| O|  |TAMS 0x0000000705c00000, 0x0000000705a00000| Untracked 
|  46|0x0000000705c00000, 0x0000000705e00000, 0x0000000705e00000|100%| O|  |TAMS 0x0000000705e00000, 0x0000000705c00000| Untracked 
|  47|0x0000000705e00000, 0x0000000706000000, 0x0000000706000000|100%| O|  |TAMS 0x0000000706000000, 0x0000000705e00000| Untracked 
|  48|0x0000000706000000, 0x0000000706200000, 0x0000000706200000|100%| O|  |TAMS 0x0000000706200000, 0x0000000706000000| Untracked 
|  49|0x0000000706200000, 0x0000000706400000, 0x0000000706400000|100%| O|  |TAMS 0x0000000706400000, 0x0000000706200000| Untracked 
|  50|0x0000000706400000, 0x0000000706600000, 0x0000000706600000|100%| O|  |TAMS 0x0000000706600000, 0x0000000706400000| Untracked 
|  51|0x0000000706600000, 0x0000000706800000, 0x0000000706800000|100%| O|  |TAMS 0x0000000706800000, 0x0000000706600000| Untracked 
|  52|0x0000000706800000, 0x0000000706a00000, 0x0000000706a00000|100%| O|  |TAMS 0x0000000706a00000, 0x0000000706800000| Untracked 
|  53|0x0000000706a00000, 0x0000000706c00000, 0x0000000706c00000|100%| O|  |TAMS 0x0000000706c00000, 0x0000000706a00000| Untracked 
|  54|0x0000000706c00000, 0x0000000706e00000, 0x0000000706e00000|100%| O|  |TAMS 0x0000000706e00000, 0x0000000706c00000| Untracked 
|  55|0x0000000706e00000, 0x0000000707000000, 0x0000000707000000|100%| O|  |TAMS 0x0000000707000000, 0x0000000706e00000| Untracked 
|  56|0x0000000707000000, 0x0000000707200000, 0x0000000707200000|100%| O|  |TAMS 0x0000000707200000, 0x0000000707000000| Untracked 
|  57|0x0000000707200000, 0x0000000707400000, 0x0000000707400000|100%| O|  |TAMS 0x0000000707400000, 0x0000000707200000| Untracked 
|  58|0x0000000707400000, 0x0000000707600000, 0x0000000707600000|100%| O|  |TAMS 0x0000000707600000, 0x0000000707400000| Untracked 
|  59|0x0000000707600000, 0x0000000707800000, 0x0000000707800000|100%| O|  |TAMS 0x0000000707800000, 0x0000000707600000| Untracked 
|  60|0x0000000707800000, 0x0000000707a00000, 0x0000000707a00000|100%| O|  |TAMS 0x0000000707a00000, 0x0000000707800000| Untracked 
|  61|0x0000000707a00000, 0x0000000707c00000, 0x0000000707c00000|100%|HS|  |TAMS 0x0000000707c00000, 0x0000000707a00000| Complete 
|  62|0x0000000707c00000, 0x0000000707e00000, 0x0000000707e00000|100%|HS|  |TAMS 0x0000000707e00000, 0x0000000707c00000| Complete 
|  63|0x0000000707e00000, 0x0000000708000000, 0x0000000708000000|100%| O|  |TAMS 0x0000000708000000, 0x0000000707e00000| Untracked 
|  64|0x0000000708000000, 0x0000000708200000, 0x0000000708200000|100%| O|  |TAMS 0x0000000708200000, 0x0000000708000000| Untracked 
|  65|0x0000000708200000, 0x0000000708400000, 0x0000000708400000|100%| O|  |TAMS 0x0000000708400000, 0x0000000708200000| Untracked 
|  66|0x0000000708400000, 0x0000000708600000, 0x0000000708600000|100%| O|  |TAMS 0x0000000708600000, 0x0000000708400000| Untracked 
|  67|0x0000000708600000, 0x0000000708800000, 0x0000000708800000|100%| O|  |TAMS 0x0000000708800000, 0x0000000708600000| Untracked 
|  68|0x0000000708800000, 0x0000000708a00000, 0x0000000708a00000|100%| O|  |TAMS 0x0000000708a00000, 0x0000000708800000| Untracked 
|  69|0x0000000708a00000, 0x0000000708c00000, 0x0000000708c00000|100%| O|  |TAMS 0x0000000708c00000, 0x0000000708a00000| Untracked 
|  70|0x0000000708c00000, 0x0000000708e00000, 0x0000000708e00000|100%| O|  |TAMS 0x0000000708e00000, 0x0000000708c00000| Untracked 
|  71|0x0000000708e00000, 0x0000000709000000, 0x0000000709000000|100%| O|  |TAMS 0x0000000709000000, 0x0000000708e00000| Untracked 
|  72|0x0000000709000000, 0x0000000709200000, 0x0000000709200000|100%| O|  |TAMS 0x0000000709200000, 0x0000000709000000| Untracked 
|  73|0x0000000709200000, 0x0000000709400000, 0x0000000709400000|100%| O|  |TAMS 0x0000000709400000, 0x0000000709200000| Untracked 
|  74|0x0000000709400000, 0x0000000709600000, 0x0000000709600000|100%| O|  |TAMS 0x0000000709600000, 0x0000000709400000| Untracked 
|  75|0x0000000709600000, 0x0000000709800000, 0x0000000709800000|100%| O|  |TAMS 0x0000000709800000, 0x0000000709600000| Untracked 
|  76|0x0000000709800000, 0x0000000709a00000, 0x0000000709a00000|100%| O|  |TAMS 0x0000000709a00000, 0x0000000709800000| Untracked 
|  77|0x0000000709a00000, 0x0000000709c00000, 0x0000000709c00000|100%| O|  |TAMS 0x0000000709c00000, 0x0000000709a00000| Untracked 
|  78|0x0000000709c00000, 0x0000000709e00000, 0x0000000709e00000|100%| O|  |TAMS 0x0000000709e00000, 0x0000000709c00000| Untracked 
|  79|0x0000000709e00000, 0x000000070a000000, 0x000000070a000000|100%| O|  |TAMS 0x000000070a000000, 0x0000000709e00000| Untracked 
|  80|0x000000070a000000, 0x000000070a200000, 0x000000070a200000|100%| O|  |TAMS 0x000000070a200000, 0x000000070a000000| Untracked 
|  81|0x000000070a200000, 0x000000070a400000, 0x000000070a400000|100%| O|  |TAMS 0x000000070a400000, 0x000000070a200000| Untracked 
|  82|0x000000070a400000, 0x000000070a600000, 0x000000070a600000|100%| O|  |TAMS 0x000000070a600000, 0x000000070a400000| Untracked 
|  83|0x000000070a600000, 0x000000070a800000, 0x000000070a800000|100%| O|  |TAMS 0x000000070a800000, 0x000000070a600000| Untracked 
|  84|0x000000070a800000, 0x000000070aa00000, 0x000000070aa00000|100%| O|  |TAMS 0x000000070aa00000, 0x000000070a800000| Untracked 
|  85|0x000000070aa00000, 0x000000070ac00000, 0x000000070ac00000|100%| O|  |TAMS 0x000000070ac00000, 0x000000070aa00000| Untracked 
|  86|0x000000070ac00000, 0x000000070ae00000, 0x000000070ae00000|100%| O|  |TAMS 0x000000070ae00000, 0x000000070ac00000| Untracked 
|  87|0x000000070ae00000, 0x000000070b000000, 0x000000070b000000|100%| O|  |TAMS 0x000000070b000000, 0x000000070ae00000| Untracked 
|  88|0x000000070b000000, 0x000000070b200000, 0x000000070b200000|100%| O|  |TAMS 0x000000070b200000, 0x000000070b000000| Untracked 
|  89|0x000000070b200000, 0x000000070b400000, 0x000000070b400000|100%| O|  |TAMS 0x000000070b400000, 0x000000070b200000| Untracked 
|  90|0x000000070b400000, 0x000000070b600000, 0x000000070b600000|100%| O|  |TAMS 0x000000070b600000, 0x000000070b400000| Untracked 
|  91|0x000000070b600000, 0x000000070b800000, 0x000000070b800000|100%| O|  |TAMS 0x000000070b800000, 0x000000070b600000| Untracked 
|  92|0x000000070b800000, 0x000000070ba00000, 0x000000070ba00000|100%| O|  |TAMS 0x000000070ba00000, 0x000000070b800000| Untracked 
|  93|0x000000070ba00000, 0x000000070bc00000, 0x000000070bc00000|100%| O|  |TAMS 0x000000070bc00000, 0x000000070ba00000| Untracked 
|  94|0x000000070bc00000, 0x000000070be00000, 0x000000070be00000|100%| O|  |TAMS 0x000000070be00000, 0x000000070bc00000| Untracked 
|  95|0x000000070be00000, 0x000000070c000000, 0x000000070c000000|100%| O|  |TAMS 0x000000070c000000, 0x000000070be00000| Untracked 
|  96|0x000000070c000000, 0x000000070c200000, 0x000000070c200000|100%| O|  |TAMS 0x000000070c200000, 0x000000070c000000| Untracked 
|  97|0x000000070c200000, 0x000000070c200000, 0x000000070c400000|  0%| F|  |TAMS 0x000000070c200000, 0x000000070c200000| Untracked 
|  98|0x000000070c400000, 0x000000070c600000, 0x000000070c600000|100%| O|  |TAMS 0x000000070c600000, 0x000000070c400000| Untracked 
|  99|0x000000070c600000, 0x000000070c800000, 0x000000070c800000|100%| O|  |TAMS 0x000000070c800000, 0x000000070c600000| Untracked 
| 100|0x000000070c800000, 0x000000070ca00000, 0x000000070ca00000|100%| O|  |TAMS 0x000000070ca00000, 0x000000070c800000| Untracked 
| 101|0x000000070ca00000, 0x000000070cc00000, 0x000000070cc00000|100%| O|  |TAMS 0x000000070cc00000, 0x000000070ca00000| Untracked 
| 102|0x000000070cc00000, 0x000000070ce00000, 0x000000070ce00000|100%| O|  |TAMS 0x000000070ce00000, 0x000000070cc00000| Untracked 
| 103|0x000000070ce00000, 0x000000070d000000, 0x000000070d000000|100%| O|  |TAMS 0x000000070d000000, 0x000000070ce00000| Untracked 
| 104|0x000000070d000000, 0x000000070d200000, 0x000000070d200000|100%| O|  |TAMS 0x000000070d200000, 0x000000070d000000| Untracked 
| 105|0x000000070d200000, 0x000000070d400000, 0x000000070d400000|100%| O|  |TAMS 0x000000070d400000, 0x000000070d200000| Untracked 
| 106|0x000000070d400000, 0x000000070d600000, 0x000000070d600000|100%| O|  |TAMS 0x000000070d600000, 0x000000070d400000| Untracked 
| 107|0x000000070d600000, 0x000000070d800000, 0x000000070d800000|100%| O|  |TAMS 0x000000070d800000, 0x000000070d600000| Untracked 
| 108|0x000000070d800000, 0x000000070da00000, 0x000000070da00000|100%| O|  |TAMS 0x000000070da00000, 0x000000070d800000| Untracked 
| 109|0x000000070da00000, 0x000000070dc00000, 0x000000070dc00000|100%| O|  |TAMS 0x000000070dc00000, 0x000000070da00000| Untracked 
| 110|0x000000070dc00000, 0x000000070de00000, 0x000000070de00000|100%| O|  |TAMS 0x000000070de00000, 0x000000070dc00000| Untracked 
| 111|0x000000070de00000, 0x000000070e000000, 0x000000070e000000|100%| O|  |TAMS 0x000000070e000000, 0x000000070de00000| Untracked 
| 112|0x000000070e000000, 0x000000070e200000, 0x000000070e200000|100%| O|  |TAMS 0x000000070e200000, 0x000000070e000000| Untracked 
| 113|0x000000070e200000, 0x000000070e400000, 0x000000070e400000|100%| O|  |TAMS 0x000000070e400000, 0x000000070e200000| Untracked 
| 114|0x000000070e400000, 0x000000070e600000, 0x000000070e600000|100%| O|  |TAMS 0x000000070e600000, 0x000000070e400000| Untracked 
| 115|0x000000070e600000, 0x000000070e800000, 0x000000070e800000|100%| O|  |TAMS 0x000000070e800000, 0x000000070e600000| Untracked 
| 116|0x000000070e800000, 0x000000070ea00000, 0x000000070ea00000|100%| O|  |TAMS 0x000000070ea00000, 0x000000070e800000| Untracked 
| 117|0x000000070ea00000, 0x000000070ec00000, 0x000000070ec00000|100%| O|  |TAMS 0x000000070ec00000, 0x000000070ea00000| Untracked 
| 118|0x000000070ec00000, 0x000000070ee00000, 0x000000070ee00000|100%| O|  |TAMS 0x000000070ee00000, 0x000000070ec00000| Untracked 
| 119|0x000000070ee00000, 0x000000070f000000, 0x000000070f000000|100%| O|  |TAMS 0x000000070f000000, 0x000000070ee00000| Untracked 
| 120|0x000000070f000000, 0x000000070f000000, 0x000000070f200000|  0%| F|  |TAMS 0x000000070f000000, 0x000000070f000000| Untracked 
| 121|0x000000070f200000, 0x000000070f200000, 0x000000070f400000|  0%| F|  |TAMS 0x000000070f200000, 0x000000070f200000| Untracked 
| 122|0x000000070f400000, 0x000000070f600000, 0x000000070f600000|100%| O|  |TAMS 0x000000070f600000, 0x000000070f400000| Untracked 
| 123|0x000000070f600000, 0x000000070f800000, 0x000000070f800000|100%| O|  |TAMS 0x000000070f800000, 0x000000070f600000| Untracked 
| 124|0x000000070f800000, 0x000000070fa00000, 0x000000070fa00000|100%| O|  |TAMS 0x000000070fa00000, 0x000000070f800000| Untracked 
| 125|0x000000070fa00000, 0x000000070fc00000, 0x000000070fc00000|100%| O|  |TAMS 0x000000070fc00000, 0x000000070fa00000| Untracked 
| 126|0x000000070fc00000, 0x000000070fe00000, 0x000000070fe00000|100%| O|  |TAMS 0x000000070fe00000, 0x000000070fc00000| Untracked 
| 127|0x000000070fe00000, 0x0000000710000000, 0x0000000710000000|100%| O|  |TAMS 0x0000000710000000, 0x000000070fe00000| Untracked 
| 128|0x0000000710000000, 0x0000000710200000, 0x0000000710200000|100%| O|  |TAMS 0x0000000710200000, 0x0000000710000000| Untracked 
| 129|0x0000000710200000, 0x0000000710400000, 0x0000000710400000|100%| O|  |TAMS 0x0000000710400000, 0x0000000710200000| Untracked 
| 130|0x0000000710400000, 0x0000000710600000, 0x0000000710600000|100%| O|  |TAMS 0x0000000710600000, 0x0000000710400000| Untracked 
| 131|0x0000000710600000, 0x0000000710800000, 0x0000000710800000|100%| O|  |TAMS 0x0000000710800000, 0x0000000710600000| Untracked 
| 132|0x0000000710800000, 0x0000000710a00000, 0x0000000710a00000|100%| O|  |TAMS 0x0000000710a00000, 0x0000000710800000| Untracked 
| 133|0x0000000710a00000, 0x0000000710c00000, 0x0000000710c00000|100%| O|  |TAMS 0x0000000710c00000, 0x0000000710a00000| Untracked 
| 134|0x0000000710c00000, 0x0000000710e00000, 0x0000000710e00000|100%| O|  |TAMS 0x0000000710e00000, 0x0000000710c00000| Untracked 
| 135|0x0000000710e00000, 0x0000000711000000, 0x0000000711000000|100%| O|  |TAMS 0x0000000711000000, 0x0000000710e00000| Untracked 
| 136|0x0000000711000000, 0x0000000711200000, 0x0000000711200000|100%| O|  |TAMS 0x0000000711200000, 0x0000000711000000| Untracked 
| 137|0x0000000711200000, 0x0000000711400000, 0x0000000711400000|100%| O|  |TAMS 0x0000000711400000, 0x0000000711200000| Untracked 
| 138|0x0000000711400000, 0x0000000711600000, 0x0000000711600000|100%| O|  |TAMS 0x0000000711600000, 0x0000000711400000| Untracked 
| 139|0x0000000711600000, 0x0000000711800000, 0x0000000711800000|100%|HS|  |TAMS 0x0000000711800000, 0x0000000711600000| Complete 
| 140|0x0000000711800000, 0x0000000711a00000, 0x0000000711a00000|100%|HC|  |TAMS 0x0000000711a00000, 0x0000000711800000| Complete 
| 141|0x0000000711a00000, 0x0000000711c00000, 0x0000000711c00000|100%|HC|  |TAMS 0x0000000711c00000, 0x0000000711a00000| Complete 
| 142|0x0000000711c00000, 0x0000000711e00000, 0x0000000711e00000|100%|HC|  |TAMS 0x0000000711e00000, 0x0000000711c00000| Complete 
| 143|0x0000000711e00000, 0x0000000712000000, 0x0000000712000000|100%|HC|  |TAMS 0x0000000712000000, 0x0000000711e00000| Complete 
| 144|0x0000000712000000, 0x0000000712200000, 0x0000000712200000|100%|HC|  |TAMS 0x0000000712200000, 0x0000000712000000| Complete 
| 145|0x0000000712200000, 0x0000000712400000, 0x0000000712400000|100%|HC|  |TAMS 0x0000000712400000, 0x0000000712200000| Complete 
| 146|0x0000000712400000, 0x0000000712600000, 0x0000000712600000|100%|HC|  |TAMS 0x0000000712600000, 0x0000000712400000| Complete 
| 147|0x0000000712600000, 0x0000000712800000, 0x0000000712800000|100%|HC|  |TAMS 0x0000000712800000, 0x0000000712600000| Complete 
| 148|0x0000000712800000, 0x0000000712a00000, 0x0000000712a00000|100%|HC|  |TAMS 0x0000000712a00000, 0x0000000712800000| Complete 
| 149|0x0000000712a00000, 0x0000000712c00000, 0x0000000712c00000|100%|HC|  |TAMS 0x0000000712c00000, 0x0000000712a00000| Complete 
| 150|0x0000000712c00000, 0x0000000712e00000, 0x0000000712e00000|100%|HC|  |TAMS 0x0000000712e00000, 0x0000000712c00000| Complete 
| 151|0x0000000712e00000, 0x0000000713000000, 0x0000000713000000|100%|HC|  |TAMS 0x0000000713000000, 0x0000000712e00000| Complete 
| 152|0x0000000713000000, 0x0000000713200000, 0x0000000713200000|100%|HC|  |TAMS 0x0000000713200000, 0x0000000713000000| Complete 
| 153|0x0000000713200000, 0x0000000713400000, 0x0000000713400000|100%|HC|  |TAMS 0x0000000713400000, 0x0000000713200000| Complete 
| 154|0x0000000713400000, 0x0000000713600000, 0x0000000713600000|100%|HC|  |TAMS 0x0000000713600000, 0x0000000713400000| Complete 
| 155|0x0000000713600000, 0x0000000713800000, 0x0000000713800000|100%|HC|  |TAMS 0x0000000713800000, 0x0000000713600000| Complete 
| 156|0x0000000713800000, 0x0000000713a00000, 0x0000000713a00000|100%|HC|  |TAMS 0x0000000713a00000, 0x0000000713800000| Complete 
| 157|0x0000000713a00000, 0x0000000713c00000, 0x0000000713c00000|100%|HC|  |TAMS 0x0000000713c00000, 0x0000000713a00000| Complete 
| 158|0x0000000713c00000, 0x0000000713e00000, 0x0000000713e00000|100%|HC|  |TAMS 0x0000000713e00000, 0x0000000713c00000| Complete 
| 159|0x0000000713e00000, 0x0000000714000000, 0x0000000714000000|100%|HC|  |TAMS 0x0000000714000000, 0x0000000713e00000| Complete 
| 160|0x0000000714000000, 0x0000000714200000, 0x0000000714200000|100%|HC|  |TAMS 0x0000000714200000, 0x0000000714000000| Complete 
| 161|0x0000000714200000, 0x0000000714400000, 0x0000000714400000|100%|HC|  |TAMS 0x0000000714400000, 0x0000000714200000| Complete 
| 162|0x0000000714400000, 0x0000000714600000, 0x0000000714600000|100%|HC|  |TAMS 0x0000000714600000, 0x0000000714400000| Complete 
| 163|0x0000000714600000, 0x0000000714800000, 0x0000000714800000|100%|HC|  |TAMS 0x0000000714800000, 0x0000000714600000| Complete 
| 164|0x0000000714800000, 0x0000000714a00000, 0x0000000714a00000|100%|HC|  |TAMS 0x0000000714a00000, 0x0000000714800000| Complete 
| 165|0x0000000714a00000, 0x0000000714c00000, 0x0000000714c00000|100%|HC|  |TAMS 0x0000000714c00000, 0x0000000714a00000| Complete 
| 166|0x0000000714c00000, 0x0000000714e00000, 0x0000000714e00000|100%|HS|  |TAMS 0x0000000714e00000, 0x0000000714c00000| Complete 
| 167|0x0000000714e00000, 0x0000000715000000, 0x0000000715000000|100%|HC|  |TAMS 0x0000000715000000, 0x0000000714e00000| Complete 
| 168|0x0000000715000000, 0x0000000715200000, 0x0000000715200000|100%|HC|  |TAMS 0x0000000715200000, 0x0000000715000000| Complete 
| 169|0x0000000715200000, 0x0000000715400000, 0x0000000715400000|100%|HC|  |TAMS 0x0000000715400000, 0x0000000715200000| Complete 
| 170|0x0000000715400000, 0x0000000715600000, 0x0000000715600000|100%|HC|  |TAMS 0x0000000715600000, 0x0000000715400000| Complete 
| 171|0x0000000715600000, 0x0000000715800000, 0x0000000715800000|100%|HC|  |TAMS 0x0000000715800000, 0x0000000715600000| Complete 
| 172|0x0000000715800000, 0x0000000715a00000, 0x0000000715a00000|100%|HC|  |TAMS 0x0000000715a00000, 0x0000000715800000| Complete 
| 173|0x0000000715a00000, 0x0000000715c00000, 0x0000000715c00000|100%|HC|  |TAMS 0x0000000715c00000, 0x0000000715a00000| Complete 
| 174|0x0000000715c00000, 0x0000000715e00000, 0x0000000715e00000|100%|HC|  |TAMS 0x0000000715e00000, 0x0000000715c00000| Complete 
| 175|0x0000000715e00000, 0x0000000716000000, 0x0000000716000000|100%|HC|  |TAMS 0x0000000716000000, 0x0000000715e00000| Complete 
| 176|0x0000000716000000, 0x0000000716200000, 0x0000000716200000|100%|HC|  |TAMS 0x0000000716200000, 0x0000000716000000| Complete 
| 177|0x0000000716200000, 0x0000000716400000, 0x0000000716400000|100%|HC|  |TAMS 0x0000000716400000, 0x0000000716200000| Complete 
| 178|0x0000000716400000, 0x0000000716600000, 0x0000000716600000|100%|HC|  |TAMS 0x0000000716600000, 0x0000000716400000| Complete 
| 179|0x0000000716600000, 0x0000000716800000, 0x0000000716800000|100%|HC|  |TAMS 0x0000000716800000, 0x0000000716600000| Complete 
| 180|0x0000000716800000, 0x0000000716a00000, 0x0000000716a00000|100%|HC|  |TAMS 0x0000000716a00000, 0x0000000716800000| Complete 
| 181|0x0000000716a00000, 0x0000000716c00000, 0x0000000716c00000|100%|HC|  |TAMS 0x0000000716c00000, 0x0000000716a00000| Complete 
| 182|0x0000000716c00000, 0x0000000716e00000, 0x0000000716e00000|100%|HC|  |TAMS 0x0000000716e00000, 0x0000000716c00000| Complete 
| 183|0x0000000716e00000, 0x0000000717000000, 0x0000000717000000|100%|HC|  |TAMS 0x0000000717000000, 0x0000000716e00000| Complete 
| 184|0x0000000717000000, 0x0000000717200000, 0x0000000717200000|100%|HC|  |TAMS 0x0000000717200000, 0x0000000717000000| Complete 
| 185|0x0000000717200000, 0x0000000717400000, 0x0000000717400000|100%|HC|  |TAMS 0x0000000717400000, 0x0000000717200000| Complete 
| 186|0x0000000717400000, 0x0000000717600000, 0x0000000717600000|100%|HC|  |TAMS 0x0000000717600000, 0x0000000717400000| Complete 
| 187|0x0000000717600000, 0x0000000717800000, 0x0000000717800000|100%|HC|  |TAMS 0x0000000717800000, 0x0000000717600000| Complete 
| 188|0x0000000717800000, 0x0000000717a00000, 0x0000000717a00000|100%|HC|  |TAMS 0x0000000717a00000, 0x0000000717800000| Complete 
| 189|0x0000000717a00000, 0x0000000717c00000, 0x0000000717c00000|100%|HC|  |TAMS 0x0000000717c00000, 0x0000000717a00000| Complete 
| 190|0x0000000717c00000, 0x0000000717e00000, 0x0000000717e00000|100%|HC|  |TAMS 0x0000000717e00000, 0x0000000717c00000| Complete 
| 191|0x0000000717e00000, 0x0000000718000000, 0x0000000718000000|100%|HC|  |TAMS 0x0000000718000000, 0x0000000717e00000| Complete 
| 192|0x0000000718000000, 0x0000000718200000, 0x0000000718200000|100%|HC|  |TAMS 0x0000000718200000, 0x0000000718000000| Complete 
| 193|0x0000000718200000, 0x0000000718400000, 0x0000000718400000|100%| O|  |TAMS 0x0000000718400000, 0x0000000718200000| Untracked 
| 194|0x0000000718400000, 0x0000000718600000, 0x0000000718600000|100%| O|  |TAMS 0x0000000718600000, 0x0000000718400000| Untracked 
| 195|0x0000000718600000, 0x0000000718800000, 0x0000000718800000|100%| O|  |TAMS 0x0000000718800000, 0x0000000718600000| Untracked 
| 196|0x0000000718800000, 0x0000000718a00000, 0x0000000718a00000|100%|HS|  |TAMS 0x0000000718a00000, 0x0000000718800000| Complete 
| 197|0x0000000718a00000, 0x0000000718c00000, 0x0000000718c00000|100%| O|  |TAMS 0x0000000718c00000, 0x0000000718a00000| Untracked 
| 198|0x0000000718c00000, 0x0000000718e00000, 0x0000000718e00000|100%| O|  |TAMS 0x0000000718e00000, 0x0000000718c00000| Untracked 
| 199|0x0000000718e00000, 0x0000000719000000, 0x0000000719000000|100%| O|  |TAMS 0x0000000719000000, 0x0000000718e00000| Untracked 
| 200|0x0000000719000000, 0x0000000719200000, 0x0000000719200000|100%| O|  |TAMS 0x0000000719200000, 0x0000000719000000| Untracked 
| 201|0x0000000719200000, 0x0000000719400000, 0x0000000719400000|100%| O|  |TAMS 0x0000000719400000, 0x0000000719200000| Untracked 
| 202|0x0000000719400000, 0x0000000719600000, 0x0000000719600000|100%| O|  |TAMS 0x0000000719600000, 0x0000000719400000| Untracked 
| 203|0x0000000719600000, 0x0000000719800000, 0x0000000719800000|100%| O|  |TAMS 0x0000000719800000, 0x0000000719600000| Untracked 
| 204|0x0000000719800000, 0x0000000719a00000, 0x0000000719a00000|100%| O|  |TAMS 0x0000000719a00000, 0x0000000719800000| Untracked 
| 205|0x0000000719a00000, 0x0000000719c00000, 0x0000000719c00000|100%| O|  |TAMS 0x0000000719c00000, 0x0000000719a00000| Untracked 
| 206|0x0000000719c00000, 0x0000000719e00000, 0x0000000719e00000|100%| O|  |TAMS 0x0000000719e00000, 0x0000000719c00000| Untracked 
| 207|0x0000000719e00000, 0x000000071a000000, 0x000000071a000000|100%| O|  |TAMS 0x000000071a000000, 0x0000000719e00000| Untracked 
| 208|0x000000071a000000, 0x000000071a200000, 0x000000071a200000|100%| O|  |TAMS 0x000000071a200000, 0x000000071a000000| Untracked 
| 209|0x000000071a200000, 0x000000071a400000, 0x000000071a400000|100%| O|  |TAMS 0x000000071a400000, 0x000000071a200000| Untracked 
| 210|0x000000071a400000, 0x000000071a600000, 0x000000071a600000|100%| O|  |TAMS 0x000000071a600000, 0x000000071a400000| Untracked 
| 211|0x000000071a600000, 0x000000071a800000, 0x000000071a800000|100%| O|  |TAMS 0x000000071a800000, 0x000000071a600000| Untracked 
| 212|0x000000071a800000, 0x000000071aa00000, 0x000000071aa00000|100%| O|  |TAMS 0x000000071aa00000, 0x000000071a800000| Untracked 
| 213|0x000000071aa00000, 0x000000071ac00000, 0x000000071ac00000|100%| O|  |TAMS 0x000000071aace200, 0x000000071aa00000| Untracked 
| 214|0x000000071ac00000, 0x000000071ae00000, 0x000000071ae00000|100%| O|  |TAMS 0x000000071ac00000, 0x000000071ac00000| Untracked 
| 215|0x000000071ae00000, 0x000000071b000000, 0x000000071b000000|100%| O|  |TAMS 0x000000071ae00000, 0x000000071ae00000| Untracked 
| 216|0x000000071b000000, 0x000000071b200000, 0x000000071b200000|100%| O|  |TAMS 0x000000071b000000, 0x000000071b000000| Untracked 
| 217|0x000000071b200000, 0x000000071b400000, 0x000000071b400000|100%| O|  |TAMS 0x000000071b200000, 0x000000071b200000| Untracked 
| 218|0x000000071b400000, 0x000000071b600000, 0x000000071b600000|100%| O|  |TAMS 0x000000071b400000, 0x000000071b400000| Untracked 
| 219|0x000000071b600000, 0x000000071b800000, 0x000000071b800000|100%| O|  |TAMS 0x000000071b600000, 0x000000071b600000| Untracked 
| 220|0x000000071b800000, 0x000000071ba00000, 0x000000071ba00000|100%| O|  |TAMS 0x000000071b800000, 0x000000071b800000| Untracked 
| 221|0x000000071ba00000, 0x000000071bc00000, 0x000000071bc00000|100%| O|  |TAMS 0x000000071ba00000, 0x000000071ba00000| Untracked 
| 222|0x000000071bc00000, 0x000000071be00000, 0x000000071be00000|100%| O|  |TAMS 0x000000071bc00000, 0x000000071bc00000| Untracked 
| 223|0x000000071be00000, 0x000000071c000000, 0x000000071c000000|100%| O|  |TAMS 0x000000071be00000, 0x000000071be00000| Untracked 
| 224|0x000000071c000000, 0x000000071c200000, 0x000000071c200000|100%| O|  |TAMS 0x000000071c000000, 0x000000071c000000| Untracked 
| 225|0x000000071c200000, 0x000000071c400000, 0x000000071c400000|100%| O|  |TAMS 0x000000071c200000, 0x000000071c200000| Untracked 
| 226|0x000000071c400000, 0x000000071c600000, 0x000000071c600000|100%| O|  |TAMS 0x000000071c400000, 0x000000071c400000| Untracked 
| 227|0x000000071c600000, 0x000000071c800000, 0x000000071c800000|100%| O|  |TAMS 0x000000071c600000, 0x000000071c600000| Untracked 
| 228|0x000000071c800000, 0x000000071ca00000, 0x000000071ca00000|100%| O|  |TAMS 0x000000071c800000, 0x000000071c800000| Untracked 
| 229|0x000000071ca00000, 0x000000071cc00000, 0x000000071cc00000|100%| O|  |TAMS 0x000000071ca00000, 0x000000071ca00000| Untracked 
| 230|0x000000071cc00000, 0x000000071ce00000, 0x000000071ce00000|100%| O|  |TAMS 0x000000071cc00000, 0x000000071cc00000| Untracked 
| 231|0x000000071ce00000, 0x000000071d000000, 0x000000071d000000|100%| O|  |TAMS 0x000000071ce00000, 0x000000071ce00000| Untracked 
| 232|0x000000071d000000, 0x000000071d200000, 0x000000071d200000|100%| O|  |TAMS 0x000000071d000000, 0x000000071d000000| Untracked 
| 233|0x000000071d200000, 0x000000071d400000, 0x000000071d400000|100%| O|  |TAMS 0x000000071d200000, 0x000000071d200000| Untracked 
| 234|0x000000071d400000, 0x000000071d600000, 0x000000071d600000|100%| O|  |TAMS 0x000000071d400000, 0x000000071d400000| Untracked 
| 235|0x000000071d600000, 0x000000071d800000, 0x000000071d800000|100%| O|  |TAMS 0x000000071d600000, 0x000000071d600000| Untracked 
| 236|0x000000071d800000, 0x000000071da00000, 0x000000071da00000|100%| O|  |TAMS 0x000000071d800000, 0x000000071d800000| Untracked 
| 237|0x000000071da00000, 0x000000071da08e00, 0x000000071dc00000|  1%| O|  |TAMS 0x000000071da00000, 0x000000071da00000| Untracked 
| 238|0x000000071dc00000, 0x000000071dc00000, 0x000000071de00000|  0%| F|  |TAMS 0x000000071dc00000, 0x000000071dc00000| Untracked 
| 239|0x000000071de00000, 0x000000071de00000, 0x000000071e000000|  0%| F|  |TAMS 0x000000071de00000, 0x000000071de00000| Untracked 
| 240|0x000000071e000000, 0x000000071e000000, 0x000000071e200000|  0%| F|  |TAMS 0x000000071e000000, 0x000000071e000000| Untracked 
| 241|0x000000071e200000, 0x000000071e200000, 0x000000071e400000|  0%| F|  |TAMS 0x000000071e200000, 0x000000071e200000| Untracked 
| 242|0x000000071e400000, 0x000000071e400000, 0x000000071e600000|  0%| F|  |TAMS 0x000000071e400000, 0x000000071e400000| Untracked 
| 243|0x000000071e600000, 0x000000071e600000, 0x000000071e800000|  0%| F|  |TAMS 0x000000071e600000, 0x000000071e600000| Untracked 
| 244|0x000000071e800000, 0x000000071e800000, 0x000000071ea00000|  0%| F|  |TAMS 0x000000071e800000, 0x000000071e800000| Untracked 
| 245|0x000000071ea00000, 0x000000071ea00000, 0x000000071ec00000|  0%| F|  |TAMS 0x000000071ea00000, 0x000000071ea00000| Untracked 
| 246|0x000000071ec00000, 0x000000071ec00000, 0x000000071ee00000|  0%| F|  |TAMS 0x000000071ec00000, 0x000000071ec00000| Untracked 
| 247|0x000000071ee00000, 0x000000071ee00000, 0x000000071f000000|  0%| F|  |TAMS 0x000000071ee00000, 0x000000071ee00000| Untracked 
| 248|0x000000071f000000, 0x000000071f000000, 0x000000071f200000|  0%| F|  |TAMS 0x000000071f000000, 0x000000071f000000| Untracked 
| 249|0x000000071f200000, 0x000000071f200000, 0x000000071f400000|  0%| F|  |TAMS 0x000000071f200000, 0x000000071f200000| Untracked 
| 250|0x000000071f400000, 0x000000071f400000, 0x000000071f600000|  0%| F|  |TAMS 0x000000071f400000, 0x000000071f400000| Untracked 
| 251|0x000000071f600000, 0x000000071f600000, 0x000000071f800000|  0%| F|  |TAMS 0x000000071f600000, 0x000000071f600000| Untracked 
| 252|0x000000071f800000, 0x000000071f800000, 0x000000071fa00000|  0%| F|  |TAMS 0x000000071f800000, 0x000000071f800000| Untracked 
| 253|0x000000071fa00000, 0x000000071fa00000, 0x000000071fc00000|  0%| F|  |TAMS 0x000000071fa00000, 0x000000071fa00000| Untracked 
| 254|0x000000071fc00000, 0x000000071fc00000, 0x000000071fe00000|  0%| F|  |TAMS 0x000000071fc00000, 0x000000071fc00000| Untracked 
| 255|0x000000071fe00000, 0x000000071fe00000, 0x0000000720000000|  0%| F|  |TAMS 0x000000071fe00000, 0x000000071fe00000| Untracked 
| 256|0x0000000720000000, 0x0000000720000000, 0x0000000720200000|  0%| F|  |TAMS 0x0000000720000000, 0x0000000720000000| Untracked 
| 257|0x0000000720200000, 0x0000000720200000, 0x0000000720400000|  0%| F|  |TAMS 0x0000000720200000, 0x0000000720200000| Untracked 
| 258|0x0000000720400000, 0x0000000720400000, 0x0000000720600000|  0%| F|  |TAMS 0x0000000720400000, 0x0000000720400000| Untracked 
| 259|0x0000000720600000, 0x0000000720600000, 0x0000000720800000|  0%| F|  |TAMS 0x0000000720600000, 0x0000000720600000| Untracked 
| 260|0x0000000720800000, 0x0000000720800000, 0x0000000720a00000|  0%| F|  |TAMS 0x0000000720800000, 0x0000000720800000| Untracked 
| 261|0x0000000720a00000, 0x0000000720a00000, 0x0000000720c00000|  0%| F|  |TAMS 0x0000000720a00000, 0x0000000720a00000| Untracked 
| 262|0x0000000720c00000, 0x0000000720c00000, 0x0000000720e00000|  0%| F|  |TAMS 0x0000000720c00000, 0x0000000720c00000| Untracked 
| 263|0x0000000720e00000, 0x0000000720e00000, 0x0000000721000000|  0%| F|  |TAMS 0x0000000720e00000, 0x0000000720e00000| Untracked 
| 264|0x0000000721000000, 0x0000000721000000, 0x0000000721200000|  0%| F|  |TAMS 0x0000000721000000, 0x0000000721000000| Untracked 
| 265|0x0000000721200000, 0x0000000721200000, 0x0000000721400000|  0%| F|  |TAMS 0x0000000721200000, 0x0000000721200000| Untracked 
| 266|0x0000000721400000, 0x0000000721400000, 0x0000000721600000|  0%| F|  |TAMS 0x0000000721400000, 0x0000000721400000| Untracked 
| 267|0x0000000721600000, 0x0000000721600000, 0x0000000721800000|  0%| F|  |TAMS 0x0000000721600000, 0x0000000721600000| Untracked 
| 268|0x0000000721800000, 0x0000000721800000, 0x0000000721a00000|  0%| F|  |TAMS 0x0000000721800000, 0x0000000721800000| Untracked 
| 269|0x0000000721a00000, 0x0000000721a00000, 0x0000000721c00000|  0%| F|  |TAMS 0x0000000721a00000, 0x0000000721a00000| Untracked 
| 270|0x0000000721c00000, 0x0000000721c00000, 0x0000000721e00000|  0%| F|  |TAMS 0x0000000721c00000, 0x0000000721c00000| Untracked 
| 271|0x0000000721e00000, 0x0000000721e00000, 0x0000000722000000|  0%| F|  |TAMS 0x0000000721e00000, 0x0000000721e00000| Untracked 
| 272|0x0000000722000000, 0x0000000722000000, 0x0000000722200000|  0%| F|  |TAMS 0x0000000722000000, 0x0000000722000000| Untracked 
| 273|0x0000000722200000, 0x0000000722200000, 0x0000000722400000|  0%| F|  |TAMS 0x0000000722200000, 0x0000000722200000| Untracked 
| 274|0x0000000722400000, 0x0000000722400000, 0x0000000722600000|  0%| F|  |TAMS 0x0000000722400000, 0x0000000722400000| Untracked 
| 275|0x0000000722600000, 0x0000000722600000, 0x0000000722800000|  0%| F|  |TAMS 0x0000000722600000, 0x0000000722600000| Untracked 
| 276|0x0000000722800000, 0x0000000722800000, 0x0000000722a00000|  0%| F|  |TAMS 0x0000000722800000, 0x0000000722800000| Untracked 
| 277|0x0000000722a00000, 0x0000000722a00000, 0x0000000722c00000|  0%| F|  |TAMS 0x0000000722a00000, 0x0000000722a00000| Untracked 
| 278|0x0000000722c00000, 0x0000000722c00000, 0x0000000722e00000|  0%| F|  |TAMS 0x0000000722c00000, 0x0000000722c00000| Untracked 
| 279|0x0000000722e00000, 0x0000000722e00000, 0x0000000723000000|  0%| F|  |TAMS 0x0000000722e00000, 0x0000000722e00000| Untracked 
| 280|0x0000000723000000, 0x0000000723000000, 0x0000000723200000|  0%| F|  |TAMS 0x0000000723000000, 0x0000000723000000| Untracked 
| 281|0x0000000723200000, 0x0000000723200000, 0x0000000723400000|  0%| F|  |TAMS 0x0000000723200000, 0x0000000723200000| Untracked 
| 282|0x0000000723400000, 0x0000000723400000, 0x0000000723600000|  0%| F|  |TAMS 0x0000000723400000, 0x0000000723400000| Untracked 
| 283|0x0000000723600000, 0x0000000723600000, 0x0000000723800000|  0%| F|  |TAMS 0x0000000723600000, 0x0000000723600000| Untracked 
| 284|0x0000000723800000, 0x0000000723800000, 0x0000000723a00000|  0%| F|  |TAMS 0x0000000723800000, 0x0000000723800000| Untracked 
| 285|0x0000000723a00000, 0x0000000723a00000, 0x0000000723c00000|  0%| F|  |TAMS 0x0000000723a00000, 0x0000000723a00000| Untracked 
| 286|0x0000000723c00000, 0x0000000723c00000, 0x0000000723e00000|  0%| F|  |TAMS 0x0000000723c00000, 0x0000000723c00000| Untracked 
| 287|0x0000000723e00000, 0x0000000723e00000, 0x0000000724000000|  0%| F|  |TAMS 0x0000000723e00000, 0x0000000723e00000| Untracked 
| 288|0x0000000724000000, 0x0000000724000000, 0x0000000724200000|  0%| F|  |TAMS 0x0000000724000000, 0x0000000724000000| Untracked 
| 289|0x0000000724200000, 0x0000000724200000, 0x0000000724400000|  0%| F|  |TAMS 0x0000000724200000, 0x0000000724200000| Untracked 
| 290|0x0000000724400000, 0x0000000724400000, 0x0000000724600000|  0%| F|  |TAMS 0x0000000724400000, 0x0000000724400000| Untracked 
| 291|0x0000000724600000, 0x0000000724600000, 0x0000000724800000|  0%| F|  |TAMS 0x0000000724600000, 0x0000000724600000| Untracked 
| 292|0x0000000724800000, 0x0000000724800000, 0x0000000724a00000|  0%| F|  |TAMS 0x0000000724800000, 0x0000000724800000| Untracked 
| 293|0x0000000724a00000, 0x0000000724a00000, 0x0000000724c00000|  0%| F|  |TAMS 0x0000000724a00000, 0x0000000724a00000| Untracked 
| 294|0x0000000724c00000, 0x0000000724c00000, 0x0000000724e00000|  0%| F|  |TAMS 0x0000000724c00000, 0x0000000724c00000| Untracked 
| 295|0x0000000724e00000, 0x0000000724e00000, 0x0000000725000000|  0%| F|  |TAMS 0x0000000724e00000, 0x0000000724e00000| Untracked 
| 296|0x0000000725000000, 0x0000000725000000, 0x0000000725200000|  0%| F|  |TAMS 0x0000000725000000, 0x0000000725000000| Untracked 
| 297|0x0000000725200000, 0x0000000725200000, 0x0000000725400000|  0%| F|  |TAMS 0x0000000725200000, 0x0000000725200000| Untracked 
| 298|0x0000000725400000, 0x0000000725400000, 0x0000000725600000|  0%| F|  |TAMS 0x0000000725400000, 0x0000000725400000| Untracked 
| 299|0x0000000725600000, 0x0000000725600000, 0x0000000725800000|  0%| F|  |TAMS 0x0000000725600000, 0x0000000725600000| Untracked 
| 300|0x0000000725800000, 0x0000000725800000, 0x0000000725a00000|  0%| F|  |TAMS 0x0000000725800000, 0x0000000725800000| Untracked 
| 301|0x0000000725a00000, 0x0000000725a00000, 0x0000000725c00000|  0%| F|  |TAMS 0x0000000725a00000, 0x0000000725a00000| Untracked 
| 302|0x0000000725c00000, 0x0000000725c00000, 0x0000000725e00000|  0%| F|  |TAMS 0x0000000725c00000, 0x0000000725c00000| Untracked 
| 303|0x0000000725e00000, 0x0000000725e00000, 0x0000000726000000|  0%| F|  |TAMS 0x0000000725e00000, 0x0000000725e00000| Untracked 
| 304|0x0000000726000000, 0x0000000726000000, 0x0000000726200000|  0%| F|  |TAMS 0x0000000726000000, 0x0000000726000000| Untracked 
| 305|0x0000000726200000, 0x0000000726200000, 0x0000000726400000|  0%| F|  |TAMS 0x0000000726200000, 0x0000000726200000| Untracked 
| 306|0x0000000726400000, 0x0000000726400000, 0x0000000726600000|  0%| F|  |TAMS 0x0000000726400000, 0x0000000726400000| Untracked 
| 307|0x0000000726600000, 0x0000000726600000, 0x0000000726800000|  0%| F|  |TAMS 0x0000000726600000, 0x0000000726600000| Untracked 
| 308|0x0000000726800000, 0x0000000726800000, 0x0000000726a00000|  0%| F|  |TAMS 0x0000000726800000, 0x0000000726800000| Untracked 
| 309|0x0000000726a00000, 0x0000000726a00000, 0x0000000726c00000|  0%| F|  |TAMS 0x0000000726a00000, 0x0000000726a00000| Untracked 
| 310|0x0000000726c00000, 0x0000000726c00000, 0x0000000726e00000|  0%| F|  |TAMS 0x0000000726c00000, 0x0000000726c00000| Untracked 
| 311|0x0000000726e00000, 0x0000000726e00000, 0x0000000727000000|  0%| F|  |TAMS 0x0000000726e00000, 0x0000000726e00000| Untracked 
| 312|0x0000000727000000, 0x0000000727000000, 0x0000000727200000|  0%| F|  |TAMS 0x0000000727000000, 0x0000000727000000| Untracked 
| 313|0x0000000727200000, 0x0000000727200000, 0x0000000727400000|  0%| F|  |TAMS 0x0000000727200000, 0x0000000727200000| Untracked 
| 314|0x0000000727400000, 0x0000000727400000, 0x0000000727600000|  0%| F|  |TAMS 0x0000000727400000, 0x0000000727400000| Untracked 
| 315|0x0000000727600000, 0x0000000727600000, 0x0000000727800000|  0%| F|  |TAMS 0x0000000727600000, 0x0000000727600000| Untracked 
| 316|0x0000000727800000, 0x0000000727800000, 0x0000000727a00000|  0%| F|  |TAMS 0x0000000727800000, 0x0000000727800000| Untracked 
| 317|0x0000000727a00000, 0x0000000727a00000, 0x0000000727c00000|  0%| F|  |TAMS 0x0000000727a00000, 0x0000000727a00000| Untracked 
| 318|0x0000000727c00000, 0x0000000727c00000, 0x0000000727e00000|  0%| F|  |TAMS 0x0000000727c00000, 0x0000000727c00000| Untracked 
| 319|0x0000000727e00000, 0x0000000727e00000, 0x0000000728000000|  0%| F|  |TAMS 0x0000000727e00000, 0x0000000727e00000| Untracked 
| 320|0x0000000728000000, 0x0000000728000000, 0x0000000728200000|  0%| F|  |TAMS 0x0000000728000000, 0x0000000728000000| Untracked 
| 321|0x0000000728200000, 0x0000000728200000, 0x0000000728400000|  0%| F|  |TAMS 0x0000000728200000, 0x0000000728200000| Untracked 
| 322|0x0000000728400000, 0x0000000728400000, 0x0000000728600000|  0%| F|  |TAMS 0x0000000728400000, 0x0000000728400000| Untracked 
| 323|0x0000000728600000, 0x0000000728600000, 0x0000000728800000|  0%| F|  |TAMS 0x0000000728600000, 0x0000000728600000| Untracked 
| 324|0x0000000728800000, 0x0000000728800000, 0x0000000728a00000|  0%| F|  |TAMS 0x0000000728800000, 0x0000000728800000| Untracked 
| 325|0x0000000728a00000, 0x0000000728a00000, 0x0000000728c00000|  0%| F|  |TAMS 0x0000000728a00000, 0x0000000728a00000| Untracked 
| 326|0x0000000728c00000, 0x0000000728c00000, 0x0000000728e00000|  0%| F|  |TAMS 0x0000000728c00000, 0x0000000728c00000| Untracked 
| 327|0x0000000728e00000, 0x0000000728e00000, 0x0000000729000000|  0%| F|  |TAMS 0x0000000728e00000, 0x0000000728e00000| Untracked 
| 328|0x0000000729000000, 0x0000000729000000, 0x0000000729200000|  0%| F|  |TAMS 0x0000000729000000, 0x0000000729000000| Untracked 
| 329|0x0000000729200000, 0x0000000729200000, 0x0000000729400000|  0%| F|  |TAMS 0x0000000729200000, 0x0000000729200000| Untracked 
| 330|0x0000000729400000, 0x0000000729400000, 0x0000000729600000|  0%| F|  |TAMS 0x0000000729400000, 0x0000000729400000| Untracked 
| 331|0x0000000729600000, 0x0000000729600000, 0x0000000729800000|  0%| F|  |TAMS 0x0000000729600000, 0x0000000729600000| Untracked 
| 332|0x0000000729800000, 0x0000000729800000, 0x0000000729a00000|  0%| F|  |TAMS 0x0000000729800000, 0x0000000729800000| Untracked 
| 333|0x0000000729a00000, 0x0000000729a00000, 0x0000000729c00000|  0%| F|  |TAMS 0x0000000729a00000, 0x0000000729a00000| Untracked 
| 334|0x0000000729c00000, 0x0000000729c00000, 0x0000000729e00000|  0%| F|  |TAMS 0x0000000729c00000, 0x0000000729c00000| Untracked 
| 335|0x0000000729e00000, 0x0000000729e00000, 0x000000072a000000|  0%| F|  |TAMS 0x0000000729e00000, 0x0000000729e00000| Untracked 
| 336|0x000000072a000000, 0x000000072a000000, 0x000000072a200000|  0%| F|  |TAMS 0x000000072a000000, 0x000000072a000000| Untracked 
| 337|0x000000072a200000, 0x000000072a200000, 0x000000072a400000|  0%| F|  |TAMS 0x000000072a200000, 0x000000072a200000| Untracked 
| 338|0x000000072a400000, 0x000000072a400000, 0x000000072a600000|  0%| F|  |TAMS 0x000000072a400000, 0x000000072a400000| Untracked 
| 339|0x000000072a600000, 0x000000072a600000, 0x000000072a800000|  0%| F|  |TAMS 0x000000072a600000, 0x000000072a600000| Untracked 
| 340|0x000000072a800000, 0x000000072a800000, 0x000000072aa00000|  0%| F|  |TAMS 0x000000072a800000, 0x000000072a800000| Untracked 
| 341|0x000000072aa00000, 0x000000072aa00000, 0x000000072ac00000|  0%| F|  |TAMS 0x000000072aa00000, 0x000000072aa00000| Untracked 
| 342|0x000000072ac00000, 0x000000072ac00000, 0x000000072ae00000|  0%| F|  |TAMS 0x000000072ac00000, 0x000000072ac00000| Untracked 
| 343|0x000000072ae00000, 0x000000072ae00000, 0x000000072b000000|  0%| F|  |TAMS 0x000000072ae00000, 0x000000072ae00000| Untracked 
| 344|0x000000072b000000, 0x000000072b000000, 0x000000072b200000|  0%| F|  |TAMS 0x000000072b000000, 0x000000072b000000| Untracked 
| 345|0x000000072b200000, 0x000000072b200000, 0x000000072b400000|  0%| F|  |TAMS 0x000000072b200000, 0x000000072b200000| Untracked 
| 346|0x000000072b400000, 0x000000072b400000, 0x000000072b600000|  0%| F|  |TAMS 0x000000072b400000, 0x000000072b400000| Untracked 
| 347|0x000000072b600000, 0x000000072b600000, 0x000000072b800000|  0%| F|  |TAMS 0x000000072b600000, 0x000000072b600000| Untracked 
| 348|0x000000072b800000, 0x000000072b800000, 0x000000072ba00000|  0%| F|  |TAMS 0x000000072b800000, 0x000000072b800000| Untracked 
| 349|0x000000072ba00000, 0x000000072ba00000, 0x000000072bc00000|  0%| F|  |TAMS 0x000000072ba00000, 0x000000072ba00000| Untracked 
| 350|0x000000072bc00000, 0x000000072bc00000, 0x000000072be00000|  0%| F|  |TAMS 0x000000072bc00000, 0x000000072bc00000| Untracked 
| 351|0x000000072be00000, 0x000000072be00000, 0x000000072c000000|  0%| F|  |TAMS 0x000000072be00000, 0x000000072be00000| Untracked 
| 352|0x000000072c000000, 0x000000072c000000, 0x000000072c200000|  0%| F|  |TAMS 0x000000072c000000, 0x000000072c000000| Untracked 
| 353|0x000000072c200000, 0x000000072c200000, 0x000000072c400000|  0%| F|  |TAMS 0x000000072c200000, 0x000000072c200000| Untracked 
| 354|0x000000072c400000, 0x000000072c400000, 0x000000072c600000|  0%| F|  |TAMS 0x000000072c400000, 0x000000072c400000| Untracked 
| 355|0x000000072c600000, 0x000000072c600000, 0x000000072c800000|  0%| F|  |TAMS 0x000000072c600000, 0x000000072c600000| Untracked 
| 356|0x000000072c800000, 0x000000072c800000, 0x000000072ca00000|  0%| F|  |TAMS 0x000000072c800000, 0x000000072c800000| Untracked 
| 357|0x000000072ca00000, 0x000000072ca00000, 0x000000072cc00000|  0%| F|  |TAMS 0x000000072ca00000, 0x000000072ca00000| Untracked 
| 358|0x000000072cc00000, 0x000000072cc00000, 0x000000072ce00000|  0%| F|  |TAMS 0x000000072cc00000, 0x000000072cc00000| Untracked 
| 359|0x000000072ce00000, 0x000000072ce00000, 0x000000072d000000|  0%| F|  |TAMS 0x000000072ce00000, 0x000000072ce00000| Untracked 
| 360|0x000000072d000000, 0x000000072d000000, 0x000000072d200000|  0%| F|  |TAMS 0x000000072d000000, 0x000000072d000000| Untracked 
| 361|0x000000072d200000, 0x000000072d200000, 0x000000072d400000|  0%| F|  |TAMS 0x000000072d200000, 0x000000072d200000| Untracked 
| 362|0x000000072d400000, 0x000000072d400000, 0x000000072d600000|  0%| F|  |TAMS 0x000000072d400000, 0x000000072d400000| Untracked 
| 363|0x000000072d600000, 0x000000072d600000, 0x000000072d800000|  0%| F|  |TAMS 0x000000072d600000, 0x000000072d600000| Untracked 
| 364|0x000000072d800000, 0x000000072d800000, 0x000000072da00000|  0%| F|  |TAMS 0x000000072d800000, 0x000000072d800000| Untracked 
| 365|0x000000072da00000, 0x000000072da00000, 0x000000072dc00000|  0%| F|  |TAMS 0x000000072da00000, 0x000000072da00000| Untracked 
| 366|0x000000072dc00000, 0x000000072dc00000, 0x000000072de00000|  0%| F|  |TAMS 0x000000072dc00000, 0x000000072dc00000| Untracked 
| 367|0x000000072de00000, 0x000000072de00000, 0x000000072e000000|  0%| F|  |TAMS 0x000000072de00000, 0x000000072de00000| Untracked 
| 368|0x000000072e000000, 0x000000072e000000, 0x000000072e200000|  0%| F|  |TAMS 0x000000072e000000, 0x000000072e000000| Untracked 
| 369|0x000000072e200000, 0x000000072e200000, 0x000000072e400000|  0%| F|  |TAMS 0x000000072e200000, 0x000000072e200000| Untracked 
| 370|0x000000072e400000, 0x000000072e400000, 0x000000072e600000|  0%| F|  |TAMS 0x000000072e400000, 0x000000072e400000| Untracked 
| 371|0x000000072e600000, 0x000000072e600000, 0x000000072e800000|  0%| F|  |TAMS 0x000000072e600000, 0x000000072e600000| Untracked 
| 372|0x000000072e800000, 0x000000072e800000, 0x000000072ea00000|  0%| F|  |TAMS 0x000000072e800000, 0x000000072e800000| Untracked 
| 373|0x000000072ea00000, 0x000000072ea00000, 0x000000072ec00000|  0%| F|  |TAMS 0x000000072ea00000, 0x000000072ea00000| Untracked 
| 374|0x000000072ec00000, 0x000000072ec00000, 0x000000072ee00000|  0%| F|  |TAMS 0x000000072ec00000, 0x000000072ec00000| Untracked 
| 375|0x000000072ee00000, 0x000000072ee00000, 0x000000072f000000|  0%| F|  |TAMS 0x000000072ee00000, 0x000000072ee00000| Untracked 
| 376|0x000000072f000000, 0x000000072f000000, 0x000000072f200000|  0%| F|  |TAMS 0x000000072f000000, 0x000000072f000000| Untracked 
| 377|0x000000072f200000, 0x000000072f200000, 0x000000072f400000|  0%| F|  |TAMS 0x000000072f200000, 0x000000072f200000| Untracked 
| 378|0x000000072f400000, 0x000000072f400000, 0x000000072f600000|  0%| F|  |TAMS 0x000000072f400000, 0x000000072f400000| Untracked 
| 379|0x000000072f600000, 0x000000072f600000, 0x000000072f800000|  0%| F|  |TAMS 0x000000072f600000, 0x000000072f600000| Untracked 
| 380|0x000000072f800000, 0x000000072f800000, 0x000000072fa00000|  0%| F|  |TAMS 0x000000072f800000, 0x000000072f800000| Untracked 
| 381|0x000000072fa00000, 0x000000072fa00000, 0x000000072fc00000|  0%| F|  |TAMS 0x000000072fa00000, 0x000000072fa00000| Untracked 
| 382|0x000000072fc00000, 0x000000072fc00000, 0x000000072fe00000|  0%| F|  |TAMS 0x000000072fc00000, 0x000000072fc00000| Untracked 
| 383|0x000000072fe00000, 0x000000072fe00000, 0x0000000730000000|  0%| F|  |TAMS 0x000000072fe00000, 0x000000072fe00000| Untracked 
| 384|0x0000000730000000, 0x0000000730000000, 0x0000000730200000|  0%| F|  |TAMS 0x0000000730000000, 0x0000000730000000| Untracked 
| 385|0x0000000730200000, 0x0000000730200000, 0x0000000730400000|  0%| F|  |TAMS 0x0000000730200000, 0x0000000730200000| Untracked 
| 386|0x0000000730400000, 0x0000000730400000, 0x0000000730600000|  0%| F|  |TAMS 0x0000000730400000, 0x0000000730400000| Untracked 
| 387|0x0000000730600000, 0x0000000730600000, 0x0000000730800000|  0%| F|  |TAMS 0x0000000730600000, 0x0000000730600000| Untracked 
| 388|0x0000000730800000, 0x0000000730800000, 0x0000000730a00000|  0%| F|  |TAMS 0x0000000730800000, 0x0000000730800000| Untracked 
| 389|0x0000000730a00000, 0x0000000730a00000, 0x0000000730c00000|  0%| F|  |TAMS 0x0000000730a00000, 0x0000000730a00000| Untracked 
| 390|0x0000000730c00000, 0x0000000730c00000, 0x0000000730e00000|  0%| F|  |TAMS 0x0000000730c00000, 0x0000000730c00000| Untracked 
| 391|0x0000000730e00000, 0x0000000730e00000, 0x0000000731000000|  0%| F|  |TAMS 0x0000000730e00000, 0x0000000730e00000| Untracked 
| 392|0x0000000731000000, 0x0000000731000000, 0x0000000731200000|  0%| F|  |TAMS 0x0000000731000000, 0x0000000731000000| Untracked 
| 393|0x0000000731200000, 0x0000000731200000, 0x0000000731400000|  0%| F|  |TAMS 0x0000000731200000, 0x0000000731200000| Untracked 
| 394|0x0000000731400000, 0x0000000731400000, 0x0000000731600000|  0%| F|  |TAMS 0x0000000731400000, 0x0000000731400000| Untracked 
| 395|0x0000000731600000, 0x0000000731600000, 0x0000000731800000|  0%| F|  |TAMS 0x0000000731600000, 0x0000000731600000| Untracked 
| 396|0x0000000731800000, 0x0000000731800000, 0x0000000731a00000|  0%| F|  |TAMS 0x0000000731800000, 0x0000000731800000| Untracked 
| 397|0x0000000731a00000, 0x0000000731a00000, 0x0000000731c00000|  0%| F|  |TAMS 0x0000000731a00000, 0x0000000731a00000| Untracked 
| 398|0x0000000731c00000, 0x0000000731c00000, 0x0000000731e00000|  0%| F|  |TAMS 0x0000000731c00000, 0x0000000731c00000| Untracked 
| 399|0x0000000731e00000, 0x0000000731e00000, 0x0000000732000000|  0%| F|  |TAMS 0x0000000731e00000, 0x0000000731e00000| Untracked 
| 400|0x0000000732000000, 0x0000000732000000, 0x0000000732200000|  0%| F|  |TAMS 0x0000000732000000, 0x0000000732000000| Untracked 
| 401|0x0000000732200000, 0x0000000732200000, 0x0000000732400000|  0%| F|  |TAMS 0x0000000732200000, 0x0000000732200000| Untracked 
| 402|0x0000000732400000, 0x0000000732400000, 0x0000000732600000|  0%| F|  |TAMS 0x0000000732400000, 0x0000000732400000| Untracked 
| 403|0x0000000732600000, 0x0000000732600000, 0x0000000732800000|  0%| F|  |TAMS 0x0000000732600000, 0x0000000732600000| Untracked 
| 404|0x0000000732800000, 0x0000000732800000, 0x0000000732a00000|  0%| F|  |TAMS 0x0000000732800000, 0x0000000732800000| Untracked 
| 405|0x0000000732a00000, 0x0000000732a00000, 0x0000000732c00000|  0%| F|  |TAMS 0x0000000732a00000, 0x0000000732a00000| Untracked 
| 406|0x0000000732c00000, 0x0000000732c00000, 0x0000000732e00000|  0%| F|  |TAMS 0x0000000732c00000, 0x0000000732c00000| Untracked 
| 407|0x0000000732e00000, 0x0000000732e00000, 0x0000000733000000|  0%| F|  |TAMS 0x0000000732e00000, 0x0000000732e00000| Untracked 
| 408|0x0000000733000000, 0x0000000733000000, 0x0000000733200000|  0%| F|  |TAMS 0x0000000733000000, 0x0000000733000000| Untracked 
| 409|0x0000000733200000, 0x0000000733200000, 0x0000000733400000|  0%| F|  |TAMS 0x0000000733200000, 0x0000000733200000| Untracked 
| 410|0x0000000733400000, 0x0000000733400000, 0x0000000733600000|  0%| F|  |TAMS 0x0000000733400000, 0x0000000733400000| Untracked 
| 411|0x0000000733600000, 0x0000000733600000, 0x0000000733800000|  0%| F|  |TAMS 0x0000000733600000, 0x0000000733600000| Untracked 
| 412|0x0000000733800000, 0x0000000733800000, 0x0000000733a00000|  0%| F|  |TAMS 0x0000000733800000, 0x0000000733800000| Untracked 
| 413|0x0000000733a00000, 0x0000000733a00000, 0x0000000733c00000|  0%| F|  |TAMS 0x0000000733a00000, 0x0000000733a00000| Untracked 
| 414|0x0000000733c00000, 0x0000000733c00000, 0x0000000733e00000|  0%| F|  |TAMS 0x0000000733c00000, 0x0000000733c00000| Untracked 
| 415|0x0000000733e00000, 0x0000000733e9a590, 0x0000000734000000| 30%| S|CS|TAMS 0x0000000733e00000, 0x0000000733e00000| Complete 
| 416|0x0000000734000000, 0x0000000734000000, 0x0000000734200000|  0%| F|  |TAMS 0x0000000734000000, 0x0000000734000000| Untracked 
| 417|0x0000000734200000, 0x0000000734200000, 0x0000000734400000|  0%| F|  |TAMS 0x0000000734200000, 0x0000000734200000| Untracked 
| 418|0x0000000734400000, 0x0000000734400000, 0x0000000734600000|  0%| F|  |TAMS 0x0000000734400000, 0x0000000734400000| Untracked 
| 419|0x0000000734600000, 0x0000000734600000, 0x0000000734800000|  0%| F|  |TAMS 0x0000000734600000, 0x0000000734600000| Untracked 
| 420|0x0000000734800000, 0x0000000734800000, 0x0000000734a00000|  0%| F|  |TAMS 0x0000000734800000, 0x0000000734800000| Untracked 
| 421|0x0000000734a00000, 0x0000000734a00000, 0x0000000734c00000|  0%| F|  |TAMS 0x0000000734a00000, 0x0000000734a00000| Untracked 
| 422|0x0000000734c00000, 0x0000000734e00000, 0x0000000734e00000|100%| S|CS|TAMS 0x0000000734c00000, 0x0000000734c00000| Complete 
| 423|0x0000000734e00000, 0x0000000735000000, 0x0000000735000000|100%| S|CS|TAMS 0x0000000734e00000, 0x0000000734e00000| Complete 
| 424|0x0000000735000000, 0x0000000735000000, 0x0000000735200000|  0%| F|  |TAMS 0x0000000735000000, 0x0000000735000000| Untracked 
| 425|0x0000000735200000, 0x0000000735200000, 0x0000000735400000|  0%| F|  |TAMS 0x0000000735200000, 0x0000000735200000| Untracked 
| 426|0x0000000735400000, 0x0000000735400000, 0x0000000735600000|  0%| F|  |TAMS 0x0000000735400000, 0x0000000735400000| Untracked 
| 427|0x0000000735600000, 0x0000000735600000, 0x0000000735800000|  0%| F|  |TAMS 0x0000000735600000, 0x0000000735600000| Untracked 
| 428|0x0000000735800000, 0x0000000735800000, 0x0000000735a00000|  0%| F|  |TAMS 0x0000000735800000, 0x0000000735800000| Untracked 
| 429|0x0000000735a00000, 0x0000000735a00000, 0x0000000735c00000|  0%| F|  |TAMS 0x0000000735a00000, 0x0000000735a00000| Untracked 
| 430|0x0000000735c00000, 0x0000000735c00000, 0x0000000735e00000|  0%| F|  |TAMS 0x0000000735c00000, 0x0000000735c00000| Untracked 
| 431|0x0000000735e00000, 0x0000000735e00000, 0x0000000736000000|  0%| F|  |TAMS 0x0000000735e00000, 0x0000000735e00000| Untracked 
| 432|0x0000000736000000, 0x0000000736000000, 0x0000000736200000|  0%| F|  |TAMS 0x0000000736000000, 0x0000000736000000| Untracked 
| 433|0x0000000736200000, 0x0000000736200000, 0x0000000736400000|  0%| F|  |TAMS 0x0000000736200000, 0x0000000736200000| Untracked 
| 434|0x0000000736400000, 0x0000000736400000, 0x0000000736600000|  0%| F|  |TAMS 0x0000000736400000, 0x0000000736400000| Untracked 
| 435|0x0000000736600000, 0x0000000736600000, 0x0000000736800000|  0%| F|  |TAMS 0x0000000736600000, 0x0000000736600000| Untracked 
| 436|0x0000000736800000, 0x0000000736800000, 0x0000000736a00000|  0%| F|  |TAMS 0x0000000736800000, 0x0000000736800000| Untracked 
| 437|0x0000000736a00000, 0x0000000736a00000, 0x0000000736c00000|  0%| F|  |TAMS 0x0000000736a00000, 0x0000000736a00000| Untracked 
| 438|0x0000000736c00000, 0x0000000736c00000, 0x0000000736e00000|  0%| F|  |TAMS 0x0000000736c00000, 0x0000000736c00000| Untracked 
| 439|0x0000000736e00000, 0x0000000736e00000, 0x0000000737000000|  0%| F|  |TAMS 0x0000000736e00000, 0x0000000736e00000| Untracked 

Card table byte_map: [0x0000029cd34a0000,0x0000029cd3ca0000] _byte_map_base: 0x0000029ccfca0000

Marking Bits (Prev, Next): (CMBitMap*) 0x0000029cbc125750, (CMBitMap*) 0x0000029cbc125790
 Prev Bits: [0x0000029cd44a0000, 0x0000029cd84a0000)
 Next Bits: [0x0000029cd84a0000, 0x0000029cdc4a0000)

Polling page: 0x0000029cbb880000

Metaspace:

Usage:
  Non-class:    106.64 MB used.
      Class:     17.13 MB used.
       Both:    123.77 MB used.

Virtual space:
  Non-class space:      128.00 MB reserved,     107.75 MB ( 84%) committed,  2 nodes.
      Class space:        1.00 GB reserved,      18.00 MB (  2%) committed,  1 nodes.
             Both:        1.12 GB reserved,     125.75 MB ( 11%) committed. 

Chunk freelists:
   Non-Class:  3.84 MB
       Class:  13.83 MB
        Both:  17.67 MB

MaxMetaspaceSize: unlimited
CompressedClassSpaceSize: 1.00 GB
Initial GC threshold: 21.00 MB
Current GC threshold: 208.69 MB
CDS: on
MetaspaceReclaimPolicy: balanced
 - commit_granule_bytes: 65536.
 - commit_granule_words: 8192.
 - virtual_space_node_default_size: 8388608.
 - enlarge_chunks_in_place: 1.
 - new_chunks_are_fully_committed: 0.
 - uncommit_free_chunks: 1.
 - use_allocation_guard: 0.
 - handle_deallocations: 1.


Internal statistics:

num_allocs_failed_limit: 6.
num_arena_births: 2598.
num_arena_deaths: 66.
num_vsnodes_births: 3.
num_vsnodes_deaths: 0.
num_space_committed: 2012.
num_space_uncommitted: 0.
num_chunks_returned_to_freelist: 180.
num_chunks_taken_from_freelist: 8460.
num_chunk_merges: 38.
num_chunk_splits: 5199.
num_chunks_enlarged: 3070.
num_inconsistent_stats: 0.

CodeHeap 'non-profiled nmethods': size=120000Kb used=14237Kb max_used=14237Kb free=105762Kb
 bounds [0x0000029ccb440000, 0x0000029ccc230000, 0x0000029cd2970000]
CodeHeap 'profiled nmethods': size=120000Kb used=39624Kb max_used=39624Kb free=80375Kb
 bounds [0x0000029cc3970000, 0x0000029cc6030000, 0x0000029ccaea0000]
CodeHeap 'non-nmethods': size=5760Kb used=2518Kb max_used=2617Kb free=3241Kb
 bounds [0x0000029ccaea0000, 0x0000029ccb140000, 0x0000029ccb440000]
 total_blobs=21248 nmethods=20191 adapters=966
 compilation: enabled
              stopped_count=0, restarted_count=0
 full_count=0

Compilation events (20 events):
Event: 38.399 Thread 0x0000029cdeef9e10 nmethod 25109% 0x0000029cc5ff5090 code [0x0000029cc5ff53e0, 0x0000029cc5ff6ac8]
Event: 38.399 Thread 0x0000029cdeef9e10 25082       3       com.android.tools.r8.ir.regalloc.b::a (184 bytes)
Event: 38.401 Thread 0x0000029cdeef9e10 nmethod 25082 0x0000029cc5ff7190 code [0x0000029cc5ff7400, 0x0000029cc5ff8328]
Event: 38.401 Thread 0x0000029cdeef9e10 25092       3       com.android.tools.r8.internal.Ib::p (2054 bytes)
Event: 38.402 Thread 0x0000029d259d8560 nmethod 24391 0x0000029ccc222690 code [0x0000029ccc222a60, 0x0000029ccc2240d0]
Event: 38.402 Thread 0x0000029d259d8560 25119       4       com.android.tools.r8.graph.u2::a (141 bytes)
Event: 38.427 Thread 0x0000029cdeef9e10 nmethod 25092 0x0000029cc5ff8710 code [0x0000029cc5ff9ec0, 0x0000029cc6009bb8]
Event: 38.427 Thread 0x0000029cdeef9e10 25130 %     3       com.android.tools.r8.ir.regalloc.b::a @ 733 (961 bytes)
Event: 38.434 Thread 0x0000029d259d8560 nmethod 25119 0x0000029ccc224f90 code [0x0000029ccc2251a0, 0x0000029ccc226048]
Event: 38.435 Thread 0x0000029d259d8560 25138       4       com.android.tools.r8.internal.bt::get (106 bytes)
Event: 38.437 Thread 0x0000029cdeef9e10 nmethod 25130% 0x0000029cc600fb10 code [0x0000029cc6010560, 0x0000029cc6017e78]
Event: 38.437 Thread 0x0000029cdeef9e10 25115       3       com.android.tools.r8.internal.z8::a (372 bytes)
Event: 38.439 Thread 0x0000029d259d8560 nmethod 25138 0x0000029ccc226890 code [0x0000029ccc226a20, 0x0000029ccc226c58]
Event: 38.439 Thread 0x0000029d259d8560 25141       4       com.android.tools.r8.internal.mS::a (109 bytes)
Event: 38.439 Thread 0x0000029cdeef9e10 nmethod 25115 0x0000029cc601a490 code [0x0000029cc601a940, 0x0000029cc601d1c8]
Event: 38.439 Thread 0x0000029cdeef9e10 25136       3       com.android.tools.r8.internal.Nn::a (680 bytes)
Event: 38.443 Thread 0x0000029cdeef9e10 nmethod 25136 0x0000029cc601dc10 code [0x0000029cc601e140, 0x0000029cc6020df8]
Event: 38.443 Thread 0x0000029cdeef9e10 25143 %     3       com.android.tools.r8.internal.Ib::m @ 66 (1053 bytes)
Event: 38.444 Thread 0x0000029d259d8560 nmethod 25141 0x0000029ccc226e10 code [0x0000029ccc226fa0, 0x0000029ccc227248]
Event: 38.444 Thread 0x0000029d259d8560 25080       4       com.android.tools.r8.internal.B6::size (48 bytes)

GC Heap History (20 events):
Event: 32.400 GC heap after
{Heap after GC invocations=51 (full 0):
 garbage-first heap   total 440320K, used 284457K [0x0000000700000000, 0x0000000800000000)
  region size 2048K, 5 young (10240K), 5 survivors (10240K)
 Metaspace       used 109256K, committed 111296K, reserved 1179648K
  class space    used 15068K, committed 15936K, reserved 1048576K
}
Event: 33.176 GC heap before
{Heap before GC invocations=51 (full 0):
 garbage-first heap   total 440320K, used 349993K [0x0000000700000000, 0x0000000800000000)
  region size 2048K, 39 young (79872K), 5 survivors (10240K)
 Metaspace       used 112502K, committed 114624K, reserved 1179648K
  class space    used 15483K, committed 16384K, reserved 1048576K
}
Event: 33.186 GC heap after
{Heap after GC invocations=52 (full 0):
 garbage-first heap   total 440320K, used 291057K [0x0000000700000000, 0x0000000800000000)
  region size 2048K, 4 young (8192K), 4 survivors (8192K)
 Metaspace       used 112502K, committed 114624K, reserved 1179648K
  class space    used 15483K, committed 16384K, reserved 1048576K
}
Event: 33.286 GC heap before
{Heap before GC invocations=52 (full 0):
 garbage-first heap   total 440320K, used 358641K [0x0000000700000000, 0x0000000800000000)
  region size 2048K, 11 young (22528K), 4 survivors (8192K)
 Metaspace       used 112840K, committed 114944K, reserved 1179648K
  class space    used 15553K, committed 16448K, reserved 1048576K
}
Event: 33.297 GC heap after
{Heap after GC invocations=53 (full 0):
 garbage-first heap   total 440320K, used 346852K [0x0000000700000000, 0x0000000800000000)
  region size 2048K, 4 young (8192K), 4 survivors (8192K)
 Metaspace       used 112840K, committed 114944K, reserved 1179648K
  class space    used 15553K, committed 16448K, reserved 1048576K
}
Event: 33.598 GC heap before
{Heap before GC invocations=53 (full 0):
 garbage-first heap   total 440320K, used 422628K [0x0000000700000000, 0x0000000800000000)
  region size 2048K, 16 young (32768K), 4 survivors (8192K)
 Metaspace       used 112853K, committed 114944K, reserved 1179648K
  class space    used 15554K, committed 16448K, reserved 1048576K
}
Event: 33.609 GC heap after
{Heap after GC invocations=54 (full 0):
 garbage-first heap   total 604160K, used 403351K [0x0000000700000000, 0x0000000800000000)
  region size 2048K, 2 young (4096K), 2 survivors (4096K)
 Metaspace       used 112853K, committed 114944K, reserved 1179648K
  class space    used 15554K, committed 16448K, reserved 1048576K
}
Event: 34.110 GC heap before
{Heap before GC invocations=55 (full 0):
 garbage-first heap   total 686080K, used 518039K [0x0000000700000000, 0x0000000800000000)
  region size 2048K, 54 young (110592K), 2 survivors (4096K)
 Metaspace       used 113080K, committed 115136K, reserved 1179648K
  class space    used 15492K, committed 16448K, reserved 1048576K
}
Event: 34.188 GC heap after
{Heap after GC invocations=56 (full 0):
 garbage-first heap   total 686080K, used 419990K [0x0000000700000000, 0x0000000800000000)
  region size 2048K, 7 young (14336K), 7 survivors (14336K)
 Metaspace       used 113080K, committed 115136K, reserved 1179648K
  class space    used 15492K, committed 16448K, reserved 1048576K
}
Event: 34.219 GC heap before
{Heap before GC invocations=56 (full 0):
 garbage-first heap   total 686080K, used 436374K [0x0000000700000000, 0x0000000800000000)
  region size 2048K, 16 young (32768K), 7 survivors (14336K)
 Metaspace       used 113102K, committed 115136K, reserved 1179648K
  class space    used 15495K, committed 16448K, reserved 1048576K
}
Event: 34.228 GC heap after
{Heap after GC invocations=57 (full 0):
 garbage-first heap   total 686080K, used 415744K [0x0000000700000000, 0x0000000800000000)
  region size 2048K, 2 young (4096K), 2 survivors (4096K)
 Metaspace       used 113102K, committed 115136K, reserved 1179648K
  class space    used 15495K, committed 16448K, reserved 1048576K
}
Event: 35.562 GC heap before
{Heap before GC invocations=57 (full 0):
 garbage-first heap   total 686080K, used 571392K [0x0000000700000000, 0x0000000800000000)
  region size 2048K, 78 young (159744K), 2 survivors (4096K)
 Metaspace       used 119692K, committed 121600K, reserved 1179648K
  class space    used 16426K, committed 17280K, reserved 1048576K
}
Event: 35.596 GC heap after
{Heap after GC invocations=58 (full 0):
 garbage-first heap   total 686080K, used 438519K [0x0000000700000000, 0x0000000800000000)
  region size 2048K, 10 young (20480K), 10 survivors (20480K)
 Metaspace       used 119692K, committed 121600K, reserved 1179648K
  class space    used 16426K, committed 17280K, reserved 1048576K
}
Event: 36.225 GC heap before
{Heap before GC invocations=58 (full 0):
 garbage-first heap   total 686080K, used 569591K [0x0000000700000000, 0x0000000800000000)
  region size 2048K, 74 young (151552K), 10 survivors (20480K)
 Metaspace       used 121804K, committed 123776K, reserved 1179648K
  class space    used 16779K, committed 17664K, reserved 1048576K
}
Event: 36.262 GC heap after
{Heap after GC invocations=59 (full 0):
 garbage-first heap   total 686080K, used 457528K [0x0000000700000000, 0x0000000800000000)
  region size 2048K, 10 young (20480K), 10 survivors (20480K)
 Metaspace       used 121804K, committed 123776K, reserved 1179648K
  class space    used 16779K, committed 17664K, reserved 1048576K
}
Event: 37.082 GC heap before
{Heap before GC invocations=59 (full 0):
 garbage-first heap   total 686080K, used 570168K [0x0000000700000000, 0x0000000800000000)
  region size 2048K, 66 young (135168K), 10 survivors (20480K)
 Metaspace       used 124853K, committed 126848K, reserved 1179648K
  class space    used 17259K, committed 18176K, reserved 1048576K
}
Event: 37.114 GC heap after
{Heap after GC invocations=60 (full 0):
 garbage-first heap   total 686080K, used 472799K [0x0000000700000000, 0x0000000800000000)
  region size 2048K, 7 young (14336K), 7 survivors (14336K)
 Metaspace       used 124853K, committed 126848K, reserved 1179648K
  class space    used 17259K, committed 18176K, reserved 1048576K
}
Event: 38.280 GC heap before
{Heap before GC invocations=61 (full 0):
 garbage-first heap   total 901120K, used 575199K [0x0000000700000000, 0x0000000800000000)
  region size 2048K, 58 young (118784K), 7 survivors (14336K)
 Metaspace       used 126547K, committed 128512K, reserved 1179648K
  class space    used 17501K, committed 18368K, reserved 1048576K
}
Event: 38.310 GC heap after
{Heap after GC invocations=62 (full 0):
 garbage-first heap   total 901120K, used 483932K [0x0000000700000000, 0x0000000800000000)
  region size 2048K, 6 young (12288K), 6 survivors (12288K)
 Metaspace       used 126547K, committed 128512K, reserved 1179648K
  class space    used 17501K, committed 18368K, reserved 1048576K
}
Event: 38.450 GC heap before
{Heap before GC invocations=62 (full 0):
 garbage-first heap   total 901120K, used 516700K [0x0000000700000000, 0x0000000800000000)
  region size 2048K, 22 young (45056K), 6 survivors (12288K)
 Metaspace       used 126744K, committed 128768K, reserved 1179648K
  class space    used 17543K, committed 18432K, reserved 1048576K
}

Deoptimization events (20 events):
Event: 38.225 Thread 0x0000029d256234a0 DEOPT PACKING pc=0x0000029ccbf31290 sp=0x000000ba761fef70
Event: 38.225 Thread 0x0000029d256234a0 DEOPT UNPACKING pc=0x0000029ccaef5ba3 sp=0x000000ba761fef40 mode 2
Event: 38.258 Thread 0x0000029d29cb1120 DEOPT PACKING pc=0x0000029cc5effc42 sp=0x000000ba794f9a60
Event: 38.258 Thread 0x0000029d29cb1120 DEOPT UNPACKING pc=0x0000029ccaef66e3 sp=0x000000ba794f8f78 mode 0
Event: 38.336 Thread 0x0000029d29b16f90 DEOPT PACKING pc=0x0000029cc5aceed4 sp=0x000000ba7abfbcd0
Event: 38.336 Thread 0x0000029d29b16f90 DEOPT UNPACKING pc=0x0000029ccaef66e3 sp=0x000000ba7abfb250 mode 0
Event: 38.356 Thread 0x0000029d29b179b0 Uncommon trap: trap_request=0xffffffde fr.pc=0x0000029ccc21f918 relative=0x0000000000000118
Event: 38.356 Thread 0x0000029d29b179b0 Uncommon trap: reason=class_check action=maybe_recompile pc=0x0000029ccc21f918 method=com.android.tools.r8.internal.UM$a.a(Lcom/android/tools/r8/internal/UM;)Lcom/android/tools/r8/internal/UM$a; @ 6 c2
Event: 38.356 Thread 0x0000029d29b179b0 DEOPT PACKING pc=0x0000029ccc21f918 sp=0x000000ba7acfa360
Event: 38.356 Thread 0x0000029d29b179b0 DEOPT UNPACKING pc=0x0000029ccaef5ba3 sp=0x000000ba7acfa310 mode 2
Event: 38.365 Thread 0x0000029d29caedb0 Uncommon trap: trap_request=0xffffff45 fr.pc=0x0000029ccc211ad8 relative=0x00000000000000b8
Event: 38.365 Thread 0x0000029d29caedb0 Uncommon trap: reason=unstable_if action=reinterpret pc=0x0000029ccc211ad8 method=com.android.tools.r8.internal.Wv.a(Ljava/util/Iterator;Lcom/android/tools/r8/internal/YM;)Z @ 34 c2
Event: 38.365 Thread 0x0000029d29caedb0 DEOPT PACKING pc=0x0000029ccc211ad8 sp=0x000000ba7a0fa850
Event: 38.365 Thread 0x0000029d29caedb0 DEOPT UNPACKING pc=0x0000029ccaef5ba3 sp=0x000000ba7a0fa7e8 mode 2
Event: 38.365 Thread 0x0000029d29caedb0 Uncommon trap: trap_request=0xffffff45 fr.pc=0x0000029ccc211ad8 relative=0x00000000000000b8
Event: 38.365 Thread 0x0000029d29caedb0 Uncommon trap: reason=unstable_if action=reinterpret pc=0x0000029ccc211ad8 method=com.android.tools.r8.internal.Wv.a(Ljava/util/Iterator;Lcom/android/tools/r8/internal/YM;)Z @ 34 c2
Event: 38.365 Thread 0x0000029d29caedb0 DEOPT PACKING pc=0x0000029ccc211ad8 sp=0x000000ba7a0fa9d0
Event: 38.365 Thread 0x0000029d29caedb0 DEOPT UNPACKING pc=0x0000029ccaef5ba3 sp=0x000000ba7a0fa978 mode 2
Event: 38.426 Thread 0x0000029d29cb1120 DEOPT PACKING pc=0x0000029cc5effc42 sp=0x000000ba794f9720
Event: 38.426 Thread 0x0000029d29cb1120 DEOPT UNPACKING pc=0x0000029ccaef66e3 sp=0x000000ba794f8c38 mode 0

Classes unloaded (20 events):
Event: 33.660 Thread 0x0000029cdeec1cc0 Unloading class 0x0000029ce0c9b770 '_BuildScript_$_run_closure2$_closure8'
Event: 33.660 Thread 0x0000029cdeec1cc0 Unloading class 0x0000029ce0c9b388 '_BuildScript_$_run_closure2$_closure7'
Event: 33.660 Thread 0x0000029cdeec1cc0 Unloading class 0x0000029ce0c9afa0 '_BuildScript_$_run_closure2$_closure6'
Event: 33.660 Thread 0x0000029cdeec1cc0 Unloading class 0x0000029ce0c9abb8 '_BuildScript_$_run_closure2$_closure5'
Event: 33.660 Thread 0x0000029cdeec1cc0 Unloading class 0x0000029ce0c9a7d0 '_BuildScript_$_run_closure2$_closure4'
Event: 33.660 Thread 0x0000029cdeec1cc0 Unloading class 0x0000029ce0c9a3e8 '_BuildScript_$_run_closure2'
Event: 33.660 Thread 0x0000029cdeec1cc0 Unloading class 0x0000029ce0c9a000 '_BuildScript_$_run_closure1$_closure3'
Event: 33.660 Thread 0x0000029cdeec1cc0 Unloading class 0x0000029ce0c97c00 '_BuildScript_$_run_closure1'
Event: 33.660 Thread 0x0000029cdeec1cc0 Unloading class 0x0000029ce0c99800 '_BuildScript_'
Event: 33.660 Thread 0x0000029cdeec1cc0 Unloading class 0x0000029ce0b60000 '_BuildScript_$_run_closure3'
Event: 33.660 Thread 0x0000029cdeec1cc0 Unloading class 0x0000029ce0b5bbb8 '_BuildScript_$_run_closure2$_closure6$_closure7'
Event: 33.660 Thread 0x0000029cdeec1cc0 Unloading class 0x0000029ce0b5b7d0 '_BuildScript_$_run_closure2$_closure6'
Event: 33.660 Thread 0x0000029cdeec1cc0 Unloading class 0x0000029ce0b5b3e8 '_BuildScript_$_run_closure2$_closure5'
Event: 33.660 Thread 0x0000029cdeec1cc0 Unloading class 0x0000029ce0b5b000 '_BuildScript_$_run_closure2$_closure4'
Event: 33.660 Thread 0x0000029cdeec1cc0 Unloading class 0x0000029ce0b5a920 '_BuildScript_$_run_closure2'
Event: 33.660 Thread 0x0000029cdeec1cc0 Unloading class 0x0000029ce0b5a538 '_BuildScript_$_run_closure1'
Event: 33.660 Thread 0x0000029cdeec1cc0 Unloading class 0x0000029ce0b5a000 '_BuildScript_'
Event: 37.797 Thread 0x0000029cdeec1cc0 Unloading class 0x0000029ce1031400 'java/lang/invoke/LambdaForm$MH+0x0000029ce1031400'
Event: 37.797 Thread 0x0000029cdeec1cc0 Unloading class 0x0000029ce1030c00 'java/lang/invoke/LambdaForm$DMH+0x0000029ce1030c00'
Event: 37.797 Thread 0x0000029cdeec1cc0 Unloading class 0x0000029ce1030000 'java/lang/invoke/LambdaForm$DMH+0x0000029ce1030000'

Classes redefined (0 events):
No events

Internal exceptions (20 events):
Event: 35.754 Thread 0x0000029d29b16f90 Exception <a 'java/lang/NoSuchMethodError'{0x0000000727f02e20}: 'void java.lang.invoke.DirectMethodHandle$Holder.invokeSpecial(java.lang.Object, java.lang.Object, int, java.lang.Object)'> (0x0000000727f02e20) 
thrown [s\open\src\hotspot\share\interpreter\linkResolver.cpp, line 759]
Event: 35.837 Thread 0x0000029d29b16f90 Exception <a 'java/lang/NoSuchMethodError'{0x0000000726321cd0}: 'long java.lang.invoke.DirectMethodHandle$Holder.invokeStatic(java.lang.Object, java.lang.Object)'> (0x0000000726321cd0) 
thrown [s\open\src\hotspot\share\interpreter\linkResolver.cpp, line 759]
Event: 36.015 Thread 0x0000029d29cb1120 Exception <a 'java/lang/NoSuchMethodError'{0x000000072413cef8}: 'int java.lang.invoke.DirectMethodHandle$Holder.invokeSpecial(java.lang.Object, java.lang.Object, java.lang.Object, int)'> (0x000000072413cef8) 
thrown [s\open\src\hotspot\share\interpreter\linkResolver.cpp, line 759]
Event: 36.015 Thread 0x0000029d29b16f90 Exception <a 'java/lang/NoSuchMethodError'{0x0000000723ec5ea8}: 'int java.lang.invoke.DirectMethodHandle$Holder.invokeSpecial(java.lang.Object, java.lang.Object, java.lang.Object, int)'> (0x0000000723ec5ea8) 
thrown [s\open\src\hotspot\share\interpreter\linkResolver.cpp, line 759]
Event: 36.637 Thread 0x0000029d29b16f90 Exception <a 'java/lang/NoSuchMethodError'{0x00000007268c62e0}: 'java.lang.Object java.lang.invoke.DirectMethodHandle$Holder.newInvokeSpecial(java.lang.Object, java.lang.Object, int, java.lang.Object, java.lang.Object, java.lang.Object)'> (0x00000007268c62e0) 
thrown [s\open\src\hotspot\share\interpreter\linkResolver.cpp, line 759]
Event: 36.638 Thread 0x0000029d29b16f90 Exception <a 'java/lang/NoSuchMethodError'{0x00000007268ce2a8}: 'java.lang.Object java.lang.invoke.Invokers$Holder.linkToTargetMethod(java.lang.Object, int, java.lang.Object, java.lang.Object, java.lang.Object, java.lang.Object)'> (0x00000007268ce2a8) 
thrown [s\open\src\hotspot\share\interpreter\linkResolver.cpp, line 759]
Event: 36.646 Thread 0x0000029d29b16f90 Exception <a 'java/lang/NoSuchMethodError'{0x00000007268ff248}: 'void java.lang.invoke.DirectMethodHandle$Holder.invokeStatic(java.lang.Object, java.lang.Object, java.lang.Object, java.lang.Object, java.lang.Object, java.lang.Object, java.lang.Object, java.lang.Object)'> (0x00000007268ff248) 
thrown [s\open\src\hotspot\share\interpreter\linkResolver.cpp, line 759]
Event: 36.784 Thread 0x0000029d29b16f90 Exception <a 'java/lang/ClassCastException'{0x00000007254d67c8}: class kotlin.reflect.jvm.internal.ReflectionFactoryImpl cannot be cast to class com.android.tools.r8.internal.SS (kotlin.reflect.jvm.internal.ReflectionFactoryImpl is in unnamed module of loader org.gradle.internal.classloader.VisitableURLClassLoader @7de26db8; com.android.tools.r8.internal.SS is in unnamed module of loader org.gradle.internal.classloader.VisitableURLClassLoader @6fdffd97)> (0x00000007254d67c8) 
thrown [s\open\src\hotspot\sha
Event: 37.036 Thread 0x0000029d29b16f90 Exception <a 'java/lang/NoSuchMethodError'{0x00000007232c89c8}: 'java.lang.Object java.lang.invoke.DirectMethodHandle$Holder.invokeVirtual(java.lang.Object, java.lang.Object, int)'> (0x00000007232c89c8) 
thrown [s\open\src\hotspot\share\interpreter\linkResolver.cpp, line 759]
Event: 37.038 Thread 0x0000029d29b16f90 Exception <a 'java/lang/NoSuchMethodError'{0x00000007232d6598}: 'java.lang.Object java.lang.invoke.DirectMethodHandle$Holder.invokeVirtual(java.lang.Object, java.lang.Object, int, java.lang.Object)'> (0x00000007232d6598) 
thrown [s\open\src\hotspot\share\interpreter\linkResolver.cpp, line 759]
Event: 37.050 Thread 0x0000029d29b16f90 Exception <a 'java/lang/NoSuchMethodError'{0x0000000723133d58}: 'java.lang.Object java.lang.invoke.DirectMethodHandle$Holder.invokeVirtual(java.lang.Object, java.lang.Object, int, java.lang.Object, int, int)'> (0x0000000723133d58) 
thrown [s\open\src\hotspot\share\interpreter\linkResolver.cpp, line 759]
Event: 37.447 Thread 0x0000029d29b16f90 Exception <a 'java/lang/IncompatibleClassChangeError'{0x0000000727621210}: Found class java.lang.Object, but interface was expected> (0x0000000727621210) 
thrown [s\open\src\hotspot\share\interpreter\linkResolver.cpp, line 826]
Event: 37.760 Thread 0x0000029d29b179b0 Exception <a 'sun/nio/fs/WindowsException'{0x0000000725e074c0}> (0x0000000725e074c0) 
thrown [s\open\src\hotspot\share\prims\jni.cpp, line 516]
Event: 38.074 Thread 0x0000029d29b16f90 Exception <a 'java/lang/NoSuchMethodError'{0x0000000735fb9cf0}: 'void java.lang.invoke.DirectMethodHandle$Holder.invokeSpecial(java.lang.Object, java.lang.Object, int)'> (0x0000000735fb9cf0) 
thrown [s\open\src\hotspot\share\interpreter\linkResolver.cpp, line 759]
Event: 38.119 Thread 0x0000029d29b16f90 Exception <a 'sun/nio/fs/WindowsException'{0x000000073594a060}> (0x000000073594a060) 
thrown [s\open\src\hotspot\share\prims\jni.cpp, line 516]
Event: 38.366 Thread 0x0000029d29caedb0 Exception <a 'java/lang/NoSuchMethodError'{0x000000073632ee08}: 'java.lang.Object java.lang.invoke.DirectMethodHandle$Holder.invokeSpecial(java.lang.Object, java.lang.Object, java.lang.Object, java.lang.Object, java.lang.Object, java.lang.Object, java.lang.Object, java.lang.Object, java.lang.Object, java.lang.Object, java.lang.Object)'> (0x000000073632ee08) 
thrown [s\open\src\hotspot\share\interpreter\linkResolver.cpp, line 759]
Event: 38.369 Thread 0x0000029d29caedb0 Exception <a 'java/lang/NoSuchMethodError'{0x000000073600baf0}: 'java.lang.Object java.lang.invoke.DirectMethodHandle$Holder.newInvokeSpecial(java.lang.Object, java.lang.Object, java.lang.Object, java.lang.Object, java.lang.Object, java.lang.Object, java.lang.Object, java.lang.Object, java.lang.Object, java.lang.Object)'> (0x000000073600baf0) 
thrown [s\open\src\hotspot\share\interpreter\linkResolver.cpp, line 759]
Event: 38.369 Thread 0x0000029d29caedb0 Exception <a 'java/lang/NoSuchMethodError'{0x0000000736010e38}: 'java.lang.Object java.lang.invoke.Invokers$Holder.linkToTargetMethod(java.lang.Object, java.lang.Object, java.lang.Object, java.lang.Object, java.lang.Object, java.lang.Object, java.lang.Object, java.lang.Object, java.lang.Object, java.lang.Object)'> (0x0000000736010e38) 
thrown [s\open\src\hotspot\share\interpreter\linkResolver.cpp, line 759]
Event: 38.370 Thread 0x0000029d29caedb0 Exception <a 'java/lang/NoSuchMethodError'{0x0000000736019818}: 'int java.lang.invoke.DirectMethodHandle$Holder.invokeSpecial(java.lang.Object, java.lang.Object, int)'> (0x0000000736019818) 
thrown [s\open\src\hotspot\share\interpreter\linkResolver.cpp, line 759]
Event: 38.391 Thread 0x0000029d29caedb0 Exception <a 'java/lang/IncompatibleClassChangeError'{0x0000000735d31c78}: Found class java.lang.Object, but interface was expected> (0x0000000735d31c78) 
thrown [s\open\src\hotspot\share\interpreter\linkResolver.cpp, line 826]

VM Operations (20 events):
Event: 37.077 Executing VM operation: G1CollectForAllocation done
Event: 37.082 Executing VM operation: G1CollectForAllocation
Event: 37.116 Executing VM operation: G1CollectForAllocation done
Event: 37.380 Executing VM operation: ICBufferFull
Event: 37.394 Executing VM operation: ICBufferFull done
Event: 37.450 Executing VM operation: HandshakeAllThreads
Event: 37.457 Executing VM operation: HandshakeAllThreads done
Event: 37.530 Executing VM operation: HandshakeAllThreads
Event: 37.536 Executing VM operation: HandshakeAllThreads done
Event: 37.667 Executing VM operation: ICBufferFull
Event: 37.673 Executing VM operation: ICBufferFull done
Event: 37.788 Executing VM operation: G1Concurrent
Event: 37.874 Executing VM operation: G1Concurrent done
Event: 38.158 Executing VM operation: ICBufferFull
Event: 38.159 Executing VM operation: ICBufferFull done
Event: 38.164 Executing VM operation: G1Concurrent
Event: 38.181 Executing VM operation: G1Concurrent done
Event: 38.268 Executing VM operation: G1CollectForAllocation
Event: 38.315 Executing VM operation: G1CollectForAllocation done
Event: 38.444 Executing VM operation: G1CollectForAllocation

Events (20 events):
Event: 35.993 loading class java/util/stream/SliceOps$1$1
Event: 35.993 loading class java/util/stream/SliceOps$1$1 done
Event: 35.993 loading class java/util/stream/SortedOps$RefSortingSink
Event: 35.993 loading class java/util/stream/SortedOps$RefSortingSink done
Event: 35.999 loading class java/util/PriorityQueue
Event: 35.999 loading class java/util/PriorityQueue done
Event: 36.012 loading class java/util/IdentityHashMap$ValueIterator
Event: 36.012 loading class java/util/IdentityHashMap$ValueIterator done
Event: 36.648 Thread 0x0000029d3036c230 Thread exited: 0x0000029d3036c230
Event: 36.761 Thread 0x0000029d3036b300 Thread added: 0x0000029d3036b300
Event: 37.646 loading class java/util/IdentityHashMap$KeySpliterator
Event: 37.647 loading class java/util/IdentityHashMap$IdentityHashMapSpliterator
Event: 37.647 loading class java/util/IdentityHashMap$IdentityHashMapSpliterator done
Event: 37.647 loading class java/util/IdentityHashMap$KeySpliterator done
Event: 37.722 loading class java/nio/ShortBuffer
Event: 37.723 loading class java/nio/ShortBuffer done
Event: 38.076 loading class java/nio/ByteBufferAsShortBufferL
Event: 38.077 loading class java/nio/ByteBufferAsShortBufferL done
Event: 38.114 loading class java/util/zip/Adler32
Event: 38.114 loading class java/util/zip/Adler32 done


Dynamic libraries:
0x00007ff618470000 - 0x00007ff618480000 	C:\Program Files\Java\jdk-17\bin\java.exe
0x00007fff87b70000 - 0x00007fff87d87000 	C:\Windows\SYSTEM32\ntdll.dll
0x00007fff87820000 - 0x00007fff878e4000 	C:\Windows\System32\KERNEL32.DLL
0x00007fff84f60000 - 0x00007fff8530d000 	C:\Windows\System32\KERNELBASE.dll
0x00007fff85640000 - 0x00007fff85751000 	C:\Windows\System32\ucrtbase.dll
0x00007fff5fc00000 - 0x00007fff5fc1b000 	C:\Program Files\Java\jdk-17\bin\VCRUNTIME140.dll
0x00007fff68cc0000 - 0x00007fff68cd9000 	C:\Program Files\Java\jdk-17\bin\jli.dll
0x00007fff86c80000 - 0x00007fff86d32000 	C:\Windows\System32\ADVAPI32.dll
0x00007fff872f0000 - 0x00007fff87397000 	C:\Windows\System32\msvcrt.dll
0x00007fff86d40000 - 0x00007fff86de9000 	C:\Windows\System32\sechost.dll
0x00007fff85760000 - 0x00007fff85788000 	C:\Windows\System32\bcrypt.dll
0x00007fff86190000 - 0x00007fff862a4000 	C:\Windows\System32\RPCRT4.dll
0x00007fff86640000 - 0x00007fff867ee000 	C:\Windows\System32\USER32.dll
0x00007fff85810000 - 0x00007fff85836000 	C:\Windows\System32\win32u.dll
0x00007fff872c0000 - 0x00007fff872e9000 	C:\Windows\System32\GDI32.dll
0x00007fff85520000 - 0x00007fff85639000 	C:\Windows\System32\gdi32full.dll
0x00007fff85310000 - 0x00007fff853aa000 	C:\Windows\System32\msvcp_win.dll
0x00007fff69960000 - 0x00007fff69bf3000 	C:\Windows\WinSxS\amd64_microsoft.windows.common-controls_6595b64144ccf1df_6.0.22621.3672_none_2713b9d173822955\COMCTL32.dll
0x00007fff80230000 - 0x00007fff8023a000 	C:\Windows\SYSTEM32\VERSION.dll
0x00007fff877e0000 - 0x00007fff87811000 	C:\Windows\System32\IMM32.DLL
0x00007fff81bc0000 - 0x00007fff81bcc000 	C:\Program Files\Java\jdk-17\bin\vcruntime140_1.dll
0x00007fff5fb70000 - 0x00007fff5fbfe000 	C:\Program Files\Java\jdk-17\bin\msvcp140.dll
0x00007ffef8e10000 - 0x00007ffef99f0000 	C:\Program Files\Java\jdk-17\bin\server\jvm.dll
0x00007fff87b20000 - 0x00007fff87b28000 	C:\Windows\System32\PSAPI.DLL
0x00007fff5fb60000 - 0x00007fff5fb69000 	C:\Windows\SYSTEM32\WSOCK32.dll
0x00007fff80420000 - 0x00007fff80454000 	C:\Windows\SYSTEM32\WINMM.dll
0x00007fff87240000 - 0x00007fff872b1000 	C:\Windows\System32\WS2_32.dll
0x00007fff83e90000 - 0x00007fff83ea8000 	C:\Windows\SYSTEM32\kernel.appcore.dll
0x00007fff5fb50000 - 0x00007fff5fb5a000 	C:\Program Files\Java\jdk-17\bin\jimage.dll
0x00007fff82250000 - 0x00007fff82482000 	C:\Windows\SYSTEM32\DBGHELP.DLL
0x00007fff862b0000 - 0x00007fff86638000 	C:\Windows\System32\combase.dll
0x00007fff87160000 - 0x00007fff87237000 	C:\Windows\System32\OLEAUT32.dll
0x00007fff5eab0000 - 0x00007fff5eae2000 	C:\Windows\SYSTEM32\dbgcore.DLL
0x00007fff85790000 - 0x00007fff8580b000 	C:\Windows\System32\bcryptPrimitives.dll
0x00007fff5c020000 - 0x00007fff5c045000 	C:\Program Files\Java\jdk-17\bin\java.dll
0x00007fff5b8d0000 - 0x00007fff5b9a7000 	C:\Program Files\Java\jdk-17\bin\jsvml.dll
0x00007fff85930000 - 0x00007fff8618f000 	C:\Windows\System32\SHELL32.dll
0x00007fff82da0000 - 0x00007fff8369c000 	C:\Windows\SYSTEM32\windows.storage.dll
0x00007fff82c60000 - 0x00007fff82d9f000 	C:\Windows\SYSTEM32\wintypes.dll
0x00007fff876c0000 - 0x00007fff877b4000 	C:\Windows\System32\SHCORE.dll
0x00007fff86df0000 - 0x00007fff86e4e000 	C:\Windows\System32\shlwapi.dll
0x00007fff84dd0000 - 0x00007fff84df1000 	C:\Windows\SYSTEM32\profapi.dll
0x00007fff5bfd0000 - 0x00007fff5bfe9000 	C:\Program Files\Java\jdk-17\bin\net.dll
0x00007fff816c0000 - 0x00007fff817f6000 	C:\Windows\SYSTEM32\WINHTTP.dll
0x00007fff842f0000 - 0x00007fff84359000 	C:\Windows\system32\mswsock.dll
0x00007fff5bfb0000 - 0x00007fff5bfc6000 	C:\Program Files\Java\jdk-17\bin\nio.dll
0x00007fff5bee0000 - 0x00007fff5bef8000 	C:\Program Files\Java\jdk-17\bin\zip.dll
0x00007fff5bf50000 - 0x00007fff5bf60000 	C:\Program Files\Java\jdk-17\bin\verify.dll
0x00007fff7e1c0000 - 0x00007fff7e1e7000 	C:\Users\Alghazzawi\.gradle\native\c067742578af261105cb4f569cf0c3c89f3d7b1fecec35dd04571415982c5e48\windows-amd64\native-platform.dll
0x00007fff347e0000 - 0x00007fff34924000 	C:\Users\Alghazzawi\.gradle\native\38dada09dfb8b06ba9b0570ebf7e218e3eb74d4ef43ca46872605cf95ebc2f47\windows-amd64\native-platform-file-events.dll
0x00007fff5c010000 - 0x00007fff5c01a000 	C:\Program Files\Java\jdk-17\bin\management.dll
0x00007fff5bfa0000 - 0x00007fff5bfab000 	C:\Program Files\Java\jdk-17\bin\management_ext.dll
0x00007fff84640000 - 0x00007fff8465b000 	C:\Windows\SYSTEM32\CRYPTSP.dll
0x00007fff83df0000 - 0x00007fff83e25000 	C:\Windows\system32\rsaenh.dll
0x00007fff84390000 - 0x00007fff843b8000 	C:\Windows\SYSTEM32\USERENV.dll
0x00007fff84620000 - 0x00007fff8462c000 	C:\Windows\SYSTEM32\CRYPTBASE.dll
0x00007fff83900000 - 0x00007fff8392d000 	C:\Windows\SYSTEM32\IPHLPAPI.DLL
0x00007fff877c0000 - 0x00007fff877c9000 	C:\Windows\System32\NSI.dll
0x00007fff81550000 - 0x00007fff81569000 	C:\Windows\SYSTEM32\dhcpcsvc6.DLL
0x00007fff81520000 - 0x00007fff8153f000 	C:\Windows\SYSTEM32\dhcpcsvc.DLL
0x00007fff83970000 - 0x00007fff83a68000 	C:\Windows\SYSTEM32\DNSAPI.dll
0x00007fff5bf90000 - 0x00007fff5bf9e000 	C:\Program Files\Java\jdk-17\bin\sunmscapi.dll
0x00007fff853b0000 - 0x00007fff85517000 	C:\Windows\System32\CRYPT32.dll
0x00007fff84740000 - 0x00007fff8476e000 	C:\Windows\SYSTEM32\ncrypt.dll
0x00007fff84700000 - 0x00007fff84737000 	C:\Windows\SYSTEM32\NTASN1.dll
0x00007fff5bf40000 - 0x00007fff5bf48000 	C:\Windows\system32\wshunix.dll
0x00007fff803b0000 - 0x00007fff803ba000 	C:\Windows\System32\rasadhlp.dll
0x00007fff80650000 - 0x00007fff806d3000 	C:\Windows\System32\fwpuclnt.dll
0x00007fff7e240000 - 0x00007fff7e25e000 	C:\Users\Alghazzawi\AppData\Local\Temp\native-platform15887968012020977431dir\native-platform.dll

dbghelp: loaded successfully - version: 4.0.5 - missing functions: none
symbol engine: initialized successfully - sym options: 0x614 - pdb path: .;C:\Program Files\Java\jdk-17\bin;C:\Windows\SYSTEM32;C:\Windows\WinSxS\amd64_microsoft.windows.common-controls_6595b64144ccf1df_6.0.22621.3672_none_2713b9d173822955;C:\Program Files\Java\jdk-17\bin\server;C:\Users\Alghazzawi\.gradle\native\c067742578af261105cb4f569cf0c3c89f3d7b1fecec35dd04571415982c5e48\windows-amd64;C:\Users\Alghazzawi\.gradle\native\38dada09dfb8b06ba9b0570ebf7e218e3eb74d4ef43ca46872605cf95ebc2f47\windows-amd64;C:\Users\Alghazzawi\AppData\Local\Temp\native-platform15887968012020977431dir

VM Arguments:
jvm_args: -XX:+HeapDumpOnOutOfMemoryError --add-opens=java.base/java.util=ALL-UNNAMED --add-opens=java.base/java.lang=ALL-UNNAMED --add-opens=java.base/java.lang.invoke=ALL-UNNAMED --add-opens=java.prefs/java.util.prefs=ALL-UNNAMED --add-opens=java.base/java.nio.charset=ALL-UNNAMED --add-opens=java.base/java.net=ALL-UNNAMED --add-opens=java.base/java.util.concurrent.atomic=ALL-UNNAMED -Xmx4G -Dfile.encoding=windows-1256 -Duser.country=US -Duser.language=en -Duser.variant 
java_command: org.gradle.launcher.daemon.bootstrap.GradleDaemon 7.6.3
java_class_path (initial): C:\Users\Alghazzawi\.gradle\wrapper\dists\gradle-7.6.3-all\aocdy2d2z8kodnny3rsumj8i8\gradle-7.6.3\lib\gradle-launcher-7.6.3.jar
Launcher Type: SUN_STANDARD

[Global flags]
     intx CICompilerCount                          = 4                                         {product} {ergonomic}
     uint ConcGCThreads                            = 2                                         {product} {ergonomic}
     uint G1ConcRefinementThreads                  = 8                                         {product} {ergonomic}
   size_t G1HeapRegionSize                         = 2097152                                   {product} {ergonomic}
    uintx GCDrainStackTargetSize                   = 64                                        {product} {ergonomic}
     bool HeapDumpOnOutOfMemoryError               = true                                   {manageable} {command line}
   size_t InitialHeapSize                          = 130023424                                 {product} {ergonomic}
   size_t MarkStackSize                            = 4194304                                   {product} {ergonomic}
   size_t MaxHeapSize                              = 4294967296                                {product} {command line}
   size_t MaxNewSize                               = 2575302656                                {product} {ergonomic}
   size_t MinHeapDeltaBytes                        = 2097152                                   {product} {ergonomic}
   size_t MinHeapSize                              = 8388608                                   {product} {ergonomic}
    uintx NonNMethodCodeHeapSize                   = 5839372                                {pd product} {ergonomic}
    uintx NonProfiledCodeHeapSize                  = 122909434                              {pd product} {ergonomic}
    uintx ProfiledCodeHeapSize                     = 122909434                              {pd product} {ergonomic}
    uintx ReservedCodeCacheSize                    = 251658240                              {pd product} {ergonomic}
     bool SegmentedCodeCache                       = true                                      {product} {ergonomic}
   size_t SoftMaxHeapSize                          = 4294967296                             {manageable} {ergonomic}
     bool UseCompressedClassPointers               = true                           {product lp64_product} {ergonomic}
     bool UseCompressedOops                        = true                           {product lp64_product} {ergonomic}
     bool UseG1GC                                  = true                                      {product} {ergonomic}
     bool UseLargePagesIndividualAllocation        = false                                  {pd product} {ergonomic}

Logging:
Log output configuration:
 #0: stdout all=warning uptime,level,tags
 #1: stderr all=off uptime,level,tags

Environment Variables:
JAVA_HOME=C:\Program Files\Java\jdk-17
CLASSPATH=F:\university_bus\android\\gradle\wrapper\gradle-wrapper.jar
PATH=C:\Program Files\Java\jdk-17\bin;C:\Program Files\Common Files\Oracle\Java\javapath;C:\Windows\system32;C:\Windows;C:\Windows\System32\Wbem;C:\Windows\System32\WindowsPowerShell\v1.0\;C:\Windows\System32\OpenSSH\;C:\Program Files\Microsoft SQL Server\Client SDK\ODBC\170\Tools\Binn\;C:\Program Files (x86)\Microsoft SQL Server\160\Tools\Binn\;C:\Program Files\Microsoft SQL Server\160\Tools\Binn\;C:\Program Files\Microsoft SQL Server\160\DTS\Binn\;C:\Program Files (x86)\Microsoft SQL Server\160\DTS\Binn\;C:\Program Files\Microsoft SQL Server\150\Tools\Binn\;C:\Program Files\Dart\dart-sdk\bin;C:\Program Files\dotnet\;C:\Program Files (x86)\Windows Kits\10\Windows Performance Toolkit\;C:\ProgramData\chocolatey\bin;C:\Program Files\Git\cmd;C:\Program Files\nodejs\;C:\Program Files\Java\jdk-17;C:\Users\Alghazzawi\AppData\Local\Programs\Python\Launcher\;C:\Users\Alghazzawi\AppData\Local\Microsoft\WindowsApps;C:\Program Files\Azure Data Studio\bin;C:\Users\Alghazzawi\.dotnet\tools;C:\Program Files\JetBrains\IntelliJ IDEA Community Edition 2023.2.1\bin;C:\Users\Alghazzawi\AppData\Local\Pub\Cache\bin;C:\tools\dart-sdk\bin;C:\Users\Alghazzawi\AppData\Roaming\npm;C:\Users\Alghazzawi\AppData\Local\Programs\Microsoft VS Code\bin;C:\Users\Alghazzawi\flutter_windows_3.22.2-stable\flutter\bin;C:\Program Files\Java\jdk-17;;C:\Users\Alghazzawi\flutter_windows_3.22.2-stable\flutter\bin\mingit\cmd;C:\Users\Alghazzawi\flutter_windows_3.22.2-stable\flutter\bin\mingit\cmd
USERNAME=Alghazzawi
OS=Windows_NT
PROCESSOR_IDENTIFIER=Intel64 Family 6 Model 140 Stepping 1, GenuineIntel



---------------  S Y S T E M  ---------------

OS:
 Windows 11 , 64 bit Build 22621 (10.0.22621.3672)
OS uptime: 0 days 0:48 hours
Hyper-V role detected

CPU: total 8 (initial active 8) (4 cores per cpu, 2 threads per core) family 6 model 140 stepping 1 microcode 0xac, cx8, cmov, fxsr, ht, mmx, 3dnowpref, sse, sse2, sse3, ssse3, sse4.1, sse4.2, popcnt, lzcnt, tsc, tscinvbit, avx, avx2, aes, erms, clmul, bmi1, bmi2, adx, avx512f, avx512dq, avx512cd, avx512bw, avx512vl, sha, fma, vzeroupper, avx512_vpopcntdq, avx512_vpclmulqdq, avx512_vaes, avx512_vnni, clflush, clflushopt, clwb, avx512_vbmi2, avx512_vbmi, hv

Memory: 4k page, system-wide physical 7932M (421M free)
TotalPageFile size 20432M (AvailPageFile size 357M)
current process WorkingSet (physical memory assigned to process): 1111M, peak: 1112M
current process commit charge ("private bytes"): 1517M, peak: 2289M

vm_info: Java HotSpot(TM) 64-Bit Server VM (17.0.12+8-LTS-286) for windows-amd64 JRE (17.0.12+8-LTS-286), built on Jun  5 2024 06:46:59 by "mach5one" with MS VC++ 17.6 (VS2022)

END.
