#
# There is insufficient memory for the Java Runtime Environment to continue.
# Native memory allocation (malloc) failed to allocate 1980896 bytes for Chunk::new
# Possible reasons:
#   The system is out of physical RAM or swap space
#   The process is running with CompressedOops enabled, and the Java Heap may be blocking the growth of the native heap
# Possible solutions:
#   Reduce memory load on the system
#   Increase physical memory or swap space
#   Check if swap backing store is full
#   Decrease Java heap size (-Xmx/-Xms)
#   Decrease number of Java threads
#   Decrease Java thread stack sizes (-Xss)
#   Set larger code cache with -XX:ReservedCodeCacheSize=
#   JVM is running with Zero Based Compressed Oops mode in which the Java heap is
#     placed in the first 32GB address space. The Java Heap base address is the
#     maximum limit for the native heap growth. Please use -XX:HeapBaseMinAddress
#     to set the Java Heap base and to place the Java Heap above 32GB virtual address.
# This output file may be truncated or incomplete.
#
#  Out of Memory Error (arena.cpp:189), pid=4804, tid=16612
#
# JRE version: Java(TM) SE Runtime Environment (17.0.12+8) (build 17.0.12+8-LTS-286)
# Java VM: Java HotSpot(TM) 64-Bit Server VM (17.0.12+8-LTS-286, mixed mode, sharing, tiered, compressed oops, compressed class ptrs, g1 gc, windows-amd64)
# No core dump will be written. Minidumps are not enabled by default on client versions of Windows
#

---------------  S U M M A R Y ------------

Command Line: -XX:+HeapDumpOnOutOfMemoryError --add-opens=java.base/java.util=ALL-UNNAMED --add-opens=java.base/java.lang=ALL-UNNAMED --add-opens=java.base/java.lang.invoke=ALL-UNNAMED --add-opens=java.base/java.util=ALL-UNNAMED --add-opens=java.prefs/java.util.prefs=ALL-UNNAMED --add-opens=java.prefs/java.util.prefs=ALL-UNNAMED --add-opens=java.base/java.nio.charset=ALL-UNNAMED --add-opens=java.base/java.net=ALL-UNNAMED --add-opens=java.base/java.util.concurrent.atomic=ALL-UNNAMED -Xmx4G -Dfile.encoding=windows-1256 -Duser.country=US -Duser.language=en -Duser.variant org.gradle.launcher.daemon.bootstrap.GradleDaemon 7.4.1

Host: 11th Gen Intel(R) Core(TM) i7-1165G7 @ 2.80GHz, 8 cores, 7G,  Windows 11 , 64 bit Build 22621 (10.0.22621.3672)
Time: Wed Jul 17 20:35:41 2024 Jordan Standard Time elapsed time: 793.951678 seconds (0d 0h 13m 13s)

---------------  T H R E A D  ---------------

Current thread (0x000001c1396b9ed0):  JavaThread "C2 CompilerThread1" daemon [_thread_in_native, id=16612, stack(0x000000af81100000,0x000000af81200000)]


Current CompileTask:
C2: 793951 41075       4       org.gradle.api.internal.artifacts.ivyservice.resolutionstrategy.DefaultResolutionStrategy_Decorated::<init> (30 bytes)

Stack: [0x000000af81100000,0x000000af81200000]
Native frames: (J=compiled Java code, j=interpreted, Vv=VM code, C=native code)
V  [jvm.dll+0x67a04a]
V  [jvm.dll+0x7da4ed]
V  [jvm.dll+0x7dbe33]
V  [jvm.dll+0x7dc4a3]
V  [jvm.dll+0x24508f]
V  [jvm.dll+0xab773]
V  [jvm.dll+0xabd3c]
V  [jvm.dll+0x361bee]
V  [jvm.dll+0x32c431]
V  [jvm.dll+0x32b8ca]
V  [jvm.dll+0x21683f]
V  [jvm.dll+0x215c6f]
V  [jvm.dll+0x1a2960]
V  [jvm.dll+0x22610b]
V  [jvm.dll+0x2242ab]
V  [jvm.dll+0x79075c]
V  [jvm.dll+0x78abea]
V  [jvm.dll+0x678f35]
C  [ucrtbase.dll+0x29333]
C  [KERNEL32.DLL+0x1257d]
C  [ntdll.dll+0x5af28]


---------------  P R O C E S S  ---------------

Threads class SMR info:
_java_thread_list=0x000001c139b85280, length=139, elements={
0x000001c0ad1ac5d0, 0x000001c0cffa82b0, 0x000001c0cffa8e70, 0x000001c0cffbc7b0,
0x000001c0cffbe180, 0x000001c0cffbeb40, 0x000001c0cffbf500, 0x000001c0cffc26c0,
0x000001c0cffc3170, 0x000001c0cffc5f80, 0x000001c0d020f0d0, 0x000001c0d02155d0,
0x000001c117376090, 0x000001c117338c00, 0x000001c117469400, 0x000001c1181dcb10,
0x000001c1181ddf50, 0x000001c1181dacb0, 0x000001c1181da290, 0x000001c1181db1c0,
0x000001c1181dd020, 0x000001c1181dbbe0, 0x000001c1181df390, 0x000001c1181dfdb0,
0x000001c11aaf0800, 0x000001c11aaf0d10, 0x000001c11aaee9a0, 0x000001c11aaf1c40,
0x000001c11b30b350, 0x000001c11b3094f0, 0x000001c11b309f10, 0x000001c11b30a420,
0x000001c12926c5a0, 0x000001c11bbf0250, 0x000001c1398a4540, 0x000001c11bd4a480,
0x000001c11bd49040, 0x000001c12b17c270, 0x000001c12b17d6b0, 0x000001c12bcde940,
0x000001c12bcdf360, 0x000001c12b17dbc0, 0x000001c12b17c780, 0x000001c139f186a0,
0x000001c139f15910, 0x000001c139f18190, 0x000001c1396b9ed0, 0x000001c1393d6ef0,
0x000001c11bd49550, 0x000001c11bd49a60, 0x000001c11bd49f70, 0x000001c11bd48110,
0x000001c11bd4a990, 0x000001c11bd471e0, 0x000001c11bd476f0, 0x000001c11bd47c00,
0x000001c11bd48620, 0x000001c12c41ab60, 0x000001c12c41bfa0, 0x000001c1393d8840,
0x000001c1393d55a0, 0x000001c1393d69e0, 0x000001c1393d64d0, 0x000001c1393d7400,
0x000001c1393d8330, 0x000001c1393d5090, 0x000001c1393d7910, 0x000001c1393d5ab0,
0x000001c1393d7e20, 0x000001c1398a3100, 0x000001c11a7d8950, 0x000001c1398a4030,
0x000001c1398a4a50, 0x000001c1398a3610, 0x000001c11b761200, 0x000001c11b761c20,
0x000001c11b7602d0, 0x000001c12a3919c0, 0x000001c12a393310, 0x000001c12a393820,
0x000001c12a391ed0, 0x000001c12a390070, 0x000001c12a392e00, 0x000001c12a390580,
0x000001c12a3914b0, 0x000001c12a390a90, 0x000001c12a390fa0, 0x000001c12a3923e0,
0x000001c12a3928f0, 0x000001c13b9d3de0, 0x000001c13b9d4d10, 0x000001c13b9d33c0,
0x000001c13b9d6b70, 0x000001c13b9d5c40, 0x000001c13b9d5730, 0x000001c13b9d38d0,
0x000001c13b9d42f0, 0x000001c13b9d6660, 0x000001c13b9d4800, 0x000001c13b9d5220,
0x000001c13b9d6150, 0x000001c12ae25cd0, 0x000001c12ae257c0, 0x000001c12ae24da0,
0x000001c12ae266f0, 0x000001c12ae23e70, 0x000001c12ae261e0, 0x000001c12ae252b0,
0x000001c12ae22f40, 0x000001c12ae23450, 0x000001c12ae23960, 0x000001c12ae24380,
0x000001c12ae24890, 0x000001c11752ad20, 0x000001c11752b230, 0x000001c117529df0,
0x000001c11752c160, 0x000001c13930b2b0, 0x000001c13930b7c0, 0x000001c13930cc00,
0x000001c13930bcd0, 0x000001c13930c1e0, 0x000001c12926b670, 0x000001c129268df0,
0x000001c129269300, 0x000001c129269810, 0x000001c12926bb80, 0x000001c129269d20,
0x000001c12926b160, 0x000001c12926a230, 0x000001c11752a300, 0x000001c12c41c4b0,
0x000001c12c41b070, 0x000001c12c41b580, 0x000001c13c835aa0, 0x000001c13c835fb0,
0x000001c13c834b70, 0x000001c13c835590, 0x000001c11752c670
}

Java Threads: ( => current thread )
  0x000001c0ad1ac5d0 JavaThread "main" [_thread_blocked, id=18608, stack(0x000000aff9600000,0x000000aff9700000)]
  0x000001c0cffa82b0 JavaThread "Reference Handler" daemon [_thread_blocked, id=14420, stack(0x000000aff9d00000,0x000000aff9e00000)]
  0x000001c0cffa8e70 JavaThread "Finalizer" daemon [_thread_blocked, id=11420, stack(0x000000aff9e00000,0x000000aff9f00000)]
  0x000001c0cffbc7b0 JavaThread "Signal Dispatcher" daemon [_thread_blocked, id=304, stack(0x000000aff9f00000,0x000000affa000000)]
  0x000001c0cffbe180 JavaThread "Attach Listener" daemon [_thread_blocked, id=15840, stack(0x000000affa000000,0x000000affa100000)]
  0x000001c0cffbeb40 JavaThread "Service Thread" daemon [_thread_blocked, id=18460, stack(0x000000affa100000,0x000000affa200000)]
  0x000001c0cffbf500 JavaThread "Monitor Deflation Thread" daemon [_thread_blocked, id=18332, stack(0x000000affa200000,0x000000affa300000)]
  0x000001c0cffc26c0 JavaThread "C2 CompilerThread0" daemon [_thread_in_native, id=8524, stack(0x000000affa300000,0x000000affa400000)]
  0x000001c0cffc3170 JavaThread "C1 CompilerThread0" daemon [_thread_blocked, id=18940, stack(0x000000affa400000,0x000000affa500000)]
  0x000001c0cffc5f80 JavaThread "Sweeper thread" daemon [_thread_blocked, id=3744, stack(0x000000affa500000,0x000000affa600000)]
  0x000001c0d020f0d0 JavaThread "Common-Cleaner" daemon [_thread_blocked, id=12044, stack(0x000000affa600000,0x000000affa700000)]
  0x000001c0d02155d0 JavaThread "Notification Thread" daemon [_thread_blocked, id=3584, stack(0x000000affa700000,0x000000affa800000)]
  0x000001c117376090 JavaThread "Daemon health stats" [_thread_blocked, id=11932, stack(0x000000affae00000,0x000000affaf00000)]
  0x000001c117338c00 JavaThread "Incoming local TCP Connector on port 54163" [_thread_in_native, id=17092, stack(0x000000affaf00000,0x000000affb000000)]
  0x000001c117469400 JavaThread "Daemon periodic checks" [_thread_blocked, id=17716, stack(0x000000affb000000,0x000000affb100000)]
  0x000001c1181dcb10 JavaThread "Cache worker for journal cache (C:\Users\Alghazzawi\.gradle\caches\journal-1)" [_thread_blocked, id=18616, stack(0x000000affb800000,0x000000affb900000)]
  0x000001c1181ddf50 JavaThread "File lock request listener" [_thread_in_native, id=1300, stack(0x000000affb900000,0x000000affba00000)]
  0x000001c1181dacb0 JavaThread "Cache worker for file hash cache (C:\Users\Alghazzawi\.gradle\caches\7.4.1\fileHashes)" [_thread_blocked, id=12804, stack(0x000000affba00000,0x000000affbb00000)]
  0x000001c1181da290 JavaThread "File watcher server" daemon [_thread_in_native, id=18112, stack(0x000000affbe00000,0x000000affbf00000)]
  0x000001c1181db1c0 JavaThread "File watcher consumer" daemon [_thread_blocked, id=15744, stack(0x000000affbf00000,0x000000affc000000)]
  0x000001c1181dd020 JavaThread "Cache worker for execution history cache (C:\Users\Alghazzawi\.gradle\caches\7.4.1\executionHistory)" [_thread_blocked, id=11544, stack(0x000000affc400000,0x000000affc500000)]
  0x000001c1181dbbe0 JavaThread "jar transforms" [_thread_blocked, id=8328, stack(0x000000affc700000,0x000000affc800000)]
  0x000001c1181df390 JavaThread "Cache worker for file content cache (C:\Users\Alghazzawi\.gradle\caches\7.4.1\fileContent)" [_thread_blocked, id=17592, stack(0x000000affc800000,0x000000affc900000)]
  0x000001c1181dfdb0 JavaThread "Cache worker for kotlin-dsl (C:\Users\Alghazzawi\.gradle\caches\7.4.1\kotlin-dsl)" [_thread_blocked, id=2348, stack(0x000000affc900000,0x000000affca00000)]
  0x000001c11aaf0800 JavaThread "jar transforms Thread 2" [_thread_blocked, id=748, stack(0x000000affcf00000,0x000000affd000000)]
  0x000001c11aaf0d10 JavaThread "jar transforms Thread 3" [_thread_blocked, id=13956, stack(0x000000affd300000,0x000000affd400000)]
  0x000001c11aaee9a0 JavaThread "Memory manager" [_thread_blocked, id=8216, stack(0x000000affd400000,0x000000affd500000)]
  0x000001c11aaf1c40 JavaThread "jar transforms Thread 4" [_thread_blocked, id=2288, stack(0x000000affd500000,0x000000affd600000)]
  0x000001c11b30b350 JavaThread "jar transforms Thread 5" [_thread_blocked, id=18968, stack(0x000000af83300000,0x000000af83400000)]
  0x000001c11b3094f0 JavaThread "jar transforms Thread 6" [_thread_blocked, id=18356, stack(0x000000af83400000,0x000000af83500000)]
  0x000001c11b309f10 JavaThread "jar transforms Thread 7" [_thread_blocked, id=17080, stack(0x000000af83500000,0x000000af83600000)]
  0x000001c11b30a420 JavaThread "jar transforms Thread 8" [_thread_blocked, id=3492, stack(0x000000af83600000,0x000000af83700000)]
  0x000001c12926c5a0 JavaThread "Daemon Thread 2" [_thread_blocked, id=2640, stack(0x000000af80000000,0x000000af80100000)]
  0x000001c11bbf0250 JavaThread "Daemon worker Thread 2" [_thread_blocked, id=16924, stack(0x000000af80300000,0x000000af80400000)]
  0x000001c1398a4540 JavaThread "included builds" [_thread_blocked, id=17424, stack(0x000000af81000000,0x000000af81100000)]
  0x000001c11bd4a480 JavaThread "Handler for socket connection from /127.0.0.1:54163 to /127.0.0.1:55143" [_thread_in_native, id=10868, stack(0x000000af80100000,0x000000af80200000)]
  0x000001c11bd49040 JavaThread "Cancel handler" [_thread_blocked, id=15536, stack(0x000000af80200000,0x000000af80300000)]
  0x000001c12b17c270 JavaThread "Asynchronous log dispatcher for DefaultDaemonConnection: socket connection from /127.0.0.1:54163 to /127.0.0.1:55143" [_thread_blocked, id=14368, stack(0x000000af80400000,0x000000af80500000)]
  0x000001c12b17d6b0 JavaThread "Stdin handler" [_thread_blocked, id=19316, stack(0x000000af80500000,0x000000af80600000)]
  0x000001c12bcde940 JavaThread "Daemon client event forwarder" [_thread_blocked, id=19200, stack(0x000000af80600000,0x000000af80700000)]
  0x000001c12bcdf360 JavaThread "Cache worker for checksums cache (F:\university_bus\android\.gradle\7.4.1\checksums)" [_thread_blocked, id=8316, stack(0x000000af80700000,0x000000af80800000)]
  0x000001c12b17dbc0 JavaThread "Cache worker for cache directory md-rule (C:\Users\Alghazzawi\.gradle\caches\7.4.1\md-rule)" [_thread_blocked, id=5608, stack(0x000000af80800000,0x000000af80900000)]
  0x000001c12b17c780 JavaThread "Cache worker for file hash cache (F:\university_bus\android\.gradle\7.4.1\fileHashes)" [_thread_blocked, id=11780, stack(0x000000af80900000,0x000000af80a00000)]
  0x000001c139f186a0 JavaThread "Cache worker for cache directory md-supplier (C:\Users\Alghazzawi\.gradle\caches\7.4.1\md-supplier)" [_thread_blocked, id=15500, stack(0x000000af80a00000,0x000000af80b00000)]
  0x000001c139f15910 JavaThread "Cache worker for dependencies-accessors (F:\university_bus\android\.gradle\7.4.1\dependencies-accessors)" [_thread_blocked, id=9152, stack(0x000000af80b00000,0x000000af80c00000)]
  0x000001c139f18190 JavaThread "Cache worker for Build Output Cleanup Cache (C:\Users\Alghazzawi\flutter_windows_3.22.2-stable\flutter\packages\flutter_tools\gradle\.gradle\buildOutputCleanup)" [_thread_blocked, id=5060, stack(0x000000af80c00000,0x000000af80d00000)]
=>0x000001c1396b9ed0 JavaThread "C2 CompilerThread1" daemon [_thread_in_native, id=16612, stack(0x000000af81100000,0x000000af81200000)]
  0x000001c1393d6ef0 JavaThread "included builds" [_thread_blocked, id=10068, stack(0x000000af81200000,0x000000af81300000)]
  0x000001c11bd49550 JavaThread "Cache worker for execution history cache (C:\Users\Alghazzawi\flutter_windows_3.22.2-stable\flutter\packages\flutter_tools\gradle\.gradle\7.4.1\executionHistory)" [_thread_blocked, id=16068, stack(0x000000af81a00000,0x000000af81b00000)]
  0x000001c11bd49a60 JavaThread "Unconstrained build operations" [_thread_blocked, id=14360, stack(0x000000af81b00000,0x000000af81c00000)]
  0x000001c11bd49f70 JavaThread "Unconstrained build operations Thread 2" [_thread_blocked, id=18020, stack(0x000000af81c00000,0x000000af81d00000)]
  0x000001c11bd48110 JavaThread "Unconstrained build operations Thread 3" [_thread_blocked, id=17520, stack(0x000000af81d00000,0x000000af81e00000)]
  0x000001c11bd4a990 JavaThread "Unconstrained build operations Thread 4" [_thread_blocked, id=15672, stack(0x000000af81e00000,0x000000af81f00000)]
  0x000001c11bd471e0 JavaThread "Unconstrained build operations Thread 5" [_thread_blocked, id=4308, stack(0x000000af81f00000,0x000000af82000000)]
  0x000001c11bd476f0 JavaThread "Unconstrained build operations Thread 6" [_thread_blocked, id=1960, stack(0x000000af82000000,0x000000af82100000)]
  0x000001c11bd47c00 JavaThread "Unconstrained build operations Thread 7" [_thread_blocked, id=14244, stack(0x000000af82100000,0x000000af82200000)]
  0x000001c11bd48620 JavaThread "Unconstrained build operations Thread 8" [_thread_blocked, id=18528, stack(0x000000af82200000,0x000000af82300000)]
  0x000001c12c41ab60 JavaThread "Unconstrained build operations Thread 9" [_thread_blocked, id=2944, stack(0x000000af82300000,0x000000af82400000)]
  0x000001c12c41bfa0 JavaThread "Unconstrained build operations Thread 10" [_thread_blocked, id=19428, stack(0x000000af82400000,0x000000af82500000)]
  0x000001c1393d8840 JavaThread "Unconstrained build operations Thread 11" [_thread_blocked, id=7576, stack(0x000000af81300000,0x000000af81400000)]
  0x000001c1393d55a0 JavaThread "Unconstrained build operations Thread 12" [_thread_blocked, id=12060, stack(0x000000af81400000,0x000000af81500000)]
  0x000001c1393d69e0 JavaThread "Unconstrained build operations Thread 13" [_thread_blocked, id=14092, stack(0x000000af81500000,0x000000af81600000)]
  0x000001c1393d64d0 JavaThread "Unconstrained build operations Thread 14" [_thread_blocked, id=8732, stack(0x000000af81600000,0x000000af81700000)]
  0x000001c1393d7400 JavaThread "Unconstrained build operations Thread 15" [_thread_blocked, id=2104, stack(0x000000af81700000,0x000000af81800000)]
  0x000001c1393d8330 JavaThread "Unconstrained build operations Thread 16" [_thread_blocked, id=9540, stack(0x000000af81800000,0x000000af81900000)]
  0x000001c1393d5090 JavaThread "Unconstrained build operations Thread 17" [_thread_blocked, id=3284, stack(0x000000af81900000,0x000000af81a00000)]
  0x000001c1393d7910 JavaThread "Unconstrained build operations Thread 18" [_thread_blocked, id=14328, stack(0x000000af82500000,0x000000af82600000)]
  0x000001c1393d5ab0 JavaThread "Unconstrained build operations Thread 19" [_thread_blocked, id=17984, stack(0x000000af82600000,0x000000af82700000)]
  0x000001c1393d7e20 JavaThread "Unconstrained build operations Thread 20" [_thread_blocked, id=12936, stack(0x000000af82700000,0x000000af82800000)]
  0x000001c1398a3100 JavaThread "Unconstrained build operations Thread 21" [_thread_blocked, id=10144, stack(0x000000af82800000,0x000000af82900000)]
  0x000001c11a7d8950 JavaThread "C2 CompilerThread2" daemon [_thread_in_native, id=5596, stack(0x000000af82900000,0x000000af82a00000)]
  0x000001c1398a4030 JavaThread "Unconstrained build operations Thread 22" [_thread_blocked, id=17640, stack(0x000000af82a00000,0x000000af82b00000)]
  0x000001c1398a4a50 JavaThread "Unconstrained build operations Thread 23" [_thread_blocked, id=8344, stack(0x000000af82b00000,0x000000af82c00000)]
  0x000001c1398a3610 JavaThread "Unconstrained build operations Thread 24" [_thread_blocked, id=12844, stack(0x000000af82c00000,0x000000af82d00000)]
  0x000001c11b761200 JavaThread "Unconstrained build operations Thread 25" [_thread_blocked, id=4448, stack(0x000000af82d00000,0x000000af82e00000)]
  0x000001c11b761c20 JavaThread "Unconstrained build operations Thread 26" [_thread_blocked, id=16884, stack(0x000000af82e00000,0x000000af82f00000)]
  0x000001c11b7602d0 JavaThread "Unconstrained build operations Thread 27" [_thread_blocked, id=2092, stack(0x000000af82f00000,0x000000af83000000)]
  0x000001c12a3919c0 JavaThread "Unconstrained build operations Thread 28" [_thread_blocked, id=16288, stack(0x000000af83000000,0x000000af83100000)]
  0x000001c12a393310 JavaThread "Unconstrained build operations Thread 29" [_thread_blocked, id=12324, stack(0x000000af83100000,0x000000af83200000)]
  0x000001c12a393820 JavaThread "Unconstrained build operations Thread 30" [_thread_blocked, id=10184, stack(0x000000af83200000,0x000000af83300000)]
  0x000001c12a391ed0 JavaThread "Unconstrained build operations Thread 31" [_thread_blocked, id=6160, stack(0x000000af83700000,0x000000af83800000)]
  0x000001c12a390070 JavaThread "Unconstrained build operations Thread 32" [_thread_blocked, id=15520, stack(0x000000af83800000,0x000000af83900000)]
  0x000001c12a392e00 JavaThread "Unconstrained build operations Thread 33" [_thread_blocked, id=9068, stack(0x000000af83900000,0x000000af83a00000)]
  0x000001c12a390580 JavaThread "Unconstrained build operations Thread 34" [_thread_blocked, id=17620, stack(0x000000af83a00000,0x000000af83b00000)]
  0x000001c12a3914b0 JavaThread "Unconstrained build operations Thread 35" [_thread_blocked, id=15668, stack(0x000000af83b00000,0x000000af83c00000)]
  0x000001c12a390a90 JavaThread "Unconstrained build operations Thread 36" [_thread_blocked, id=10568, stack(0x000000af83c00000,0x000000af83d00000)]
  0x000001c12a390fa0 JavaThread "Unconstrained build operations Thread 37" [_thread_blocked, id=1556, stack(0x000000af83d00000,0x000000af83e00000)]
  0x000001c12a3923e0 JavaThread "Unconstrained build operations Thread 38" [_thread_blocked, id=18676, stack(0x000000af83e00000,0x000000af83f00000)]
  0x000001c12a3928f0 JavaThread "Unconstrained build operations Thread 39" [_thread_blocked, id=5096, stack(0x000000af83f00000,0x000000af84000000)]
  0x000001c13b9d3de0 JavaThread "Unconstrained build operations Thread 40" [_thread_blocked, id=18960, stack(0x000000af84000000,0x000000af84100000)]
  0x000001c13b9d4d10 JavaThread "Unconstrained build operations Thread 41" [_thread_blocked, id=12032, stack(0x000000af84100000,0x000000af84200000)]
  0x000001c13b9d33c0 JavaThread "Unconstrained build operations Thread 42" [_thread_blocked, id=10676, stack(0x000000af84200000,0x000000af84300000)]
  0x000001c13b9d6b70 JavaThread "Unconstrained build operations Thread 43" [_thread_blocked, id=17204, stack(0x000000af84300000,0x000000af84400000)]
  0x000001c13b9d5c40 JavaThread "Unconstrained build operations Thread 44" [_thread_blocked, id=11924, stack(0x000000af84400000,0x000000af84500000)]
  0x000001c13b9d5730 JavaThread "Unconstrained build operations Thread 45" [_thread_blocked, id=8556, stack(0x000000af84500000,0x000000af84600000)]
  0x000001c13b9d38d0 JavaThread "Unconstrained build operations Thread 46" [_thread_blocked, id=11136, stack(0x000000af84600000,0x000000af84700000)]
  0x000001c13b9d42f0 JavaThread "Unconstrained build operations Thread 47" [_thread_blocked, id=16392, stack(0x000000af84700000,0x000000af84800000)]
  0x000001c13b9d6660 JavaThread "Unconstrained build operations Thread 48" [_thread_blocked, id=14060, stack(0x000000af84800000,0x000000af84900000)]
  0x000001c13b9d4800 JavaThread "Unconstrained build operations Thread 49" [_thread_blocked, id=3212, stack(0x000000af84900000,0x000000af84a00000)]
  0x000001c13b9d5220 JavaThread "Unconstrained build operations Thread 50" [_thread_blocked, id=14952, stack(0x000000af84a00000,0x000000af84b00000)]
  0x000001c13b9d6150 JavaThread "Unconstrained build operations Thread 51" [_thread_blocked, id=14884, stack(0x000000af84b00000,0x000000af84c00000)]
  0x000001c12ae25cd0 JavaThread "Unconstrained build operations Thread 52" [_thread_blocked, id=19204, stack(0x000000af84c00000,0x000000af84d00000)]
  0x000001c12ae257c0 JavaThread "Unconstrained build operations Thread 53" [_thread_blocked, id=19224, stack(0x000000af84d00000,0x000000af84e00000)]
  0x000001c12ae24da0 JavaThread "Unconstrained build operations Thread 54" [_thread_blocked, id=18304, stack(0x000000af84e00000,0x000000af84f00000)]
  0x000001c12ae266f0 JavaThread "Unconstrained build operations Thread 55" [_thread_blocked, id=19188, stack(0x000000af84f00000,0x000000af85000000)]
  0x000001c12ae23e70 JavaThread "Unconstrained build operations Thread 56" [_thread_blocked, id=18872, stack(0x000000af85000000,0x000000af85100000)]
  0x000001c12ae261e0 JavaThread "Unconstrained build operations Thread 57" [_thread_blocked, id=17784, stack(0x000000af85100000,0x000000af85200000)]
  0x000001c12ae252b0 JavaThread "Unconstrained build operations Thread 58" [_thread_blocked, id=3696, stack(0x000000af85200000,0x000000af85300000)]
  0x000001c12ae22f40 JavaThread "Unconstrained build operations Thread 59" [_thread_blocked, id=4420, stack(0x000000af85300000,0x000000af85400000)]
  0x000001c12ae23450 JavaThread "Unconstrained build operations Thread 60" [_thread_blocked, id=16804, stack(0x000000af85400000,0x000000af85500000)]
  0x000001c12ae23960 JavaThread "Unconstrained build operations Thread 61" [_thread_blocked, id=8364, stack(0x000000af85500000,0x000000af85600000)]
  0x000001c12ae24380 JavaThread "Unconstrained build operations Thread 62" [_thread_blocked, id=18288, stack(0x000000af85600000,0x000000af85700000)]
  0x000001c12ae24890 JavaThread "Unconstrained build operations Thread 63" [_thread_blocked, id=13740, stack(0x000000af85700000,0x000000af85800000)]
  0x000001c11752ad20 JavaThread "Unconstrained build operations Thread 64" [_thread_blocked, id=2212, stack(0x000000af85800000,0x000000af85900000)]
  0x000001c11752b230 JavaThread "Unconstrained build operations Thread 65" [_thread_blocked, id=19184, stack(0x000000af85900000,0x000000af85a00000)]
  0x000001c117529df0 JavaThread "Unconstrained build operations Thread 66" [_thread_blocked, id=3056, stack(0x000000af85a00000,0x000000af85b00000)]
  0x000001c11752c160 JavaThread "Unconstrained build operations Thread 67" [_thread_blocked, id=11040, stack(0x000000af85b00000,0x000000af85c00000)]
  0x000001c13930b2b0 JavaThread "Unconstrained build operations Thread 68" [_thread_blocked, id=2284, stack(0x000000af85c00000,0x000000af85d00000)]
  0x000001c13930b7c0 JavaThread "Unconstrained build operations Thread 69" [_thread_blocked, id=10152, stack(0x000000af85d00000,0x000000af85e00000)]
  0x000001c13930cc00 JavaThread "Unconstrained build operations Thread 70" [_thread_blocked, id=17508, stack(0x000000af85e00000,0x000000af85f00000)]
  0x000001c13930bcd0 JavaThread "Unconstrained build operations Thread 71" [_thread_blocked, id=18044, stack(0x000000af85f00000,0x000000af86000000)]
  0x000001c13930c1e0 JavaThread "Unconstrained build operations Thread 72" [_thread_blocked, id=14580, stack(0x000000af86000000,0x000000af86100000)]
  0x000001c12926b670 JavaThread "Unconstrained build operations Thread 73" [_thread_blocked, id=10380, stack(0x000000af86100000,0x000000af86200000)]
  0x000001c129268df0 JavaThread "Unconstrained build operations Thread 74" [_thread_blocked, id=19432, stack(0x000000af86200000,0x000000af86300000)]
  0x000001c129269300 JavaThread "Unconstrained build operations Thread 75" [_thread_blocked, id=16492, stack(0x000000af86300000,0x000000af86400000)]
  0x000001c129269810 JavaThread "Unconstrained build operations Thread 76" [_thread_blocked, id=16184, stack(0x000000af86400000,0x000000af86500000)]
  0x000001c12926bb80 JavaThread "Unconstrained build operations Thread 77" [_thread_blocked, id=8964, stack(0x000000af86500000,0x000000af86600000)]
  0x000001c129269d20 JavaThread "Unconstrained build operations Thread 78" [_thread_blocked, id=5932, stack(0x000000af86600000,0x000000af86700000)]
  0x000001c12926b160 JavaThread "Unconstrained build operations Thread 79" [_thread_blocked, id=13376, stack(0x000000af86700000,0x000000af86800000)]
  0x000001c12926a230 JavaThread "Unconstrained build operations Thread 80" [_thread_blocked, id=16764, stack(0x000000af86800000,0x000000af86900000)]
  0x000001c11752a300 JavaThread "Cache worker for Build Output Cleanup Cache (F:\university_bus\android\.gradle\buildOutputCleanup)" [_thread_blocked, id=9972, stack(0x000000af86900000,0x000000af86a00000)]
  0x000001c12c41c4b0 JavaThread "Execution worker for ':'" [_thread_in_Java, id=12164, stack(0x000000af86a00000,0x000000af86b00000)]
  0x000001c12c41b070 JavaThread "Execution worker for ':' Thread 2" [_thread_blocked, id=4880, stack(0x000000af86b00000,0x000000af86c00000)]
  0x000001c12c41b580 JavaThread "Execution worker for ':' Thread 3" [_thread_blocked, id=16460, stack(0x000000af86c00000,0x000000af86d00000)]
  0x000001c13c835aa0 JavaThread "Execution worker for ':' Thread 4" [_thread_blocked, id=16940, stack(0x000000af86d00000,0x000000af86e00000)]
  0x000001c13c835fb0 JavaThread "Execution worker for ':' Thread 5" [_thread_blocked, id=3356, stack(0x000000af86e00000,0x000000af86f00000)]
  0x000001c13c834b70 JavaThread "Execution worker for ':' Thread 6" [_thread_blocked, id=7732, stack(0x000000af86f00000,0x000000af87000000)]
  0x000001c13c835590 JavaThread "Execution worker for ':' Thread 7" [_thread_blocked, id=17568, stack(0x000000af87000000,0x000000af87100000)]
  0x000001c11752c670 JavaThread "Cache worker for execution history cache (F:\university_bus\android\.gradle\7.4.1\executionHistory)" [_thread_blocked, id=17748, stack(0x000000af87100000,0x000000af87200000)]

Other Threads:
  0x000001c0cffa2800 VMThread "VM Thread" [stack: 0x000000aff9c00000,0x000000aff9d00000] [id=6656]
  0x000001c0ad23caf0 WatcherThread [stack: 0x000000affa800000,0x000000affa900000] [id=15728]
  0x000001c0ad2178c0 GCTaskThread "GC Thread#0" [stack: 0x000000aff9700000,0x000000aff9800000] [id=15368]
  0x000001c0d025ccf0 GCTaskThread "GC Thread#1" [stack: 0x000000affaa00000,0x000000affab00000] [id=1732]
  0x000001c0d0a2f3c0 GCTaskThread "GC Thread#2" [stack: 0x000000affab00000,0x000000affac00000] [id=1072]
  0x000001c1161eba80 GCTaskThread "GC Thread#3" [stack: 0x000000affac00000,0x000000affad00000] [id=19332]
  0x000001c0d0383920 GCTaskThread "GC Thread#4" [stack: 0x000000affad00000,0x000000affae00000] [id=1160]
  0x000001c116409020 GCTaskThread "GC Thread#5" [stack: 0x000000affbb00000,0x000000affbc00000] [id=15104]
  0x000001c118aab940 GCTaskThread "GC Thread#6" [stack: 0x000000affbc00000,0x000000affbd00000] [id=8736]
  0x000001c118aaab80 GCTaskThread "GC Thread#7" [stack: 0x000000affbd00000,0x000000affbe00000] [id=2268]
  0x000001c0ad2286b0 ConcurrentGCThread "G1 Main Marker" [stack: 0x000000aff9800000,0x000000aff9900000] [id=10840]
  0x000001c0ad228f60 ConcurrentGCThread "G1 Conc#0" [stack: 0x000000aff9900000,0x000000aff9a00000] [id=2316]
  0x000001c118aaa600 ConcurrentGCThread "G1 Conc#1" [stack: 0x000000affc500000,0x000000affc600000] [id=10772]
  0x000001c0cfe610c0 ConcurrentGCThread "G1 Refine#0" [stack: 0x000000aff9a00000,0x000000aff9b00000] [id=1544]
  0x000001c118bf6840 ConcurrentGCThread "G1 Refine#1" [stack: 0x000000affc600000,0x000000affc700000] [id=2100]
  0x000001c118bad320 ConcurrentGCThread "G1 Refine#2" [stack: 0x000000affca00000,0x000000affcb00000] [id=18888]
  0x000001c11b1ad4e0 ConcurrentGCThread "G1 Refine#3" [stack: 0x000000affcc00000,0x000000affcd00000] [id=7164]
  0x000001c11b1acf00 ConcurrentGCThread "G1 Refine#4" [stack: 0x000000affcd00000,0x000000affce00000] [id=5536]
  0x000001c1189886b0 ConcurrentGCThread "G1 Refine#5" [stack: 0x000000af80d00000,0x000000af80e00000] [id=15604]
  0x000001c118985d90 ConcurrentGCThread "G1 Refine#6" [stack: 0x000000af80e00000,0x000000af80f00000] [id=14120]
  0x000001c1189851d0 ConcurrentGCThread "G1 Refine#7" [stack: 0x000000af80f00000,0x000000af81000000] [id=9820]
  0x000001c0cfe61990 ConcurrentGCThread "G1 Service" [stack: 0x000000aff9b00000,0x000000aff9c00000] [id=16548]

Threads with active compile tasks:
C2 CompilerThread0   793984 41159       4       org.gradle.api.internal.project.taskfactory.AnnotationProcessingTaskFactory::create (16 bytes)
C1 CompilerThread0   793984 41197       3       org.gradle.internal.fingerprint.impl.FileCollectionFingerprinterRegistrations$$Lambda$249/0x000001c0d2325218::apply (16 bytes)
C2 CompilerThread1   793984 41075       4       org.gradle.api.internal.artifacts.ivyservice.resolutionstrategy.DefaultResolutionStrategy_Decorated::<init> (30 bytes)
C2 CompilerThread2   793984 41076       4       org.gradle.api.internal.artifacts.ivyservice.resolutionstrategy.DefaultResolutionStrategy::<init> (38 bytes)

VM state: not at safepoint (normal execution)

VM Mutex/Monitor currently owned by a thread: None

Heap address: 0x0000000700000000, size: 4096 MB, Compressed Oops mode: Zero based, Oop shift amount: 3

CDS archive(s) mapped at: [0x000001c0d1000000-0x000001c0d1bd0000-0x000001c0d1bd0000), size 12386304, SharedBaseAddress: 0x000001c0d1000000, ArchiveRelocationMode: 1.
Compressed class space mapped at: 0x000001c0d2000000-0x000001c112000000, reserved size: 1073741824
Narrow klass base: 0x000001c0d1000000, Narrow klass shift: 0, Narrow klass range: 0x100000000

GC Precious Log:
 CPUs: 8 total, 8 available
 Memory: 7932M
 Large Page Support: Disabled
 NUMA Support: Disabled
 Compressed Oops: Enabled (Zero based)
 Heap Region Size: 2M
 Heap Min Capacity: 8M
 Heap Initial Capacity: 124M
 Heap Max Capacity: 4G
 Pre-touch: Disabled
 Parallel Workers: 8
 Concurrent Workers: 2
 Concurrent Refinement Workers: 8
 Periodic GC: Disabled

Heap:
 garbage-first heap   total 878592K, used 642053K [0x0000000700000000, 0x0000000800000000)
  region size 2048K, 118 young (241664K), 18 survivors (36864K)
 Metaspace       used 167839K, committed 170304K, reserved 1245184K
  class space    used 21137K, committed 22144K, reserved 1048576K

Heap Regions: E=young(eden), S=young(survivor), O=old, HS=humongous(starts), HC=humongous(continues), CS=collection set, F=free, OA=open archive, CA=closed archive, TAMS=top-at-mark-start (previous, next)
|   0|0x0000000700000000, 0x0000000700200000, 0x0000000700200000|100%| O|  |TAMS 0x0000000700200000, 0x0000000700000000| Untracked 
|   1|0x0000000700200000, 0x0000000700400000, 0x0000000700400000|100%| O|  |TAMS 0x0000000700400000, 0x0000000700200000| Untracked 
|   2|0x0000000700400000, 0x0000000700600000, 0x0000000700600000|100%|HS|  |TAMS 0x0000000700600000, 0x0000000700400000| Complete 
|   3|0x0000000700600000, 0x0000000700800000, 0x0000000700800000|100%|HC|  |TAMS 0x0000000700800000, 0x0000000700600000| Complete 
|   4|0x0000000700800000, 0x0000000700a00000, 0x0000000700a00000|100%| O|  |TAMS 0x0000000700a00000, 0x0000000700800000| Untracked 
|   5|0x0000000700a00000, 0x0000000700c00000, 0x0000000700c00000|100%| O|  |TAMS 0x0000000700c00000, 0x0000000700a00000| Untracked 
|   6|0x0000000700c00000, 0x0000000700e00000, 0x0000000700e00000|100%| O|  |TAMS 0x0000000700e00000, 0x0000000700c00000| Untracked 
|   7|0x0000000700e00000, 0x0000000701000000, 0x0000000701000000|100%| O|  |TAMS 0x0000000701000000, 0x0000000700e00000| Untracked 
|   8|0x0000000701000000, 0x0000000701200000, 0x0000000701200000|100%| O|  |TAMS 0x0000000701200000, 0x0000000701000000| Untracked 
|   9|0x0000000701200000, 0x0000000701400000, 0x0000000701400000|100%| O|  |TAMS 0x0000000701400000, 0x0000000701200000| Untracked 
|  10|0x0000000701400000, 0x0000000701600000, 0x0000000701600000|100%| O|  |TAMS 0x0000000701600000, 0x0000000701400000| Untracked 
|  11|0x0000000701600000, 0x0000000701800000, 0x0000000701800000|100%| O|  |TAMS 0x0000000701800000, 0x0000000701600000| Untracked 
|  12|0x0000000701800000, 0x0000000701a00000, 0x0000000701a00000|100%| O|  |TAMS 0x0000000701a00000, 0x0000000701800000| Untracked 
|  13|0x0000000701a00000, 0x0000000701c00000, 0x0000000701c00000|100%| O|  |TAMS 0x0000000701a00000, 0x0000000701a00000| Untracked 
|  14|0x0000000701c00000, 0x0000000701e00000, 0x0000000701e00000|100%| O|  |TAMS 0x0000000701e00000, 0x0000000701c00000| Untracked 
|  15|0x0000000701e00000, 0x0000000702000000, 0x0000000702000000|100%| O|  |TAMS 0x0000000702000000, 0x0000000701e00000| Untracked 
|  16|0x0000000702000000, 0x0000000702200000, 0x0000000702200000|100%| O|  |TAMS 0x0000000702200000, 0x0000000702000000| Untracked 
|  17|0x0000000702200000, 0x0000000702400000, 0x0000000702400000|100%| O|  |TAMS 0x0000000702200000, 0x0000000702200000| Untracked 
|  18|0x0000000702400000, 0x0000000702600000, 0x0000000702600000|100%| O|  |TAMS 0x0000000702600000, 0x0000000702400000| Untracked 
|  19|0x0000000702600000, 0x0000000702800000, 0x0000000702800000|100%|HS|  |TAMS 0x0000000702600000, 0x0000000702600000| Complete 
|  20|0x0000000702800000, 0x0000000702a00000, 0x0000000702a00000|100%|HC|  |TAMS 0x0000000702800000, 0x0000000702800000| Complete 
|  21|0x0000000702a00000, 0x0000000702c00000, 0x0000000702c00000|100%|HS|  |TAMS 0x0000000702c00000, 0x0000000702a00000| Complete 
|  22|0x0000000702c00000, 0x0000000702e00000, 0x0000000702e00000|100%|HC|  |TAMS 0x0000000702e00000, 0x0000000702c00000| Complete 
|  23|0x0000000702e00000, 0x0000000703000000, 0x0000000703000000|100%|HS|  |TAMS 0x0000000703000000, 0x0000000702e00000| Complete 
|  24|0x0000000703000000, 0x0000000703200000, 0x0000000703200000|100%|HC|  |TAMS 0x0000000703200000, 0x0000000703000000| Complete 
|  25|0x0000000703200000, 0x0000000703400000, 0x0000000703400000|100%| O|  |TAMS 0x0000000703200000, 0x0000000703200000| Untracked 
|  26|0x0000000703400000, 0x0000000703600000, 0x0000000703600000|100%| O|  |TAMS 0x0000000703600000, 0x0000000703400000| Untracked 
|  27|0x0000000703600000, 0x0000000703800000, 0x0000000703800000|100%| O|  |TAMS 0x0000000703800000, 0x0000000703600000| Untracked 
|  28|0x0000000703800000, 0x0000000703a00000, 0x0000000703a00000|100%| O|  |TAMS 0x0000000703a00000, 0x0000000703800000| Untracked 
|  29|0x0000000703a00000, 0x0000000703c00000, 0x0000000703c00000|100%| O|  |TAMS 0x0000000703c00000, 0x0000000703a00000| Untracked 
|  30|0x0000000703c00000, 0x0000000703e00000, 0x0000000703e00000|100%| O|  |TAMS 0x0000000703e00000, 0x0000000703c00000| Untracked 
|  31|0x0000000703e00000, 0x0000000704000000, 0x0000000704000000|100%| O|  |TAMS 0x0000000704000000, 0x0000000703e00000| Untracked 
|  32|0x0000000704000000, 0x0000000704200000, 0x0000000704200000|100%| O|  |TAMS 0x0000000704200000, 0x0000000704000000| Untracked 
|  33|0x0000000704200000, 0x0000000704400000, 0x0000000704400000|100%| O|  |TAMS 0x0000000704400000, 0x0000000704200000| Untracked 
|  34|0x0000000704400000, 0x0000000704600000, 0x0000000704600000|100%| O|  |TAMS 0x0000000704600000, 0x0000000704400000| Untracked 
|  35|0x0000000704600000, 0x0000000704800000, 0x0000000704800000|100%| O|  |TAMS 0x0000000704800000, 0x0000000704600000| Untracked 
|  36|0x0000000704800000, 0x0000000704a00000, 0x0000000704a00000|100%| O|  |TAMS 0x0000000704a00000, 0x0000000704800000| Untracked 
|  37|0x0000000704a00000, 0x0000000704c00000, 0x0000000704c00000|100%| O|  |TAMS 0x0000000704a00000, 0x0000000704a00000| Untracked 
|  38|0x0000000704c00000, 0x0000000704e00000, 0x0000000704e00000|100%| O|  |TAMS 0x0000000704e00000, 0x0000000704c00000| Untracked 
|  39|0x0000000704e00000, 0x0000000705000000, 0x0000000705000000|100%| O|  |TAMS 0x0000000705000000, 0x0000000704e00000| Untracked 
|  40|0x0000000705000000, 0x0000000705200000, 0x0000000705200000|100%| O|  |TAMS 0x0000000705200000, 0x0000000705000000| Untracked 
|  41|0x0000000705200000, 0x0000000705400000, 0x0000000705400000|100%| O|  |TAMS 0x0000000705400000, 0x0000000705200000| Untracked 
|  42|0x0000000705400000, 0x0000000705600000, 0x0000000705600000|100%| O|  |TAMS 0x0000000705600000, 0x0000000705400000| Untracked 
|  43|0x0000000705600000, 0x0000000705800000, 0x0000000705800000|100%| O|  |TAMS 0x0000000705800000, 0x0000000705600000| Untracked 
|  44|0x0000000705800000, 0x0000000705a00000, 0x0000000705a00000|100%| O|  |TAMS 0x0000000705a00000, 0x0000000705800000| Untracked 
|  45|0x0000000705a00000, 0x0000000705c00000, 0x0000000705c00000|100%| O|  |TAMS 0x0000000705c00000, 0x0000000705a00000| Untracked 
|  46|0x0000000705c00000, 0x0000000705e00000, 0x0000000705e00000|100%| O|  |TAMS 0x0000000705e00000, 0x0000000705c00000| Untracked 
|  47|0x0000000705e00000, 0x0000000706000000, 0x0000000706000000|100%| O|  |TAMS 0x0000000705e00000, 0x0000000705e00000| Untracked 
|  48|0x0000000706000000, 0x0000000706200000, 0x0000000706200000|100%| O|  |TAMS 0x0000000706200000, 0x0000000706000000| Untracked 
|  49|0x0000000706200000, 0x0000000706400000, 0x0000000706400000|100%| O|  |TAMS 0x0000000706400000, 0x0000000706200000| Untracked 
|  50|0x0000000706400000, 0x0000000706600000, 0x0000000706600000|100%| O|  |TAMS 0x0000000706400000, 0x0000000706400000| Untracked 
|  51|0x0000000706600000, 0x0000000706800000, 0x0000000706800000|100%| O|  |TAMS 0x0000000706800000, 0x0000000706600000| Untracked 
|  52|0x0000000706800000, 0x0000000706a00000, 0x0000000706a00000|100%| O|  |TAMS 0x0000000706a00000, 0x0000000706800000| Untracked 
|  53|0x0000000706a00000, 0x0000000706c00000, 0x0000000706c00000|100%| O|  |TAMS 0x0000000706c00000, 0x0000000706a00000| Untracked 
|  54|0x0000000706c00000, 0x0000000706e00000, 0x0000000706e00000|100%| O|  |TAMS 0x0000000706e00000, 0x0000000706c00000| Untracked 
|  55|0x0000000706e00000, 0x0000000707000000, 0x0000000707000000|100%| O|  |TAMS 0x0000000707000000, 0x0000000706e00000| Untracked 
|  56|0x0000000707000000, 0x0000000707200000, 0x0000000707200000|100%| O|  |TAMS 0x0000000707200000, 0x0000000707000000| Untracked 
|  57|0x0000000707200000, 0x0000000707400000, 0x0000000707400000|100%| O|  |TAMS 0x0000000707400000, 0x0000000707200000| Untracked 
|  58|0x0000000707400000, 0x0000000707600000, 0x0000000707600000|100%| O|  |TAMS 0x0000000707600000, 0x0000000707400000| Untracked 
|  59|0x0000000707600000, 0x0000000707800000, 0x0000000707800000|100%|HS|  |TAMS 0x0000000707800000, 0x0000000707600000| Complete 
|  60|0x0000000707800000, 0x0000000707a00000, 0x0000000707a00000|100%|HC|  |TAMS 0x0000000707a00000, 0x0000000707800000| Complete 
|  61|0x0000000707a00000, 0x0000000707c00000, 0x0000000707c00000|100%| O|  |TAMS 0x0000000707c00000, 0x0000000707a00000| Untracked 
|  62|0x0000000707c00000, 0x0000000707e00000, 0x0000000707e00000|100%| O|  |TAMS 0x0000000707e00000, 0x0000000707c00000| Untracked 
|  63|0x0000000707e00000, 0x0000000708000000, 0x0000000708000000|100%|HS|  |TAMS 0x0000000708000000, 0x0000000707e00000| Complete 
|  64|0x0000000708000000, 0x0000000708200000, 0x0000000708200000|100%| O|  |TAMS 0x0000000708200000, 0x0000000708000000| Untracked 
|  65|0x0000000708200000, 0x0000000708400000, 0x0000000708400000|100%| O|  |TAMS 0x0000000708400000, 0x0000000708200000| Untracked 
|  66|0x0000000708400000, 0x0000000708600000, 0x0000000708600000|100%| O|  |TAMS 0x0000000708600000, 0x0000000708400000| Untracked 
|  67|0x0000000708600000, 0x0000000708800000, 0x0000000708800000|100%| O|  |TAMS 0x0000000708800000, 0x0000000708600000| Untracked 
|  68|0x0000000708800000, 0x0000000708a00000, 0x0000000708a00000|100%| O|  |TAMS 0x0000000708a00000, 0x0000000708800000| Untracked 
|  69|0x0000000708a00000, 0x0000000708c00000, 0x0000000708c00000|100%| O|  |TAMS 0x0000000708c00000, 0x0000000708a00000| Untracked 
|  70|0x0000000708c00000, 0x0000000708e00000, 0x0000000708e00000|100%| O|  |TAMS 0x0000000708e00000, 0x0000000708c00000| Untracked 
|  71|0x0000000708e00000, 0x0000000709000000, 0x0000000709000000|100%| O|  |TAMS 0x0000000709000000, 0x0000000708e00000| Untracked 
|  72|0x0000000709000000, 0x0000000709200000, 0x0000000709200000|100%| O|  |TAMS 0x0000000709200000, 0x0000000709000000| Untracked 
|  73|0x0000000709200000, 0x0000000709400000, 0x0000000709400000|100%| O|  |TAMS 0x0000000709400000, 0x0000000709200000| Untracked 
|  74|0x0000000709400000, 0x0000000709600000, 0x0000000709600000|100%| O|  |TAMS 0x0000000709600000, 0x0000000709400000| Untracked 
|  75|0x0000000709600000, 0x0000000709800000, 0x0000000709800000|100%| O|  |TAMS 0x0000000709800000, 0x0000000709600000| Untracked 
|  76|0x0000000709800000, 0x0000000709a00000, 0x0000000709a00000|100%| O|  |TAMS 0x000000070995be00, 0x0000000709800000| Untracked 
|  77|0x0000000709a00000, 0x0000000709c00000, 0x0000000709c00000|100%|HS|  |TAMS 0x0000000709a00000, 0x0000000709a00000| Complete 
|  78|0x0000000709c00000, 0x0000000709e00000, 0x0000000709e00000|100%|HC|  |TAMS 0x0000000709c00000, 0x0000000709c00000| Complete 
|  79|0x0000000709e00000, 0x000000070a000000, 0x000000070a000000|100%| O|  |TAMS 0x0000000709e00000, 0x0000000709e00000| Untracked 
|  80|0x000000070a000000, 0x000000070a200000, 0x000000070a200000|100%| O|  |TAMS 0x000000070a000000, 0x000000070a000000| Untracked 
|  81|0x000000070a200000, 0x000000070a400000, 0x000000070a400000|100%| O|  |TAMS 0x000000070a200000, 0x000000070a200000| Untracked 
|  82|0x000000070a400000, 0x000000070a600000, 0x000000070a600000|100%| O|  |TAMS 0x000000070a400000, 0x000000070a400000| Untracked 
|  83|0x000000070a600000, 0x000000070a800000, 0x000000070a800000|100%| O|  |TAMS 0x000000070a600000, 0x000000070a600000| Untracked 
|  84|0x000000070a800000, 0x000000070aa00000, 0x000000070aa00000|100%| O|  |TAMS 0x000000070a800000, 0x000000070a800000| Untracked 
|  85|0x000000070aa00000, 0x000000070ac00000, 0x000000070ac00000|100%| O|  |TAMS 0x000000070aa00000, 0x000000070aa00000| Untracked 
|  86|0x000000070ac00000, 0x000000070ae00000, 0x000000070ae00000|100%| O|  |TAMS 0x000000070ac00000, 0x000000070ac00000| Untracked 
|  87|0x000000070ae00000, 0x000000070b000000, 0x000000070b000000|100%| O|  |TAMS 0x000000070ae00000, 0x000000070ae00000| Untracked 
|  88|0x000000070b000000, 0x000000070b200000, 0x000000070b200000|100%| O|  |TAMS 0x000000070b000000, 0x000000070b000000| Untracked 
|  89|0x000000070b200000, 0x000000070b400000, 0x000000070b400000|100%| O|  |TAMS 0x000000070b200000, 0x000000070b200000| Untracked 
|  90|0x000000070b400000, 0x000000070b600000, 0x000000070b600000|100%| O|  |TAMS 0x000000070b400000, 0x000000070b400000| Untracked 
|  91|0x000000070b600000, 0x000000070b800000, 0x000000070b800000|100%| O|  |TAMS 0x000000070b600000, 0x000000070b600000| Untracked 
|  92|0x000000070b800000, 0x000000070ba00000, 0x000000070ba00000|100%| O|  |TAMS 0x000000070b800000, 0x000000070b800000| Untracked 
|  93|0x000000070ba00000, 0x000000070bc00000, 0x000000070bc00000|100%| O|  |TAMS 0x000000070ba00000, 0x000000070ba00000| Untracked 
|  94|0x000000070bc00000, 0x000000070be00000, 0x000000070be00000|100%| O|  |TAMS 0x000000070bc00000, 0x000000070bc00000| Untracked 
|  95|0x000000070be00000, 0x000000070c000000, 0x000000070c000000|100%| O|  |TAMS 0x000000070be00000, 0x000000070be00000| Untracked 
|  96|0x000000070c000000, 0x000000070c200000, 0x000000070c200000|100%| O|  |TAMS 0x000000070c000000, 0x000000070c000000| Untracked 
|  97|0x000000070c200000, 0x000000070c400000, 0x000000070c400000|100%| O|  |TAMS 0x000000070c200000, 0x000000070c200000| Untracked 
|  98|0x000000070c400000, 0x000000070c600000, 0x000000070c600000|100%| O|  |TAMS 0x000000070c400000, 0x000000070c400000| Untracked 
|  99|0x000000070c600000, 0x000000070c800000, 0x000000070c800000|100%| O|  |TAMS 0x000000070c600000, 0x000000070c600000| Untracked 
| 100|0x000000070c800000, 0x000000070ca00000, 0x000000070ca00000|100%| O|  |TAMS 0x000000070c800000, 0x000000070c800000| Untracked 
| 101|0x000000070ca00000, 0x000000070cc00000, 0x000000070cc00000|100%| O|  |TAMS 0x000000070ca00000, 0x000000070ca00000| Untracked 
| 102|0x000000070cc00000, 0x000000070ce00000, 0x000000070ce00000|100%|HS|  |TAMS 0x000000070cc00000, 0x000000070cc00000| Complete 
| 103|0x000000070ce00000, 0x000000070d000000, 0x000000070d000000|100%| O|  |TAMS 0x000000070ce00000, 0x000000070ce00000| Untracked 
| 104|0x000000070d000000, 0x000000070d200000, 0x000000070d200000|100%| O|  |TAMS 0x000000070d000000, 0x000000070d000000| Untracked 
| 105|0x000000070d200000, 0x000000070d400000, 0x000000070d400000|100%| O|  |TAMS 0x000000070d200000, 0x000000070d200000| Untracked 
| 106|0x000000070d400000, 0x000000070d600000, 0x000000070d600000|100%| O|  |TAMS 0x000000070d400000, 0x000000070d400000| Untracked 
| 107|0x000000070d600000, 0x000000070d800000, 0x000000070d800000|100%| O|  |TAMS 0x000000070d600000, 0x000000070d600000| Untracked 
| 108|0x000000070d800000, 0x000000070da00000, 0x000000070da00000|100%| O|  |TAMS 0x000000070d800000, 0x000000070d800000| Untracked 
| 109|0x000000070da00000, 0x000000070dc00000, 0x000000070dc00000|100%| O|  |TAMS 0x000000070da00000, 0x000000070da00000| Untracked 
| 110|0x000000070dc00000, 0x000000070de00000, 0x000000070de00000|100%| O|  |TAMS 0x000000070dc00000, 0x000000070dc00000| Untracked 
| 111|0x000000070de00000, 0x000000070e000000, 0x000000070e000000|100%| O|  |TAMS 0x000000070de00000, 0x000000070de00000| Untracked 
| 112|0x000000070e000000, 0x000000070e200000, 0x000000070e200000|100%|HS|  |TAMS 0x000000070e000000, 0x000000070e000000| Complete 
| 113|0x000000070e200000, 0x000000070e400000, 0x000000070e400000|100%| O|  |TAMS 0x000000070e200000, 0x000000070e200000| Untracked 
| 114|0x000000070e400000, 0x000000070e600000, 0x000000070e600000|100%| O|  |TAMS 0x000000070e400000, 0x000000070e400000| Untracked 
| 115|0x000000070e600000, 0x000000070e800000, 0x000000070e800000|100%| O|  |TAMS 0x000000070e600000, 0x000000070e600000| Untracked 
| 116|0x000000070e800000, 0x000000070ea00000, 0x000000070ea00000|100%| O|  |TAMS 0x000000070e800000, 0x000000070e800000| Untracked 
| 117|0x000000070ea00000, 0x000000070ec00000, 0x000000070ec00000|100%| O|  |TAMS 0x000000070ea00000, 0x000000070ea00000| Untracked 
| 118|0x000000070ec00000, 0x000000070ee00000, 0x000000070ee00000|100%| O|  |TAMS 0x000000070ec00000, 0x000000070ec00000| Untracked 
| 119|0x000000070ee00000, 0x000000070f000000, 0x000000070f000000|100%| O|  |TAMS 0x000000070ee00000, 0x000000070ee00000| Untracked 
| 120|0x000000070f000000, 0x000000070f200000, 0x000000070f200000|100%| O|  |TAMS 0x000000070f000000, 0x000000070f000000| Untracked 
| 121|0x000000070f200000, 0x000000070f400000, 0x000000070f400000|100%| O|  |TAMS 0x000000070f200000, 0x000000070f200000| Untracked 
| 122|0x000000070f400000, 0x000000070f600000, 0x000000070f600000|100%| O|  |TAMS 0x000000070f400000, 0x000000070f400000| Untracked 
| 123|0x000000070f600000, 0x000000070f800000, 0x000000070f800000|100%| O|  |TAMS 0x000000070f600000, 0x000000070f600000| Untracked 
| 124|0x000000070f800000, 0x000000070fa00000, 0x000000070fa00000|100%| O|  |TAMS 0x000000070f800000, 0x000000070f800000| Untracked 
| 125|0x000000070fa00000, 0x000000070fc00000, 0x000000070fc00000|100%| O|  |TAMS 0x000000070fa00000, 0x000000070fa00000| Untracked 
| 126|0x000000070fc00000, 0x000000070fe00000, 0x000000070fe00000|100%| O|  |TAMS 0x000000070fc00000, 0x000000070fc00000| Untracked 
| 127|0x000000070fe00000, 0x0000000710000000, 0x0000000710000000|100%| O|  |TAMS 0x000000070fe00000, 0x000000070fe00000| Untracked 
| 128|0x0000000710000000, 0x0000000710200000, 0x0000000710200000|100%| O|  |TAMS 0x0000000710000000, 0x0000000710000000| Untracked 
| 129|0x0000000710200000, 0x0000000710400000, 0x0000000710400000|100%| O|  |TAMS 0x0000000710200000, 0x0000000710200000| Untracked 
| 130|0x0000000710400000, 0x0000000710600000, 0x0000000710600000|100%| O|  |TAMS 0x0000000710400000, 0x0000000710400000| Untracked 
| 131|0x0000000710600000, 0x0000000710800000, 0x0000000710800000|100%| O|  |TAMS 0x0000000710600000, 0x0000000710600000| Untracked 
| 132|0x0000000710800000, 0x0000000710a00000, 0x0000000710a00000|100%| O|  |TAMS 0x0000000710800000, 0x0000000710800000| Untracked 
| 133|0x0000000710a00000, 0x0000000710c00000, 0x0000000710c00000|100%| O|  |TAMS 0x0000000710a00000, 0x0000000710a00000| Untracked 
| 134|0x0000000710c00000, 0x0000000710e00000, 0x0000000710e00000|100%| O|  |TAMS 0x0000000710c00000, 0x0000000710c00000| Untracked 
| 135|0x0000000710e00000, 0x0000000711000000, 0x0000000711000000|100%| O|  |TAMS 0x0000000710e00000, 0x0000000710e00000| Untracked 
| 136|0x0000000711000000, 0x0000000711200000, 0x0000000711200000|100%| O|  |TAMS 0x0000000711000000, 0x0000000711000000| Untracked 
| 137|0x0000000711200000, 0x0000000711400000, 0x0000000711400000|100%| O|  |TAMS 0x0000000711200000, 0x0000000711200000| Untracked 
| 138|0x0000000711400000, 0x0000000711600000, 0x0000000711600000|100%| O|  |TAMS 0x0000000711400000, 0x0000000711400000| Untracked 
| 139|0x0000000711600000, 0x0000000711800000, 0x0000000711800000|100%| O|  |TAMS 0x0000000711600000, 0x0000000711600000| Untracked 
| 140|0x0000000711800000, 0x0000000711a00000, 0x0000000711a00000|100%| O|  |TAMS 0x0000000711800000, 0x0000000711800000| Untracked 
| 141|0x0000000711a00000, 0x0000000711c00000, 0x0000000711c00000|100%| O|  |TAMS 0x0000000711a00000, 0x0000000711a00000| Untracked 
| 142|0x0000000711c00000, 0x0000000711e00000, 0x0000000711e00000|100%| O|  |TAMS 0x0000000711c00000, 0x0000000711c00000| Untracked 
| 143|0x0000000711e00000, 0x0000000712000000, 0x0000000712000000|100%| O|  |TAMS 0x0000000711e00000, 0x0000000711e00000| Untracked 
| 144|0x0000000712000000, 0x0000000712200000, 0x0000000712200000|100%| O|  |TAMS 0x0000000712000000, 0x0000000712000000| Untracked 
| 145|0x0000000712200000, 0x0000000712400000, 0x0000000712400000|100%| O|  |TAMS 0x0000000712200000, 0x0000000712200000| Untracked 
| 146|0x0000000712400000, 0x0000000712600000, 0x0000000712600000|100%| O|  |TAMS 0x0000000712400000, 0x0000000712400000| Untracked 
| 147|0x0000000712600000, 0x0000000712800000, 0x0000000712800000|100%| O|  |TAMS 0x0000000712600000, 0x0000000712600000| Untracked 
| 148|0x0000000712800000, 0x0000000712a00000, 0x0000000712a00000|100%| O|  |TAMS 0x0000000712800000, 0x0000000712800000| Untracked 
| 149|0x0000000712a00000, 0x0000000712c00000, 0x0000000712c00000|100%| O|  |TAMS 0x0000000712a00000, 0x0000000712a00000| Untracked 
| 150|0x0000000712c00000, 0x0000000712e00000, 0x0000000712e00000|100%| O|  |TAMS 0x0000000712c00000, 0x0000000712c00000| Untracked 
| 151|0x0000000712e00000, 0x0000000713000000, 0x0000000713000000|100%| O|  |TAMS 0x0000000712e00000, 0x0000000712e00000| Untracked 
| 152|0x0000000713000000, 0x0000000713200000, 0x0000000713200000|100%| O|  |TAMS 0x0000000713000000, 0x0000000713000000| Untracked 
| 153|0x0000000713200000, 0x0000000713400000, 0x0000000713400000|100%| O|  |TAMS 0x0000000713200000, 0x0000000713200000| Untracked 
| 154|0x0000000713400000, 0x0000000713600000, 0x0000000713600000|100%| O|  |TAMS 0x0000000713400000, 0x0000000713400000| Untracked 
| 155|0x0000000713600000, 0x0000000713800000, 0x0000000713800000|100%| O|  |TAMS 0x0000000713600000, 0x0000000713600000| Untracked 
| 156|0x0000000713800000, 0x0000000713a00000, 0x0000000713a00000|100%| O|  |TAMS 0x0000000713800000, 0x0000000713800000| Untracked 
| 157|0x0000000713a00000, 0x0000000713c00000, 0x0000000713c00000|100%| O|  |TAMS 0x0000000713a00000, 0x0000000713a00000| Untracked 
| 158|0x0000000713c00000, 0x0000000713e00000, 0x0000000713e00000|100%| O|  |TAMS 0x0000000713c00000, 0x0000000713c00000| Untracked 
| 159|0x0000000713e00000, 0x0000000714000000, 0x0000000714000000|100%| O|  |TAMS 0x0000000713e00000, 0x0000000713e00000| Untracked 
| 160|0x0000000714000000, 0x0000000714200000, 0x0000000714200000|100%| O|  |TAMS 0x0000000714000000, 0x0000000714000000| Untracked 
| 161|0x0000000714200000, 0x0000000714400000, 0x0000000714400000|100%| O|  |TAMS 0x0000000714200000, 0x0000000714200000| Untracked 
| 162|0x0000000714400000, 0x0000000714600000, 0x0000000714600000|100%| O|  |TAMS 0x0000000714400000, 0x0000000714400000| Untracked 
| 163|0x0000000714600000, 0x0000000714800000, 0x0000000714800000|100%| O|  |TAMS 0x0000000714600000, 0x0000000714600000| Untracked 
| 164|0x0000000714800000, 0x0000000714a00000, 0x0000000714a00000|100%| O|  |TAMS 0x0000000714800000, 0x0000000714800000| Untracked 
| 165|0x0000000714a00000, 0x0000000714c00000, 0x0000000714c00000|100%| O|  |TAMS 0x0000000714a00000, 0x0000000714a00000| Untracked 
| 166|0x0000000714c00000, 0x0000000714e00000, 0x0000000714e00000|100%| O|  |TAMS 0x0000000714c00000, 0x0000000714c00000| Untracked 
| 167|0x0000000714e00000, 0x0000000715000000, 0x0000000715000000|100%| O|  |TAMS 0x0000000714e00000, 0x0000000714e00000| Untracked 
| 168|0x0000000715000000, 0x0000000715200000, 0x0000000715200000|100%| O|  |TAMS 0x0000000715000000, 0x0000000715000000| Untracked 
| 169|0x0000000715200000, 0x0000000715400000, 0x0000000715400000|100%| O|  |TAMS 0x0000000715200000, 0x0000000715200000| Untracked 
| 170|0x0000000715400000, 0x0000000715600000, 0x0000000715600000|100%| O|  |TAMS 0x0000000715400000, 0x0000000715400000| Untracked 
| 171|0x0000000715600000, 0x0000000715800000, 0x0000000715800000|100%| O|  |TAMS 0x0000000715600000, 0x0000000715600000| Untracked 
| 172|0x0000000715800000, 0x0000000715a00000, 0x0000000715a00000|100%| O|  |TAMS 0x0000000715800000, 0x0000000715800000| Untracked 
| 173|0x0000000715a00000, 0x0000000715c00000, 0x0000000715c00000|100%| O|  |TAMS 0x0000000715a00000, 0x0000000715a00000| Untracked 
| 174|0x0000000715c00000, 0x0000000715e00000, 0x0000000715e00000|100%| O|  |TAMS 0x0000000715c00000, 0x0000000715c00000| Untracked 
| 175|0x0000000715e00000, 0x0000000716000000, 0x0000000716000000|100%| O|  |TAMS 0x0000000715e00000, 0x0000000715e00000| Untracked 
| 176|0x0000000716000000, 0x0000000716200000, 0x0000000716200000|100%| O|  |TAMS 0x0000000716000000, 0x0000000716000000| Untracked 
| 177|0x0000000716200000, 0x0000000716400000, 0x0000000716400000|100%| O|  |TAMS 0x0000000716200000, 0x0000000716200000| Untracked 
| 178|0x0000000716400000, 0x0000000716600000, 0x0000000716600000|100%| O|  |TAMS 0x0000000716400000, 0x0000000716400000| Untracked 
| 179|0x0000000716600000, 0x0000000716800000, 0x0000000716800000|100%| O|  |TAMS 0x0000000716600000, 0x0000000716600000| Untracked 
| 180|0x0000000716800000, 0x0000000716a00000, 0x0000000716a00000|100%| O|  |TAMS 0x0000000716800000, 0x0000000716800000| Untracked 
| 181|0x0000000716a00000, 0x0000000716c00000, 0x0000000716c00000|100%| O|  |TAMS 0x0000000716a00000, 0x0000000716a00000| Untracked 
| 182|0x0000000716c00000, 0x0000000716e00000, 0x0000000716e00000|100%| O|  |TAMS 0x0000000716c00000, 0x0000000716c00000| Untracked 
| 183|0x0000000716e00000, 0x0000000717000000, 0x0000000717000000|100%| O|  |TAMS 0x0000000716e00000, 0x0000000716e00000| Untracked 
| 184|0x0000000717000000, 0x0000000717200000, 0x0000000717200000|100%| O|  |TAMS 0x0000000717000000, 0x0000000717000000| Untracked 
| 185|0x0000000717200000, 0x0000000717400000, 0x0000000717400000|100%| O|  |TAMS 0x0000000717200000, 0x0000000717200000| Untracked 
| 186|0x0000000717400000, 0x0000000717600000, 0x0000000717600000|100%| O|  |TAMS 0x0000000717400000, 0x0000000717400000| Untracked 
| 187|0x0000000717600000, 0x0000000717800000, 0x0000000717800000|100%| O|  |TAMS 0x0000000717600000, 0x0000000717600000| Untracked 
| 188|0x0000000717800000, 0x0000000717a00000, 0x0000000717a00000|100%| O|  |TAMS 0x0000000717800000, 0x0000000717800000| Untracked 
| 189|0x0000000717a00000, 0x0000000717a00000, 0x0000000717c00000|  0%| F|  |TAMS 0x0000000717a00000, 0x0000000717a00000| Untracked 
| 190|0x0000000717c00000, 0x0000000717c00000, 0x0000000717e00000|  0%| F|  |TAMS 0x0000000717c00000, 0x0000000717c00000| Untracked 
| 191|0x0000000717e00000, 0x0000000718000000, 0x0000000718000000|100%| O|  |TAMS 0x0000000717e00000, 0x0000000717e00000| Untracked 
| 192|0x0000000718000000, 0x0000000718200000, 0x0000000718200000|100%| O|  |TAMS 0x0000000718000000, 0x0000000718000000| Untracked 
| 193|0x0000000718200000, 0x0000000718400000, 0x0000000718400000|100%| O|  |TAMS 0x0000000718200000, 0x0000000718200000| Untracked 
| 194|0x0000000718400000, 0x0000000718600000, 0x0000000718600000|100%| O|  |TAMS 0x0000000718400000, 0x0000000718400000| Untracked 
| 195|0x0000000718600000, 0x0000000718800000, 0x0000000718800000|100%| O|  |TAMS 0x0000000718600000, 0x0000000718600000| Untracked 
| 196|0x0000000718800000, 0x0000000718a00000, 0x0000000718a00000|100%| O|  |TAMS 0x0000000718800000, 0x0000000718800000| Untracked 
| 197|0x0000000718a00000, 0x0000000718c00000, 0x0000000718c00000|100%| O|  |TAMS 0x0000000718a00000, 0x0000000718a00000| Untracked 
| 198|0x0000000718c00000, 0x0000000718e00000, 0x0000000718e00000|100%| O|  |TAMS 0x0000000718c00000, 0x0000000718c00000| Untracked 
| 199|0x0000000718e00000, 0x0000000719000000, 0x0000000719000000|100%| O|  |TAMS 0x0000000718e00000, 0x0000000718e00000| Untracked 
| 200|0x0000000719000000, 0x0000000719000000, 0x0000000719200000|  0%| F|  |TAMS 0x0000000719000000, 0x0000000719000000| Untracked 
| 201|0x0000000719200000, 0x0000000719200000, 0x0000000719400000|  0%| F|  |TAMS 0x0000000719200000, 0x0000000719200000| Untracked 
| 202|0x0000000719400000, 0x0000000719400000, 0x0000000719600000|  0%| F|  |TAMS 0x0000000719400000, 0x0000000719400000| Untracked 
| 203|0x0000000719600000, 0x0000000719600000, 0x0000000719800000|  0%| F|  |TAMS 0x0000000719600000, 0x0000000719600000| Untracked 
| 204|0x0000000719800000, 0x0000000719800000, 0x0000000719a00000|  0%| F|  |TAMS 0x0000000719800000, 0x0000000719800000| Untracked 
| 205|0x0000000719a00000, 0x0000000719a00000, 0x0000000719c00000|  0%| F|  |TAMS 0x0000000719a00000, 0x0000000719a00000| Untracked 
| 206|0x0000000719c00000, 0x0000000719c00000, 0x0000000719e00000|  0%| F|  |TAMS 0x0000000719c00000, 0x0000000719c00000| Untracked 
| 207|0x0000000719e00000, 0x0000000719e00000, 0x000000071a000000|  0%| F|  |TAMS 0x0000000719e00000, 0x0000000719e00000| Untracked 
| 208|0x000000071a000000, 0x000000071a000000, 0x000000071a200000|  0%| F|  |TAMS 0x000000071a000000, 0x000000071a000000| Untracked 
| 209|0x000000071a200000, 0x000000071a200000, 0x000000071a400000|  0%| F|  |TAMS 0x000000071a200000, 0x000000071a200000| Untracked 
| 210|0x000000071a400000, 0x000000071a400000, 0x000000071a600000|  0%| F|  |TAMS 0x000000071a400000, 0x000000071a400000| Untracked 
| 211|0x000000071a600000, 0x000000071a600000, 0x000000071a800000|  0%| F|  |TAMS 0x000000071a600000, 0x000000071a600000| Untracked 
| 212|0x000000071a800000, 0x000000071a800000, 0x000000071aa00000|  0%| F|  |TAMS 0x000000071a800000, 0x000000071a800000| Untracked 
| 213|0x000000071aa00000, 0x000000071aa00000, 0x000000071ac00000|  0%| F|  |TAMS 0x000000071aa00000, 0x000000071aa00000| Untracked 
| 214|0x000000071ac00000, 0x000000071ac00000, 0x000000071ae00000|  0%| F|  |TAMS 0x000000071ac00000, 0x000000071ac00000| Untracked 
| 215|0x000000071ae00000, 0x000000071ae00000, 0x000000071b000000|  0%| F|  |TAMS 0x000000071ae00000, 0x000000071ae00000| Untracked 
| 216|0x000000071b000000, 0x000000071b000000, 0x000000071b200000|  0%| F|  |TAMS 0x000000071b000000, 0x000000071b000000| Untracked 
| 217|0x000000071b200000, 0x000000071b200000, 0x000000071b400000|  0%| F|  |TAMS 0x000000071b200000, 0x000000071b200000| Untracked 
| 218|0x000000071b400000, 0x000000071b400000, 0x000000071b600000|  0%| F|  |TAMS 0x000000071b400000, 0x000000071b400000| Untracked 
| 219|0x000000071b600000, 0x000000071b600000, 0x000000071b800000|  0%| F|  |TAMS 0x000000071b600000, 0x000000071b600000| Untracked 
| 220|0x000000071b800000, 0x000000071b800000, 0x000000071ba00000|  0%| F|  |TAMS 0x000000071b800000, 0x000000071b800000| Untracked 
| 221|0x000000071ba00000, 0x000000071ba00000, 0x000000071bc00000|  0%| F|  |TAMS 0x000000071ba00000, 0x000000071ba00000| Untracked 
| 222|0x000000071bc00000, 0x000000071bc00000, 0x000000071be00000|  0%| F|  |TAMS 0x000000071bc00000, 0x000000071bc00000| Untracked 
| 223|0x000000071be00000, 0x000000071be00000, 0x000000071c000000|  0%| F|  |TAMS 0x000000071be00000, 0x000000071be00000| Untracked 
| 224|0x000000071c000000, 0x000000071c000000, 0x000000071c200000|  0%| F|  |TAMS 0x000000071c000000, 0x000000071c000000| Untracked 
| 225|0x000000071c200000, 0x000000071c200000, 0x000000071c400000|  0%| F|  |TAMS 0x000000071c200000, 0x000000071c200000| Untracked 
| 226|0x000000071c400000, 0x000000071c400000, 0x000000071c600000|  0%| F|  |TAMS 0x000000071c400000, 0x000000071c400000| Untracked 
| 227|0x000000071c600000, 0x000000071c600000, 0x000000071c800000|  0%| F|  |TAMS 0x000000071c600000, 0x000000071c600000| Untracked 
| 228|0x000000071c800000, 0x000000071c800000, 0x000000071ca00000|  0%| F|  |TAMS 0x000000071c800000, 0x000000071c800000| Untracked 
| 229|0x000000071ca00000, 0x000000071ca00000, 0x000000071cc00000|  0%| F|  |TAMS 0x000000071ca00000, 0x000000071ca00000| Untracked 
| 230|0x000000071cc00000, 0x000000071cc00000, 0x000000071ce00000|  0%| F|  |TAMS 0x000000071cc00000, 0x000000071cc00000| Untracked 
| 231|0x000000071ce00000, 0x000000071ce00000, 0x000000071d000000|  0%| F|  |TAMS 0x000000071ce00000, 0x000000071ce00000| Untracked 
| 232|0x000000071d000000, 0x000000071d000000, 0x000000071d200000|  0%| F|  |TAMS 0x000000071d000000, 0x000000071d000000| Untracked 
| 233|0x000000071d200000, 0x000000071d200000, 0x000000071d400000|  0%| F|  |TAMS 0x000000071d200000, 0x000000071d200000| Untracked 
| 234|0x000000071d400000, 0x000000071d400000, 0x000000071d600000|  0%| F|  |TAMS 0x000000071d400000, 0x000000071d400000| Untracked 
| 235|0x000000071d600000, 0x000000071d600000, 0x000000071d800000|  0%| F|  |TAMS 0x000000071d600000, 0x000000071d600000| Untracked 
| 236|0x000000071d800000, 0x000000071d800000, 0x000000071da00000|  0%| F|  |TAMS 0x000000071d800000, 0x000000071d800000| Untracked 
| 237|0x000000071da00000, 0x000000071da00000, 0x000000071dc00000|  0%| F|  |TAMS 0x000000071da00000, 0x000000071da00000| Untracked 
| 238|0x000000071dc00000, 0x000000071dc00000, 0x000000071de00000|  0%| F|  |TAMS 0x000000071dc00000, 0x000000071dc00000| Untracked 
| 239|0x000000071de00000, 0x000000071de00000, 0x000000071e000000|  0%| F|  |TAMS 0x000000071de00000, 0x000000071de00000| Untracked 
| 240|0x000000071e000000, 0x000000071e000000, 0x000000071e200000|  0%| F|  |TAMS 0x000000071e000000, 0x000000071e000000| Untracked 
| 241|0x000000071e200000, 0x000000071e200000, 0x000000071e400000|  0%| F|  |TAMS 0x000000071e200000, 0x000000071e200000| Untracked 
| 242|0x000000071e400000, 0x000000071e400000, 0x000000071e600000|  0%| F|  |TAMS 0x000000071e400000, 0x000000071e400000| Untracked 
| 243|0x000000071e600000, 0x000000071e600000, 0x000000071e800000|  0%| F|  |TAMS 0x000000071e600000, 0x000000071e600000| Untracked 
| 244|0x000000071e800000, 0x000000071e800000, 0x000000071ea00000|  0%| F|  |TAMS 0x000000071e800000, 0x000000071e800000| Untracked 
| 245|0x000000071ea00000, 0x000000071ea00000, 0x000000071ec00000|  0%| F|  |TAMS 0x000000071ea00000, 0x000000071ea00000| Untracked 
| 246|0x000000071ec00000, 0x000000071ec00000, 0x000000071ee00000|  0%| F|  |TAMS 0x000000071ec00000, 0x000000071ec00000| Untracked 
| 247|0x000000071ee00000, 0x000000071ee00000, 0x000000071f000000|  0%| F|  |TAMS 0x000000071ee00000, 0x000000071ee00000| Untracked 
| 248|0x000000071f000000, 0x000000071f000000, 0x000000071f200000|  0%| F|  |TAMS 0x000000071f000000, 0x000000071f000000| Untracked 
| 249|0x000000071f200000, 0x000000071f200000, 0x000000071f400000|  0%| F|  |TAMS 0x000000071f200000, 0x000000071f200000| Untracked 
| 250|0x000000071f400000, 0x000000071f400000, 0x000000071f600000|  0%| F|  |TAMS 0x000000071f400000, 0x000000071f400000| Untracked 
| 251|0x000000071f600000, 0x000000071f600000, 0x000000071f800000|  0%| F|  |TAMS 0x000000071f600000, 0x000000071f600000| Untracked 
| 252|0x000000071f800000, 0x000000071f800000, 0x000000071fa00000|  0%| F|  |TAMS 0x000000071f800000, 0x000000071f800000| Untracked 
| 253|0x000000071fa00000, 0x000000071fa00000, 0x000000071fc00000|  0%| F|  |TAMS 0x000000071fa00000, 0x000000071fa00000| Untracked 
| 254|0x000000071fc00000, 0x000000071fc00000, 0x000000071fe00000|  0%| F|  |TAMS 0x000000071fc00000, 0x000000071fc00000| Untracked 
| 255|0x000000071fe00000, 0x000000071fe00000, 0x0000000720000000|  0%| F|  |TAMS 0x000000071fe00000, 0x000000071fe00000| Untracked 
| 256|0x0000000720000000, 0x0000000720000000, 0x0000000720200000|  0%| F|  |TAMS 0x0000000720000000, 0x0000000720000000| Untracked 
| 257|0x0000000720200000, 0x0000000720200000, 0x0000000720400000|  0%| F|  |TAMS 0x0000000720200000, 0x0000000720200000| Untracked 
| 258|0x0000000720400000, 0x0000000720400000, 0x0000000720600000|  0%| F|  |TAMS 0x0000000720400000, 0x0000000720400000| Untracked 
| 259|0x0000000720600000, 0x0000000720600000, 0x0000000720800000|  0%| F|  |TAMS 0x0000000720600000, 0x0000000720600000| Untracked 
| 260|0x0000000720800000, 0x0000000720800000, 0x0000000720a00000|  0%| F|  |TAMS 0x0000000720800000, 0x0000000720800000| Untracked 
| 261|0x0000000720a00000, 0x0000000720a00000, 0x0000000720c00000|  0%| F|  |TAMS 0x0000000720a00000, 0x0000000720a00000| Untracked 
| 262|0x0000000720c00000, 0x0000000720c00000, 0x0000000720e00000|  0%| F|  |TAMS 0x0000000720c00000, 0x0000000720c00000| Untracked 
| 263|0x0000000720e00000, 0x0000000720e00000, 0x0000000721000000|  0%| F|  |TAMS 0x0000000720e00000, 0x0000000720e00000| Untracked 
| 264|0x0000000721000000, 0x0000000721000000, 0x0000000721200000|  0%| F|  |TAMS 0x0000000721000000, 0x0000000721000000| Untracked 
| 265|0x0000000721200000, 0x0000000721200000, 0x0000000721400000|  0%| F|  |TAMS 0x0000000721200000, 0x0000000721200000| Untracked 
| 266|0x0000000721400000, 0x0000000721501700, 0x0000000721600000| 50%| S|CS|TAMS 0x0000000721400000, 0x0000000721400000| Complete 
| 267|0x0000000721600000, 0x0000000721800000, 0x0000000721800000|100%| S|CS|TAMS 0x0000000721600000, 0x0000000721600000| Complete 
| 268|0x0000000721800000, 0x0000000721a00000, 0x0000000721a00000|100%| S|CS|TAMS 0x0000000721800000, 0x0000000721800000| Complete 
| 269|0x0000000721a00000, 0x0000000721c00000, 0x0000000721c00000|100%| S|CS|TAMS 0x0000000721a00000, 0x0000000721a00000| Complete 
| 270|0x0000000721c00000, 0x0000000721e00000, 0x0000000721e00000|100%| S|CS|TAMS 0x0000000721c00000, 0x0000000721c00000| Complete 
| 271|0x0000000721e00000, 0x0000000722000000, 0x0000000722000000|100%| S|CS|TAMS 0x0000000721e00000, 0x0000000721e00000| Complete 
| 272|0x0000000722000000, 0x0000000722200000, 0x0000000722200000|100%| S|CS|TAMS 0x0000000722000000, 0x0000000722000000| Complete 
| 273|0x0000000722200000, 0x0000000722400000, 0x0000000722400000|100%| S|CS|TAMS 0x0000000722200000, 0x0000000722200000| Complete 
| 274|0x0000000722400000, 0x0000000722600000, 0x0000000722600000|100%| S|CS|TAMS 0x0000000722400000, 0x0000000722400000| Complete 
| 275|0x0000000722600000, 0x0000000722800000, 0x0000000722800000|100%| S|CS|TAMS 0x0000000722600000, 0x0000000722600000| Complete 
| 276|0x0000000722800000, 0x0000000722a00000, 0x0000000722a00000|100%| S|CS|TAMS 0x0000000722800000, 0x0000000722800000| Complete 
| 277|0x0000000722a00000, 0x0000000722c00000, 0x0000000722c00000|100%| S|CS|TAMS 0x0000000722a00000, 0x0000000722a00000| Complete 
| 278|0x0000000722c00000, 0x0000000722e00000, 0x0000000722e00000|100%| S|CS|TAMS 0x0000000722c00000, 0x0000000722c00000| Complete 
| 279|0x0000000722e00000, 0x0000000723000000, 0x0000000723000000|100%| S|CS|TAMS 0x0000000722e00000, 0x0000000722e00000| Complete 
| 280|0x0000000723000000, 0x0000000723200000, 0x0000000723200000|100%| S|CS|TAMS 0x0000000723000000, 0x0000000723000000| Complete 
| 281|0x0000000723200000, 0x0000000723400000, 0x0000000723400000|100%| S|CS|TAMS 0x0000000723200000, 0x0000000723200000| Complete 
| 282|0x0000000723400000, 0x0000000723600000, 0x0000000723600000|100%| S|CS|TAMS 0x0000000723400000, 0x0000000723400000| Complete 
| 283|0x0000000723600000, 0x0000000723800000, 0x0000000723800000|100%| S|CS|TAMS 0x0000000723600000, 0x0000000723600000| Complete 
| 284|0x0000000723800000, 0x0000000723800000, 0x0000000723a00000|  0%| F|  |TAMS 0x0000000723800000, 0x0000000723800000| Untracked 
| 285|0x0000000723a00000, 0x0000000723a00000, 0x0000000723c00000|  0%| F|  |TAMS 0x0000000723a00000, 0x0000000723a00000| Untracked 
| 286|0x0000000723c00000, 0x0000000723c00000, 0x0000000723e00000|  0%| F|  |TAMS 0x0000000723c00000, 0x0000000723c00000| Untracked 
| 287|0x0000000723e00000, 0x0000000723e00000, 0x0000000724000000|  0%| F|  |TAMS 0x0000000723e00000, 0x0000000723e00000| Untracked 
| 288|0x0000000724000000, 0x0000000724000000, 0x0000000724200000|  0%| F|  |TAMS 0x0000000724000000, 0x0000000724000000| Untracked 
| 289|0x0000000724200000, 0x0000000724200000, 0x0000000724400000|  0%| F|  |TAMS 0x0000000724200000, 0x0000000724200000| Untracked 
| 290|0x0000000724400000, 0x0000000724400000, 0x0000000724600000|  0%| F|  |TAMS 0x0000000724400000, 0x0000000724400000| Untracked 
| 291|0x0000000724600000, 0x0000000724600000, 0x0000000724800000|  0%| F|  |TAMS 0x0000000724600000, 0x0000000724600000| Untracked 
| 292|0x0000000724800000, 0x0000000724800000, 0x0000000724a00000|  0%| F|  |TAMS 0x0000000724800000, 0x0000000724800000| Untracked 
| 293|0x0000000724a00000, 0x0000000724a00000, 0x0000000724c00000|  0%| F|  |TAMS 0x0000000724a00000, 0x0000000724a00000| Untracked 
| 294|0x0000000724c00000, 0x0000000724c00000, 0x0000000724e00000|  0%| F|  |TAMS 0x0000000724c00000, 0x0000000724c00000| Untracked 
| 295|0x0000000724e00000, 0x0000000724e00000, 0x0000000725000000|  0%| F|  |TAMS 0x0000000724e00000, 0x0000000724e00000| Untracked 
| 296|0x0000000725000000, 0x0000000725000000, 0x0000000725200000|  0%| F|  |TAMS 0x0000000725000000, 0x0000000725000000| Untracked 
| 297|0x0000000725200000, 0x0000000725200000, 0x0000000725400000|  0%| F|  |TAMS 0x0000000725200000, 0x0000000725200000| Untracked 
| 298|0x0000000725400000, 0x0000000725400000, 0x0000000725600000|  0%| F|  |TAMS 0x0000000725400000, 0x0000000725400000| Untracked 
| 299|0x0000000725600000, 0x0000000725600000, 0x0000000725800000|  0%| F|  |TAMS 0x0000000725600000, 0x0000000725600000| Untracked 
| 300|0x0000000725800000, 0x0000000725800000, 0x0000000725a00000|  0%| F|  |TAMS 0x0000000725800000, 0x0000000725800000| Untracked 
| 301|0x0000000725a00000, 0x0000000725a00000, 0x0000000725c00000|  0%| F|  |TAMS 0x0000000725a00000, 0x0000000725a00000| Untracked 
| 302|0x0000000725c00000, 0x0000000725c00000, 0x0000000725e00000|  0%| F|  |TAMS 0x0000000725c00000, 0x0000000725c00000| Untracked 
| 303|0x0000000725e00000, 0x0000000725e00000, 0x0000000726000000|  0%| F|  |TAMS 0x0000000725e00000, 0x0000000725e00000| Untracked 
| 304|0x0000000726000000, 0x0000000726000000, 0x0000000726200000|  0%| F|  |TAMS 0x0000000726000000, 0x0000000726000000| Untracked 
| 305|0x0000000726200000, 0x0000000726200000, 0x0000000726400000|  0%| F|  |TAMS 0x0000000726200000, 0x0000000726200000| Untracked 
| 306|0x0000000726400000, 0x0000000726400000, 0x0000000726600000|  0%| F|  |TAMS 0x0000000726400000, 0x0000000726400000| Untracked 
| 307|0x0000000726600000, 0x0000000726600000, 0x0000000726800000|  0%| F|  |TAMS 0x0000000726600000, 0x0000000726600000| Untracked 
| 308|0x0000000726800000, 0x0000000726800000, 0x0000000726a00000|  0%| F|  |TAMS 0x0000000726800000, 0x0000000726800000| Untracked 
| 309|0x0000000726a00000, 0x0000000726a00000, 0x0000000726c00000|  0%| F|  |TAMS 0x0000000726a00000, 0x0000000726a00000| Untracked 
| 310|0x0000000726c00000, 0x0000000726c00000, 0x0000000726e00000|  0%| F|  |TAMS 0x0000000726c00000, 0x0000000726c00000| Untracked 
| 311|0x0000000726e00000, 0x0000000726e00000, 0x0000000727000000|  0%| F|  |TAMS 0x0000000726e00000, 0x0000000726e00000| Untracked 
| 312|0x0000000727000000, 0x0000000727000000, 0x0000000727200000|  0%| F|  |TAMS 0x0000000727000000, 0x0000000727000000| Untracked 
| 313|0x0000000727200000, 0x0000000727200000, 0x0000000727400000|  0%| F|  |TAMS 0x0000000727200000, 0x0000000727200000| Untracked 
| 314|0x0000000727400000, 0x0000000727400000, 0x0000000727600000|  0%| F|  |TAMS 0x0000000727400000, 0x0000000727400000| Untracked 
| 315|0x0000000727600000, 0x0000000727600000, 0x0000000727800000|  0%| F|  |TAMS 0x0000000727600000, 0x0000000727600000| Untracked 
| 316|0x0000000727800000, 0x0000000727800000, 0x0000000727a00000|  0%| F|  |TAMS 0x0000000727800000, 0x0000000727800000| Untracked 
| 317|0x0000000727a00000, 0x0000000727a00000, 0x0000000727c00000|  0%| F|  |TAMS 0x0000000727a00000, 0x0000000727a00000| Untracked 
| 318|0x0000000727c00000, 0x0000000727c00000, 0x0000000727e00000|  0%| F|  |TAMS 0x0000000727c00000, 0x0000000727c00000| Untracked 
| 319|0x0000000727e00000, 0x0000000727e00000, 0x0000000728000000|  0%| F|  |TAMS 0x0000000727e00000, 0x0000000727e00000| Untracked 
| 320|0x0000000728000000, 0x0000000728000000, 0x0000000728200000|  0%| F|  |TAMS 0x0000000728000000, 0x0000000728000000| Untracked 
| 321|0x0000000728200000, 0x0000000728200000, 0x0000000728400000|  0%| F|  |TAMS 0x0000000728200000, 0x0000000728200000| Untracked 
| 322|0x0000000728400000, 0x0000000728400000, 0x0000000728600000|  0%| F|  |TAMS 0x0000000728400000, 0x0000000728400000| Untracked 
| 323|0x0000000728600000, 0x0000000728600000, 0x0000000728800000|  0%| F|  |TAMS 0x0000000728600000, 0x0000000728600000| Untracked 
| 324|0x0000000728800000, 0x0000000728800000, 0x0000000728a00000|  0%| F|  |TAMS 0x0000000728800000, 0x0000000728800000| Untracked 
| 325|0x0000000728a00000, 0x0000000728a00000, 0x0000000728c00000|  0%| F|  |TAMS 0x0000000728a00000, 0x0000000728a00000| Untracked 
| 326|0x0000000728c00000, 0x0000000728c00000, 0x0000000728e00000|  0%| F|  |TAMS 0x0000000728c00000, 0x0000000728c00000| Untracked 
| 327|0x0000000728e00000, 0x0000000728e00000, 0x0000000729000000|  0%| F|  |TAMS 0x0000000728e00000, 0x0000000728e00000| Untracked 
| 328|0x0000000729000000, 0x0000000729000000, 0x0000000729200000|  0%| F|  |TAMS 0x0000000729000000, 0x0000000729000000| Untracked 
| 329|0x0000000729200000, 0x00000007292ef008, 0x0000000729400000| 46%| E|  |TAMS 0x0000000729200000, 0x0000000729200000| Complete 
| 330|0x0000000729400000, 0x0000000729600000, 0x0000000729600000|100%| E|CS|TAMS 0x0000000729400000, 0x0000000729400000| Complete 
| 331|0x0000000729600000, 0x0000000729800000, 0x0000000729800000|100%| E|CS|TAMS 0x0000000729600000, 0x0000000729600000| Complete 
| 332|0x0000000729800000, 0x0000000729a00000, 0x0000000729a00000|100%| E|CS|TAMS 0x0000000729800000, 0x0000000729800000| Complete 
| 333|0x0000000729a00000, 0x0000000729c00000, 0x0000000729c00000|100%| E|CS|TAMS 0x0000000729a00000, 0x0000000729a00000| Complete 
| 334|0x0000000729c00000, 0x0000000729e00000, 0x0000000729e00000|100%| E|CS|TAMS 0x0000000729c00000, 0x0000000729c00000| Complete 
| 335|0x0000000729e00000, 0x000000072a000000, 0x000000072a000000|100%| E|CS|TAMS 0x0000000729e00000, 0x0000000729e00000| Complete 
| 336|0x000000072a000000, 0x000000072a200000, 0x000000072a200000|100%| E|CS|TAMS 0x000000072a000000, 0x000000072a000000| Complete 
| 337|0x000000072a200000, 0x000000072a400000, 0x000000072a400000|100%| E|CS|TAMS 0x000000072a200000, 0x000000072a200000| Complete 
| 338|0x000000072a400000, 0x000000072a600000, 0x000000072a600000|100%| E|CS|TAMS 0x000000072a400000, 0x000000072a400000| Complete 
| 339|0x000000072a600000, 0x000000072a800000, 0x000000072a800000|100%| E|CS|TAMS 0x000000072a600000, 0x000000072a600000| Complete 
| 340|0x000000072a800000, 0x000000072aa00000, 0x000000072aa00000|100%| E|CS|TAMS 0x000000072a800000, 0x000000072a800000| Complete 
| 341|0x000000072aa00000, 0x000000072ac00000, 0x000000072ac00000|100%| E|CS|TAMS 0x000000072aa00000, 0x000000072aa00000| Complete 
| 342|0x000000072ac00000, 0x000000072ae00000, 0x000000072ae00000|100%| E|CS|TAMS 0x000000072ac00000, 0x000000072ac00000| Complete 
| 343|0x000000072ae00000, 0x000000072b000000, 0x000000072b000000|100%| E|CS|TAMS 0x000000072ae00000, 0x000000072ae00000| Complete 
| 344|0x000000072b000000, 0x000000072b200000, 0x000000072b200000|100%| E|CS|TAMS 0x000000072b000000, 0x000000072b000000| Complete 
| 345|0x000000072b200000, 0x000000072b400000, 0x000000072b400000|100%| E|CS|TAMS 0x000000072b200000, 0x000000072b200000| Complete 
| 346|0x000000072b400000, 0x000000072b600000, 0x000000072b600000|100%| E|CS|TAMS 0x000000072b400000, 0x000000072b400000| Complete 
| 347|0x000000072b600000, 0x000000072b800000, 0x000000072b800000|100%| E|CS|TAMS 0x000000072b600000, 0x000000072b600000| Complete 
| 348|0x000000072b800000, 0x000000072ba00000, 0x000000072ba00000|100%| E|CS|TAMS 0x000000072b800000, 0x000000072b800000| Complete 
| 349|0x000000072ba00000, 0x000000072bc00000, 0x000000072bc00000|100%| E|CS|TAMS 0x000000072ba00000, 0x000000072ba00000| Complete 
| 350|0x000000072bc00000, 0x000000072be00000, 0x000000072be00000|100%| E|CS|TAMS 0x000000072bc00000, 0x000000072bc00000| Complete 
| 351|0x000000072be00000, 0x000000072c000000, 0x000000072c000000|100%| E|CS|TAMS 0x000000072be00000, 0x000000072be00000| Complete 
| 352|0x000000072c000000, 0x000000072c200000, 0x000000072c200000|100%| E|CS|TAMS 0x000000072c000000, 0x000000072c000000| Complete 
| 353|0x000000072c200000, 0x000000072c400000, 0x000000072c400000|100%| E|CS|TAMS 0x000000072c200000, 0x000000072c200000| Complete 
| 354|0x000000072c400000, 0x000000072c600000, 0x000000072c600000|100%| E|CS|TAMS 0x000000072c400000, 0x000000072c400000| Complete 
| 355|0x000000072c600000, 0x000000072c800000, 0x000000072c800000|100%| E|CS|TAMS 0x000000072c600000, 0x000000072c600000| Complete 
| 356|0x000000072c800000, 0x000000072ca00000, 0x000000072ca00000|100%| E|CS|TAMS 0x000000072c800000, 0x000000072c800000| Complete 
| 357|0x000000072ca00000, 0x000000072cc00000, 0x000000072cc00000|100%| E|CS|TAMS 0x000000072ca00000, 0x000000072ca00000| Complete 
| 358|0x000000072cc00000, 0x000000072ce00000, 0x000000072ce00000|100%| E|CS|TAMS 0x000000072cc00000, 0x000000072cc00000| Complete 
| 359|0x000000072ce00000, 0x000000072d000000, 0x000000072d000000|100%| E|CS|TAMS 0x000000072ce00000, 0x000000072ce00000| Complete 
| 360|0x000000072d000000, 0x000000072d200000, 0x000000072d200000|100%| E|CS|TAMS 0x000000072d000000, 0x000000072d000000| Complete 
| 361|0x000000072d200000, 0x000000072d400000, 0x000000072d400000|100%| E|CS|TAMS 0x000000072d200000, 0x000000072d200000| Complete 
| 362|0x000000072d400000, 0x000000072d600000, 0x000000072d600000|100%| E|CS|TAMS 0x000000072d400000, 0x000000072d400000| Complete 
| 363|0x000000072d600000, 0x000000072d800000, 0x000000072d800000|100%| E|CS|TAMS 0x000000072d600000, 0x000000072d600000| Complete 
| 364|0x000000072d800000, 0x000000072da00000, 0x000000072da00000|100%| E|CS|TAMS 0x000000072d800000, 0x000000072d800000| Complete 
| 365|0x000000072da00000, 0x000000072dc00000, 0x000000072dc00000|100%| E|CS|TAMS 0x000000072da00000, 0x000000072da00000| Complete 
| 366|0x000000072dc00000, 0x000000072de00000, 0x000000072de00000|100%| E|CS|TAMS 0x000000072dc00000, 0x000000072dc00000| Complete 
| 367|0x000000072de00000, 0x000000072e000000, 0x000000072e000000|100%| E|CS|TAMS 0x000000072de00000, 0x000000072de00000| Complete 
| 368|0x000000072e000000, 0x000000072e200000, 0x000000072e200000|100%| E|CS|TAMS 0x000000072e000000, 0x000000072e000000| Complete 
| 369|0x000000072e200000, 0x000000072e400000, 0x000000072e400000|100%| E|CS|TAMS 0x000000072e200000, 0x000000072e200000| Complete 
| 370|0x000000072e400000, 0x000000072e600000, 0x000000072e600000|100%| E|CS|TAMS 0x000000072e400000, 0x000000072e400000| Complete 
| 371|0x000000072e600000, 0x000000072e800000, 0x000000072e800000|100%| E|CS|TAMS 0x000000072e600000, 0x000000072e600000| Complete 
| 372|0x000000072e800000, 0x000000072ea00000, 0x000000072ea00000|100%| E|CS|TAMS 0x000000072e800000, 0x000000072e800000| Complete 
| 373|0x000000072ea00000, 0x000000072ec00000, 0x000000072ec00000|100%| E|CS|TAMS 0x000000072ea00000, 0x000000072ea00000| Complete 
| 374|0x000000072ec00000, 0x000000072ee00000, 0x000000072ee00000|100%| E|CS|TAMS 0x000000072ec00000, 0x000000072ec00000| Complete 
| 375|0x000000072ee00000, 0x000000072f000000, 0x000000072f000000|100%| E|CS|TAMS 0x000000072ee00000, 0x000000072ee00000| Complete 
| 376|0x000000072f000000, 0x000000072f200000, 0x000000072f200000|100%| E|CS|TAMS 0x000000072f000000, 0x000000072f000000| Complete 
| 377|0x000000072f200000, 0x000000072f400000, 0x000000072f400000|100%| E|CS|TAMS 0x000000072f200000, 0x000000072f200000| Complete 
| 378|0x000000072f400000, 0x000000072f600000, 0x000000072f600000|100%| E|CS|TAMS 0x000000072f400000, 0x000000072f400000| Complete 
| 379|0x000000072f600000, 0x000000072f800000, 0x000000072f800000|100%| E|CS|TAMS 0x000000072f600000, 0x000000072f600000| Complete 
| 380|0x000000072f800000, 0x000000072fa00000, 0x000000072fa00000|100%| E|CS|TAMS 0x000000072f800000, 0x000000072f800000| Complete 
| 381|0x000000072fa00000, 0x000000072fc00000, 0x000000072fc00000|100%| E|CS|TAMS 0x000000072fa00000, 0x000000072fa00000| Complete 
| 382|0x000000072fc00000, 0x000000072fe00000, 0x000000072fe00000|100%| E|CS|TAMS 0x000000072fc00000, 0x000000072fc00000| Complete 
| 383|0x000000072fe00000, 0x0000000730000000, 0x0000000730000000|100%| E|CS|TAMS 0x000000072fe00000, 0x000000072fe00000| Complete 
| 384|0x0000000730000000, 0x0000000730200000, 0x0000000730200000|100%| E|CS|TAMS 0x0000000730000000, 0x0000000730000000| Complete 
| 385|0x0000000730200000, 0x0000000730400000, 0x0000000730400000|100%| E|CS|TAMS 0x0000000730200000, 0x0000000730200000| Complete 
| 386|0x0000000730400000, 0x0000000730600000, 0x0000000730600000|100%| E|CS|TAMS 0x0000000730400000, 0x0000000730400000| Complete 
| 387|0x0000000730600000, 0x0000000730800000, 0x0000000730800000|100%| E|CS|TAMS 0x0000000730600000, 0x0000000730600000| Complete 
| 388|0x0000000730800000, 0x0000000730a00000, 0x0000000730a00000|100%| E|  |TAMS 0x0000000730800000, 0x0000000730800000| Complete 
| 389|0x0000000730a00000, 0x0000000730c00000, 0x0000000730c00000|100%| E|CS|TAMS 0x0000000730a00000, 0x0000000730a00000| Complete 
| 390|0x0000000730c00000, 0x0000000730e00000, 0x0000000730e00000|100%| E|CS|TAMS 0x0000000730c00000, 0x0000000730c00000| Complete 
| 391|0x0000000730e00000, 0x0000000731000000, 0x0000000731000000|100%| E|CS|TAMS 0x0000000730e00000, 0x0000000730e00000| Complete 
| 392|0x0000000731000000, 0x0000000731200000, 0x0000000731200000|100%| E|CS|TAMS 0x0000000731000000, 0x0000000731000000| Complete 
| 393|0x0000000731200000, 0x0000000731400000, 0x0000000731400000|100%| E|CS|TAMS 0x0000000731200000, 0x0000000731200000| Complete 
| 394|0x0000000731400000, 0x0000000731600000, 0x0000000731600000|100%| E|CS|TAMS 0x0000000731400000, 0x0000000731400000| Complete 
| 395|0x0000000731600000, 0x0000000731800000, 0x0000000731800000|100%| E|CS|TAMS 0x0000000731600000, 0x0000000731600000| Complete 
| 396|0x0000000731800000, 0x0000000731a00000, 0x0000000731a00000|100%| E|CS|TAMS 0x0000000731800000, 0x0000000731800000| Complete 
| 397|0x0000000731a00000, 0x0000000731c00000, 0x0000000731c00000|100%| E|CS|TAMS 0x0000000731a00000, 0x0000000731a00000| Complete 
| 398|0x0000000731c00000, 0x0000000731e00000, 0x0000000731e00000|100%| E|CS|TAMS 0x0000000731c00000, 0x0000000731c00000| Complete 
| 399|0x0000000731e00000, 0x0000000732000000, 0x0000000732000000|100%| E|CS|TAMS 0x0000000731e00000, 0x0000000731e00000| Complete 
| 400|0x0000000732000000, 0x0000000732200000, 0x0000000732200000|100%| E|CS|TAMS 0x0000000732000000, 0x0000000732000000| Complete 
| 401|0x0000000732200000, 0x0000000732400000, 0x0000000732400000|100%| E|CS|TAMS 0x0000000732200000, 0x0000000732200000| Complete 
| 402|0x0000000732400000, 0x0000000732600000, 0x0000000732600000|100%| E|CS|TAMS 0x0000000732400000, 0x0000000732400000| Complete 
| 403|0x0000000732600000, 0x0000000732800000, 0x0000000732800000|100%| E|CS|TAMS 0x0000000732600000, 0x0000000732600000| Complete 
| 404|0x0000000732800000, 0x0000000732a00000, 0x0000000732a00000|100%| E|CS|TAMS 0x0000000732800000, 0x0000000732800000| Complete 
| 405|0x0000000732a00000, 0x0000000732c00000, 0x0000000732c00000|100%| E|CS|TAMS 0x0000000732a00000, 0x0000000732a00000| Complete 
| 406|0x0000000732c00000, 0x0000000732e00000, 0x0000000732e00000|100%| E|CS|TAMS 0x0000000732c00000, 0x0000000732c00000| Complete 
| 407|0x0000000732e00000, 0x0000000733000000, 0x0000000733000000|100%| E|CS|TAMS 0x0000000732e00000, 0x0000000732e00000| Complete 
| 408|0x0000000733000000, 0x0000000733200000, 0x0000000733200000|100%| E|CS|TAMS 0x0000000733000000, 0x0000000733000000| Complete 
| 409|0x0000000733200000, 0x0000000733400000, 0x0000000733400000|100%| E|CS|TAMS 0x0000000733200000, 0x0000000733200000| Complete 
| 410|0x0000000733400000, 0x0000000733600000, 0x0000000733600000|100%| E|CS|TAMS 0x0000000733400000, 0x0000000733400000| Complete 
| 411|0x0000000733600000, 0x0000000733800000, 0x0000000733800000|100%| E|CS|TAMS 0x0000000733600000, 0x0000000733600000| Complete 
| 412|0x0000000733800000, 0x0000000733a00000, 0x0000000733a00000|100%| E|CS|TAMS 0x0000000733800000, 0x0000000733800000| Complete 
| 413|0x0000000733a00000, 0x0000000733c00000, 0x0000000733c00000|100%| E|CS|TAMS 0x0000000733a00000, 0x0000000733a00000| Complete 
| 414|0x0000000733c00000, 0x0000000733e00000, 0x0000000733e00000|100%| E|CS|TAMS 0x0000000733c00000, 0x0000000733c00000| Complete 
| 415|0x0000000733e00000, 0x0000000734000000, 0x0000000734000000|100%| E|CS|TAMS 0x0000000733e00000, 0x0000000733e00000| Complete 
| 416|0x0000000734000000, 0x0000000734200000, 0x0000000734200000|100%| E|CS|TAMS 0x0000000734000000, 0x0000000734000000| Complete 
| 417|0x0000000734200000, 0x0000000734400000, 0x0000000734400000|100%| E|CS|TAMS 0x0000000734200000, 0x0000000734200000| Complete 
| 418|0x0000000734400000, 0x0000000734600000, 0x0000000734600000|100%| E|CS|TAMS 0x0000000734400000, 0x0000000734400000| Complete 
| 419|0x0000000734600000, 0x0000000734800000, 0x0000000734800000|100%| E|CS|TAMS 0x0000000734600000, 0x0000000734600000| Complete 
| 420|0x0000000734800000, 0x0000000734a00000, 0x0000000734a00000|100%| E|CS|TAMS 0x0000000734800000, 0x0000000734800000| Complete 
| 421|0x0000000734a00000, 0x0000000734c00000, 0x0000000734c00000|100%| E|CS|TAMS 0x0000000734a00000, 0x0000000734a00000| Complete 
| 422|0x0000000734c00000, 0x0000000734e00000, 0x0000000734e00000|100%| E|CS|TAMS 0x0000000734c00000, 0x0000000734c00000| Complete 
| 423|0x0000000734e00000, 0x0000000735000000, 0x0000000735000000|100%| E|CS|TAMS 0x0000000734e00000, 0x0000000734e00000| Complete 
| 424|0x0000000735000000, 0x0000000735200000, 0x0000000735200000|100%| E|CS|TAMS 0x0000000735000000, 0x0000000735000000| Complete 
| 425|0x0000000735200000, 0x0000000735400000, 0x0000000735400000|100%| E|CS|TAMS 0x0000000735200000, 0x0000000735200000| Complete 
| 426|0x0000000735400000, 0x0000000735600000, 0x0000000735600000|100%| E|CS|TAMS 0x0000000735400000, 0x0000000735400000| Complete 
| 427|0x0000000735600000, 0x0000000735800000, 0x0000000735800000|100%| E|CS|TAMS 0x0000000735600000, 0x0000000735600000| Complete 
| 428|0x0000000735800000, 0x0000000735a00000, 0x0000000735a00000|100%| E|CS|TAMS 0x0000000735800000, 0x0000000735800000| Complete 

Card table byte_map: [0x000001c0c4590000,0x000001c0c4d90000] _byte_map_base: 0x000001c0c0d90000

Marking Bits (Prev, Next): (CMBitMap*) 0x000001c0ad217d80, (CMBitMap*) 0x000001c0ad217dc0
 Prev Bits: [0x000001c0c5590000, 0x000001c0c9590000)
 Next Bits: [0x000001c0c9590000, 0x000001c0cd590000)

Polling page: 0x000001c0ab160000

Metaspace:

Usage:
  Non-class:    143.27 MB used.
      Class:     20.64 MB used.
       Both:    163.91 MB used.

Virtual space:
  Non-class space:      192.00 MB reserved,     144.69 MB ( 75%) committed,  3 nodes.
      Class space:        1.00 GB reserved,      21.62 MB (  2%) committed,  1 nodes.
             Both:        1.19 GB reserved,     166.31 MB ( 14%) committed. 

Chunk freelists:
   Non-Class:  15.35 MB
       Class:  10.31 MB
        Both:  25.67 MB

MaxMetaspaceSize: unlimited
CompressedClassSpaceSize: 1.00 GB
Initial GC threshold: 21.00 MB
Current GC threshold: 220.62 MB
CDS: on
MetaspaceReclaimPolicy: balanced
 - commit_granule_bytes: 65536.
 - commit_granule_words: 8192.
 - virtual_space_node_default_size: 8388608.
 - enlarge_chunks_in_place: 1.
 - new_chunks_are_fully_committed: 0.
 - uncommit_free_chunks: 1.
 - use_allocation_guard: 0.
 - handle_deallocations: 1.


Internal statistics:

num_allocs_failed_limit: 18.
num_arena_births: 2890.
num_arena_deaths: 14.
num_vsnodes_births: 4.
num_vsnodes_deaths: 0.
num_space_committed: 2659.
num_space_uncommitted: 0.
num_chunks_returned_to_freelist: 46.
num_chunks_taken_from_freelist: 10154.
num_chunk_merges: 20.
num_chunk_splits: 6716.
num_chunks_enlarged: 4382.
num_inconsistent_stats: 0.

CodeHeap 'non-profiled nmethods': size=120000Kb used=27692Kb max_used=27692Kb free=92307Kb
 bounds [0x000001c0bc530000, 0x000001c0be040000, 0x000001c0c3a60000]
CodeHeap 'profiled nmethods': size=120000Kb used=72534Kb max_used=72534Kb free=47465Kb
 bounds [0x000001c0b4a60000, 0x000001c0b9140000, 0x000001c0bbf90000]
CodeHeap 'non-nmethods': size=5760Kb used=2558Kb max_used=2637Kb free=3201Kb
 bounds [0x000001c0bbf90000, 0x000001c0bc240000, 0x000001c0bc530000]
 total_blobs=33117 nmethods=32014 adapters=1010
 compilation: enabled
              stopped_count=0, restarted_count=0
 full_count=0

Compilation events (20 events):
Event: 793.919 Thread 0x000001c0cffc3170 41174       3       com.android.build.gradle.internal.lint.LintTool_Decorated::getVersionKey (35 bytes)
Event: 793.920 Thread 0x000001c0cffc3170 nmethod 41174 0x000001c0b912c390 code [0x000001c0b912c560, 0x000001c0b912c978]
Event: 793.920 Thread 0x000001c0cffc3170 41175       1       com.android.build.gradle.internal.tasks.MergeFileTask_Decorated::getModelIdentityDisplayName (5 bytes)
Event: 793.920 Thread 0x000001c0cffc3170 nmethod 41175 0x000001c0be039310 code [0x000001c0be0394a0, 0x000001c0be039578]
Event: 793.920 Thread 0x000001c0cffc3170 41176       1       com.android.build.api.variant.impl.PackagingImpl::getResources (5 bytes)
Event: 793.920 Thread 0x000001c0cffc3170 nmethod 41176 0x000001c0be039610 code [0x000001c0be0397a0, 0x000001c0be039878]
Event: 793.933 Thread 0x000001c0cffc3170 41177       3       org.gradle.internal.component.local.model.DefaultLocalComponentMetadata::<init> (54 bytes)
Event: 793.934 Thread 0x000001c0cffc3170 nmethod 41177 0x000001c0b912cb10 code [0x000001c0b912cdc0, 0x000001c0b912db48]
Event: 793.935 Thread 0x000001c0cffc3170 41178       3       com.google.common.collect.CollectCollectors$$Lambda$1789/0x000001c0d34f4ff0::get (4 bytes)
Event: 793.935 Thread 0x000001c0cffc3170 nmethod 41178 0x000001c0b912e010 code [0x000001c0b912e1e0, 0x000001c0b912e638]
Event: 793.935 Thread 0x000001c0cffc3170 41179       3       com.google.common.collect.CollectCollectors$$Lambda$1792/0x000001c0d34f5670::apply (8 bytes)
Event: 793.935 Thread 0x000001c0cffc3170 nmethod 41179 0x000001c0b912e790 code [0x000001c0b912e940, 0x000001c0b912ebe8]
Event: 793.939 Thread 0x000001c0cffc3170 41180       3       org.gradle.api.internal.artifacts.ivyservice.ShortCircuitEmptyConfigurationResolver$EmptyResults::select (2 bytes)
Event: 793.939 Thread 0x000001c0cffc3170 nmethod 41180 0x000001c0b912ed10 code [0x000001c0b912eea0, 0x000001c0b912efb8]
Event: 793.940 Thread 0x000001c0cffc3170 41181       3       com.android.build.gradle.internal.tasks.MergeFileTask_Decorated::$gradleFactory (13 bytes)
Event: 793.940 Thread 0x000001c0cffc3170 nmethod 41181 0x000001c0b912f090 code [0x000001c0b912f240, 0x000001c0b912f3e8]
Event: 793.941 Thread 0x000001c0cffc3170 41182       3       org.gradle.internal.typeconversion.FlatteningNotationParser::parseNotation (6 bytes)
Event: 793.941 Thread 0x000001c0cffc3170 nmethod 41182 0x000001c0b912f490 code [0x000001c0b912f640, 0x000001c0b912f788]
Event: 793.941 Thread 0x000001c0cffc3170 41183       3       org.gradle.internal.typeconversion.FlatteningNotationParser::parseNotation (116 bytes)
Event: 793.941 Thread 0x000001c0cffc3170 nmethod 41183 0x000001c0b912f810 code [0x000001c0b912fb20, 0x000001c0b9130cf8]

GC Heap History (20 events):
Event: 105.352 GC heap before
{Heap before GC invocations=136 (full 0):
 garbage-first heap   total 739328K, used 644193K [0x0000000700000000, 0x0000000800000000)
  region size 2048K, 188 young (385024K), 4 survivors (8192K)
 Metaspace       used 154144K, committed 155712K, reserved 1245184K
  class space    used 19253K, committed 19904K, reserved 1048576K
}
Event: 105.358 GC heap after
{Heap after GC invocations=137 (full 0):
 garbage-first heap   total 739328K, used 277025K [0x0000000700000000, 0x0000000800000000)
  region size 2048K, 8 young (16384K), 8 survivors (16384K)
 Metaspace       used 154144K, committed 155712K, reserved 1245184K
  class space    used 19253K, committed 19904K, reserved 1048576K
}
Event: 105.574 GC heap before
{Heap before GC invocations=137 (full 0):
 garbage-first heap   total 739328K, used 637473K [0x0000000700000000, 0x0000000800000000)
  region size 2048K, 185 young (378880K), 8 survivors (16384K)
 Metaspace       used 154164K, committed 155712K, reserved 1245184K
  class space    used 19253K, committed 19904K, reserved 1048576K
}
Event: 105.582 GC heap after
{Heap after GC invocations=138 (full 0):
 garbage-first heap   total 739328K, used 279576K [0x0000000700000000, 0x0000000800000000)
  region size 2048K, 9 young (18432K), 9 survivors (18432K)
 Metaspace       used 154164K, committed 155712K, reserved 1245184K
  class space    used 19253K, committed 19904K, reserved 1048576K
}
Event: 105.770 GC heap before
{Heap before GC invocations=138 (full 0):
 garbage-first heap   total 739328K, used 640024K [0x0000000700000000, 0x0000000800000000)
  region size 2048K, 186 young (380928K), 9 survivors (18432K)
 Metaspace       used 154164K, committed 155712K, reserved 1245184K
  class space    used 19253K, committed 19904K, reserved 1048576K
}
Event: 105.778 GC heap after
{Heap after GC invocations=139 (full 0):
 garbage-first heap   total 739328K, used 281274K [0x0000000700000000, 0x0000000800000000)
  region size 2048K, 10 young (20480K), 10 survivors (20480K)
 Metaspace       used 154164K, committed 155712K, reserved 1245184K
  class space    used 19253K, committed 19904K, reserved 1048576K
}
Event: 105.990 GC heap before
{Heap before GC invocations=139 (full 0):
 garbage-first heap   total 739328K, used 639674K [0x0000000700000000, 0x0000000800000000)
  region size 2048K, 186 young (380928K), 10 survivors (20480K)
 Metaspace       used 154164K, committed 155712K, reserved 1245184K
  class space    used 19253K, committed 19904K, reserved 1048576K
}
Event: 106.000 GC heap after
{Heap after GC invocations=140 (full 0):
 garbage-first heap   total 878592K, used 283272K [0x0000000700000000, 0x0000000800000000)
  region size 2048K, 11 young (22528K), 11 survivors (22528K)
 Metaspace       used 154164K, committed 155712K, reserved 1245184K
  class space    used 19253K, committed 19904K, reserved 1048576K
}
Event: 106.873 GC heap before
{Heap before GC invocations=140 (full 0):
 garbage-first heap   total 878592K, used 772744K [0x0000000700000000, 0x0000000800000000)
  region size 2048K, 247 young (505856K), 11 survivors (22528K)
 Metaspace       used 154164K, committed 155712K, reserved 1245184K
  class space    used 19253K, committed 19904K, reserved 1048576K
}
Event: 106.881 GC heap after
{Heap after GC invocations=141 (full 0):
 garbage-first heap   total 878592K, used 275843K [0x0000000700000000, 0x0000000800000000)
  region size 2048K, 7 young (14336K), 7 survivors (14336K)
 Metaspace       used 154164K, committed 155712K, reserved 1245184K
  class space    used 19253K, committed 19904K, reserved 1048576K
}
Event: 108.321 GC heap before
{Heap before GC invocations=141 (full 0):
 garbage-first heap   total 878592K, used 775555K [0x0000000700000000, 0x0000000800000000)
  region size 2048K, 251 young (514048K), 7 survivors (14336K)
 Metaspace       used 154354K, committed 155904K, reserved 1245184K
  class space    used 19288K, committed 19904K, reserved 1048576K
}
Event: 108.330 GC heap after
{Heap after GC invocations=142 (full 0):
 garbage-first heap   total 878592K, used 281063K [0x0000000700000000, 0x0000000800000000)
  region size 2048K, 10 young (20480K), 10 survivors (20480K)
 Metaspace       used 154354K, committed 155904K, reserved 1245184K
  class space    used 19288K, committed 19904K, reserved 1048576K
}
Event: 130.456 GC heap before
{Heap before GC invocations=142 (full 0):
 garbage-first heap   total 878592K, used 768487K [0x0000000700000000, 0x0000000800000000)
  region size 2048K, 248 young (507904K), 10 survivors (20480K)
 Metaspace       used 164713K, committed 166720K, reserved 1245184K
  class space    used 20785K, committed 21632K, reserved 1048576K
}
Event: 130.505 GC heap after
{Heap after GC invocations=143 (full 0):
 garbage-first heap   total 878592K, used 328387K [0x0000000700000000, 0x0000000800000000)
  region size 2048K, 31 young (63488K), 31 survivors (63488K)
 Metaspace       used 164713K, committed 166720K, reserved 1245184K
  class space    used 20785K, committed 21632K, reserved 1048576K
}
Event: 756.815 GC heap before
{Heap before GC invocations=143 (full 0):
 garbage-first heap   total 878592K, used 719555K [0x0000000700000000, 0x0000000800000000)
  region size 2048K, 223 young (456704K), 31 survivors (63488K)
 Metaspace       used 165816K, committed 167936K, reserved 1245184K
  class space    used 20849K, committed 21760K, reserved 1048576K
}
Event: 757.581 GC heap after
{Heap after GC invocations=144 (full 0):
 garbage-first heap   total 878592K, used 401916K [0x0000000700000000, 0x0000000800000000)
  region size 2048K, 28 young (57344K), 28 survivors (57344K)
 Metaspace       used 165816K, committed 167936K, reserved 1245184K
  class space    used 20849K, committed 21760K, reserved 1048576K
}
Event: 758.434 GC heap before
{Heap before GC invocations=144 (full 0):
 garbage-first heap   total 878592K, used 412156K [0x0000000700000000, 0x0000000800000000)
  region size 2048K, 33 young (67584K), 28 survivors (57344K)
 Metaspace       used 165839K, committed 168000K, reserved 1245184K
  class space    used 20849K, committed 21760K, reserved 1048576K
}
Event: 758.482 GC heap after
{Heap after GC invocations=145 (full 0):
 garbage-first heap   total 878592K, used 413696K [0x0000000700000000, 0x0000000800000000)
  region size 2048K, 4 young (8192K), 4 survivors (8192K)
 Metaspace       used 165839K, committed 168000K, reserved 1245184K
  class space    used 20849K, committed 21760K, reserved 1048576K
}
Event: 792.250 GC heap before
{Heap before GC invocations=145 (full 0):
 garbage-first heap   total 878592K, used 700416K [0x0000000700000000, 0x0000000800000000)
  region size 2048K, 145 young (296960K), 4 survivors (8192K)
 Metaspace       used 167087K, committed 169408K, reserved 1245184K
  class space    used 21023K, committed 21952K, reserved 1048576K
}
Event: 792.290 GC heap after
{Heap after GC invocations=146 (full 0):
 garbage-first heap   total 878592K, used 441349K [0x0000000700000000, 0x0000000800000000)
  region size 2048K, 18 young (36864K), 18 survivors (36864K)
 Metaspace       used 167087K, committed 169408K, reserved 1245184K
  class space    used 21023K, committed 21952K, reserved 1048576K
}

Deoptimization events (20 events):
Event: 793.576 Thread 0x000001c11bbf0250 Uncommon trap: trap_request=0xffffffdc fr.pc=0x000001c0bdfefc8c relative=0x000000000000084c
Event: 793.577 Thread 0x000001c11bbf0250 Uncommon trap: reason=class_check action=make_not_entrant pc=0x000001c0bdfefc8c method=com.google.common.collect.Platform.copy([Ljava/lang/Object;II[Ljava/lang/Object;)[Ljava/lang/Object; @ 7 c2
Event: 793.577 Thread 0x000001c11bbf0250 DEOPT PACKING pc=0x000001c0bdfefc8c sp=0x000000af803f8020
Event: 793.577 Thread 0x000001c11bbf0250 DEOPT UNPACKING pc=0x000001c0bbfe5ba3 sp=0x000000af803f7db0 mode 2
Event: 793.712 Thread 0x000001c11bbf0250 DEOPT PACKING pc=0x000001c0b6f2075b sp=0x000000af803f97f0
Event: 793.712 Thread 0x000001c11bbf0250 DEOPT UNPACKING pc=0x000001c0bbfe66e3 sp=0x000000af803f8d00 mode 0
Event: 793.737 Thread 0x000001c11bbf0250 Uncommon trap: trap_request=0xffffffbe fr.pc=0x000001c0bd594e74 relative=0x0000000000000fb4
Event: 793.737 Thread 0x000001c11bbf0250 Uncommon trap: reason=profile_predicate action=maybe_recompile pc=0x000001c0bd594e74 method=com.sun.org.apache.xerces.internal.impl.XMLDocumentFragmentScannerImpl.scanDocument(Z)Z @ 13 c2
Event: 793.737 Thread 0x000001c11bbf0250 DEOPT PACKING pc=0x000001c0bd594e74 sp=0x000000af803f98e0
Event: 793.737 Thread 0x000001c11bbf0250 DEOPT UNPACKING pc=0x000001c0bbfe5ba3 sp=0x000000af803f98e0 mode 2
Event: 793.858 Thread 0x000001c11bbf0250 DEOPT PACKING pc=0x000001c0b6f2075b sp=0x000000af803f9880
Event: 793.858 Thread 0x000001c11bbf0250 DEOPT UNPACKING pc=0x000001c0bbfe66e3 sp=0x000000af803f8d90 mode 0
Event: 793.896 Thread 0x000001c11bbf0250 Uncommon trap: trap_request=0xffffffbe fr.pc=0x000001c0bd810738 relative=0x00000000000006f8
Event: 793.896 Thread 0x000001c11bbf0250 Uncommon trap: reason=profile_predicate action=maybe_recompile pc=0x000001c0bd810738 method=java.util.LinkedHashMap.keysToArray([Ljava/lang/Object;)[Ljava/lang/Object; @ 12 c2
Event: 793.896 Thread 0x000001c11bbf0250 DEOPT PACKING pc=0x000001c0bd810738 sp=0x000000af803f9ef0
Event: 793.896 Thread 0x000001c11bbf0250 DEOPT UNPACKING pc=0x000001c0bbfe5ba3 sp=0x000000af803f9e60 mode 2
Event: 793.909 Thread 0x000001c11bbf0250 Uncommon trap: trap_request=0xfffffff4 fr.pc=0x000001c0be03841c relative=0x00000000000001dc
Event: 793.909 Thread 0x000001c11bbf0250 Uncommon trap: reason=null_check action=make_not_entrant pc=0x000001c0be03841c method=org.gradle.api.internal.tasks.properties.bean.AbstractNestedRuntimeBeanNode$BeanPropertyValue.isProvider()Z @ 9 c2
Event: 793.909 Thread 0x000001c11bbf0250 DEOPT PACKING pc=0x000001c0be03841c sp=0x000000af803fa550
Event: 793.909 Thread 0x000001c11bbf0250 DEOPT UNPACKING pc=0x000001c0bbfe5ba3 sp=0x000000af803fa480 mode 2

Classes unloaded (20 events):
Event: 62.260 Thread 0x000001c0cffa2800 Unloading class 0x000001c0d30cb668 '_BuildScript_'
Event: 62.260 Thread 0x000001c0cffa2800 Unloading class 0x000001c0d30cb280 'NativePluginLoader$_getPlugins_closure1'
Event: 62.260 Thread 0x000001c0cffa2800 Unloading class 0x000001c0d30cb000 'NativePluginLoader'
Event: 62.260 Thread 0x000001c0cffa2800 Unloading class 0x000001c0d2f3e538 '_BuildScript_$_run_closure1'
Event: 62.260 Thread 0x000001c0cffa2800 Unloading class 0x000001c0d2f3e000 '_BuildScript_'
Event: 62.260 Thread 0x000001c0cffa2800 Unloading class 0x000001c0d2f33bb8 '_BuildScript_$_run_closure4'
Event: 62.260 Thread 0x000001c0cffa2800 Unloading class 0x000001c0d2f337d0 '_BuildScript_$_run_closure3'
Event: 62.260 Thread 0x000001c0cffa2800 Unloading class 0x000001c0d2f333e8 '_BuildScript_$_run_closure2'
Event: 62.260 Thread 0x000001c0cffa2800 Unloading class 0x000001c0d2f33000 '_BuildScript_$_run_closure1$_closure5'
Event: 62.260 Thread 0x000001c0cffa2800 Unloading class 0x000001c0d2f32400 '_BuildScript_$_run_closure1'
Event: 62.260 Thread 0x000001c0cffa2800 Unloading class 0x000001c0d2f32800 '_BuildScript_'
Event: 62.260 Thread 0x000001c0cffa2800 Unloading class 0x000001c0d2f2d3e8 '_BuildScript_$_run_closure1$_closure3'
Event: 62.260 Thread 0x000001c0cffa2800 Unloading class 0x000001c0d2f2d000 '_BuildScript_$_run_closure1$_closure2'
Event: 62.260 Thread 0x000001c0cffa2800 Unloading class 0x000001c0d2f2c400 '_BuildScript_$_run_closure1'
Event: 62.260 Thread 0x000001c0cffa2800 Unloading class 0x000001c0d2f2c800 '_BuildScript_'
Event: 62.260 Thread 0x000001c0cffa2800 Unloading class 0x000001c0d2f29800 '_BuildScript_'
Event: 62.260 Thread 0x000001c0cffa2800 Unloading class 0x000001c0d2f1cb88 '_BuildScript_$_run_closure1'
Event: 62.260 Thread 0x000001c0cffa2800 Unloading class 0x000001c0d2f1c668 '_BuildScript_'
Event: 62.260 Thread 0x000001c0cffa2800 Unloading class 0x000001c0d2f1c280 'NativePluginLoader$_getPlugins_closure1'
Event: 62.260 Thread 0x000001c0cffa2800 Unloading class 0x000001c0d2f1c000 'NativePluginLoader'

Classes redefined (0 events):
No events

Internal exceptions (20 events):
Event: 792.429 Thread 0x000001c11bbf0250 Exception <a 'java/lang/ClassNotFoundException'{0x0000000734cfc0b0}: build_8jh591m5a4updgsgccxpn6n8vBeanInfo> (0x0000000734cfc0b0) 
thrown [s\open\src\hotspot\share\classfile\systemDictionary.cpp, line 256]
Event: 792.429 Thread 0x000001c11bbf0250 Exception <a 'java/lang/ClassNotFoundException'{0x0000000734b12d40}: build_8jh591m5a4updgsgccxpn6n8vCustomizer> (0x0000000734b12d40) 
thrown [s\open\src\hotspot\share\classfile\systemDictionary.cpp, line 256]
Event: 792.559 Thread 0x000001c11bbf0250 Exception <a 'java/lang/ClassNotFoundException'{0x00000007343c8f80}: build_10r4boy6xd56md0rmjeufpu8zBeanInfo> (0x00000007343c8f80) 
thrown [s\open\src\hotspot\share\classfile\systemDictionary.cpp, line 256]
Event: 792.559 Thread 0x000001c11bbf0250 Exception <a 'java/lang/ClassNotFoundException'{0x00000007343cf7a0}: build_10r4boy6xd56md0rmjeufpu8zCustomizer> (0x00000007343cf7a0) 
thrown [s\open\src\hotspot\share\classfile\systemDictionary.cpp, line 256]
Event: 792.691 Thread 0x000001c11bbf0250 Exception <a 'java/lang/ClassNotFoundException'{0x0000000733393f18}: build_8vfr63nu6de4f6eclh2grbg0iBeanInfo> (0x0000000733393f18) 
thrown [s\open\src\hotspot\share\classfile\systemDictionary.cpp, line 256]
Event: 792.691 Thread 0x000001c11bbf0250 Exception <a 'java/lang/ClassNotFoundException'{0x000000073339a738}: build_8vfr63nu6de4f6eclh2grbg0iCustomizer> (0x000000073339a738) 
thrown [s\open\src\hotspot\share\classfile\systemDictionary.cpp, line 256]
Event: 792.793 Thread 0x000001c11bbf0250 Exception <a 'java/lang/ClassNotFoundException'{0x000000073258f330}: build_d19drwj02zqs50a2er3hkerogBeanInfo> (0x000000073258f330) 
thrown [s\open\src\hotspot\share\classfile\systemDictionary.cpp, line 256]
Event: 792.794 Thread 0x000001c11bbf0250 Exception <a 'java/lang/ClassNotFoundException'{0x0000000732595b50}: build_d19drwj02zqs50a2er3hkerogCustomizer> (0x0000000732595b50) 
thrown [s\open\src\hotspot\share\classfile\systemDictionary.cpp, line 256]
Event: 792.900 Thread 0x000001c11bbf0250 Exception <a 'java/lang/ClassNotFoundException'{0x0000000731b23b98}: build_c0llvhtxypazc1glyg3md7lcrBeanInfo> (0x0000000731b23b98) 
thrown [s\open\src\hotspot\share\classfile\systemDictionary.cpp, line 256]
Event: 792.900 Thread 0x000001c11bbf0250 Exception <a 'java/lang/ClassNotFoundException'{0x0000000731b2a3b8}: build_c0llvhtxypazc1glyg3md7lcrCustomizer> (0x0000000731b2a3b8) 
thrown [s\open\src\hotspot\share\classfile\systemDictionary.cpp, line 256]
Event: 792.956 Thread 0x000001c11bbf0250 Exception <a 'java/lang/ClassNotFoundException'{0x00000007310e99b8}: build_3tvrz62nyzmp79lsp0a3vf1fbBeanInfo> (0x00000007310e99b8) 
thrown [s\open\src\hotspot\share\classfile\systemDictionary.cpp, line 256]
Event: 792.956 Thread 0x000001c11bbf0250 Exception <a 'java/lang/ClassNotFoundException'{0x00000007310f01d8}: build_3tvrz62nyzmp79lsp0a3vf1fbCustomizer> (0x00000007310f01d8) 
thrown [s\open\src\hotspot\share\classfile\systemDictionary.cpp, line 256]
Event: 793.016 Thread 0x000001c11bbf0250 Exception <a 'java/lang/ClassNotFoundException'{0x00000007308e89d0}: build_8og30ikjxgdhr5hppryr4gnmgBeanInfo> (0x00000007308e89d0) 
thrown [s\open\src\hotspot\share\classfile\systemDictionary.cpp, line 256]
Event: 793.016 Thread 0x000001c11bbf0250 Exception <a 'java/lang/ClassNotFoundException'{0x00000007308ef1f0}: build_8og30ikjxgdhr5hppryr4gnmgCustomizer> (0x00000007308ef1f0) 
thrown [s\open\src\hotspot\share\classfile\systemDictionary.cpp, line 256]
Event: 793.140 Thread 0x000001c11bbf0250 Exception <a 'sun/nio/fs/WindowsException'{0x000000072f6c8b68}> (0x000000072f6c8b68) 
thrown [s\open\src\hotspot\share\prims\jni.cpp, line 516]
Event: 793.158 Thread 0x000001c11bbf0250 Exception <a 'sun/nio/fs/WindowsException'{0x000000072f765228}> (0x000000072f765228) 
thrown [s\open\src\hotspot\share\prims\jni.cpp, line 516]
Event: 793.159 Thread 0x000001c11bbf0250 Exception <a 'sun/nio/fs/WindowsException'{0x000000072f766498}> (0x000000072f766498) 
thrown [s\open\src\hotspot\share\prims\jni.cpp, line 516]
Event: 793.159 Thread 0x000001c11bbf0250 Exception <a 'sun/nio/fs/WindowsException'{0x000000072f767758}> (0x000000072f767758) 
thrown [s\open\src\hotspot\share\prims\jni.cpp, line 516]
Event: 793.159 Thread 0x000001c11bbf0250 Exception <a 'sun/nio/fs/WindowsException'{0x000000072f768a18}> (0x000000072f768a18) 
thrown [s\open\src\hotspot\share\prims\jni.cpp, line 516]
Event: 793.909 Thread 0x000001c11bbf0250 Implicit null exception at 0x000001c0be03827d to 0x000001c0be03840c

VM Operations (20 events):
Event: 759.494 Executing VM operation: Cleanup
Event: 759.494 Executing VM operation: Cleanup done
Event: 760.166 Executing VM operation: ICBufferFull
Event: 760.166 Executing VM operation: ICBufferFull done
Event: 762.167 Executing VM operation: Cleanup
Event: 762.167 Executing VM operation: Cleanup done
Event: 781.618 Executing VM operation: HandshakeAllThreads
Event: 781.618 Executing VM operation: HandshakeAllThreads done
Event: 789.666 Executing VM operation: Cleanup
Event: 789.666 Executing VM operation: Cleanup done
Event: 790.499 Executing VM operation: HandshakeAllThreads
Event: 790.512 Executing VM operation: HandshakeAllThreads done
Event: 790.805 Executing VM operation: ICBufferFull
Event: 790.805 Executing VM operation: ICBufferFull done
Event: 791.806 Executing VM operation: Cleanup
Event: 791.806 Executing VM operation: Cleanup done
Event: 792.250 Executing VM operation: G1CollectForAllocation
Event: 792.290 Executing VM operation: G1CollectForAllocation done
Event: 793.191 Executing VM operation: ICBufferFull
Event: 793.191 Executing VM operation: ICBufferFull done

Events (20 events):
Event: 789.212 Thread 0x000001c13930c1e0 Thread added: 0x000001c13930c1e0
Event: 789.213 Thread 0x000001c12926b670 Thread added: 0x000001c12926b670
Event: 789.213 Thread 0x000001c129268df0 Thread added: 0x000001c129268df0
Event: 789.213 Thread 0x000001c129269300 Thread added: 0x000001c129269300
Event: 789.213 Thread 0x000001c129269810 Thread added: 0x000001c129269810
Event: 789.213 Thread 0x000001c12926bb80 Thread added: 0x000001c12926bb80
Event: 789.213 Thread 0x000001c129269d20 Thread added: 0x000001c129269d20
Event: 789.213 Thread 0x000001c12926b160 Thread added: 0x000001c12926b160
Event: 789.213 Thread 0x000001c12926a230 Thread added: 0x000001c12926a230
Event: 789.280 Thread 0x000001c11752a300 Thread added: 0x000001c11752a300
Event: 791.309 Thread 0x000001c0cffc5f80 flushing nmethod 0x000001c0b6f19d10
Event: 791.351 Thread 0x000001c0cffc5f80 flushing nmethod 0x000001c0b7471890
Event: 791.408 Thread 0x000001c0cffc5f80 flushing nmethod 0x000001c0b7d72810
Event: 791.469 Thread 0x000001c0cffc5f80 flushing nmethod 0x000001c0b836ff10
Event: 791.500 Thread 0x000001c0cffc5f80 flushing nmethod 0x000001c0b8912710
Event: 791.501 Thread 0x000001c0cffc5f80 flushing nmethod 0x000001c0b8915110
Event: 791.501 Thread 0x000001c0cffc5f80 flushing nmethod 0x000001c0b8915610
Event: 791.501 Thread 0x000001c0cffc5f80 flushing nmethod 0x000001c0b891ef90
Event: 791.524 Thread 0x000001c0cffc5f80 flushing nmethod 0x000001c0b8b58b10
Event: 791.524 Thread 0x000001c0cffc5f80 flushing nmethod 0x000001c0b8b5f210


Dynamic libraries:
0x00007ff618470000 - 0x00007ff618480000 	C:\Program Files\Java\jdk-17\bin\java.exe
0x00007fff87b70000 - 0x00007fff87d87000 	C:\Windows\SYSTEM32\ntdll.dll
0x00007fff87820000 - 0x00007fff878e4000 	C:\Windows\System32\KERNEL32.DLL
0x00007fff84f60000 - 0x00007fff8530d000 	C:\Windows\System32\KERNELBASE.dll
0x00007fff85640000 - 0x00007fff85751000 	C:\Windows\System32\ucrtbase.dll
0x00007fff68cc0000 - 0x00007fff68cd9000 	C:\Program Files\Java\jdk-17\bin\jli.dll
0x00007fff5fc00000 - 0x00007fff5fc1b000 	C:\Program Files\Java\jdk-17\bin\VCRUNTIME140.dll
0x00007fff86c80000 - 0x00007fff86d32000 	C:\Windows\System32\ADVAPI32.dll
0x00007fff872f0000 - 0x00007fff87397000 	C:\Windows\System32\msvcrt.dll
0x00007fff86d40000 - 0x00007fff86de9000 	C:\Windows\System32\sechost.dll
0x00007fff85760000 - 0x00007fff85788000 	C:\Windows\System32\bcrypt.dll
0x00007fff86190000 - 0x00007fff862a4000 	C:\Windows\System32\RPCRT4.dll
0x00007fff86640000 - 0x00007fff867ee000 	C:\Windows\System32\USER32.dll
0x00007fff85810000 - 0x00007fff85836000 	C:\Windows\System32\win32u.dll
0x00007fff69960000 - 0x00007fff69bf3000 	C:\Windows\WinSxS\amd64_microsoft.windows.common-controls_6595b64144ccf1df_6.0.22621.3672_none_2713b9d173822955\COMCTL32.dll
0x00007fff872c0000 - 0x00007fff872e9000 	C:\Windows\System32\GDI32.dll
0x00007fff85520000 - 0x00007fff85639000 	C:\Windows\System32\gdi32full.dll
0x00007fff85310000 - 0x00007fff853aa000 	C:\Windows\System32\msvcp_win.dll
0x00007fff80230000 - 0x00007fff8023a000 	C:\Windows\SYSTEM32\VERSION.dll
0x00007fff877e0000 - 0x00007fff87811000 	C:\Windows\System32\IMM32.DLL
0x00007fff81bc0000 - 0x00007fff81bcc000 	C:\Program Files\Java\jdk-17\bin\vcruntime140_1.dll
0x00007fff5fb70000 - 0x00007fff5fbfe000 	C:\Program Files\Java\jdk-17\bin\msvcp140.dll
0x00007ffef8e10000 - 0x00007ffef99f0000 	C:\Program Files\Java\jdk-17\bin\server\jvm.dll
0x00007fff87b20000 - 0x00007fff87b28000 	C:\Windows\System32\PSAPI.DLL
0x00007fff5fb60000 - 0x00007fff5fb69000 	C:\Windows\SYSTEM32\WSOCK32.dll
0x00007fff80420000 - 0x00007fff80454000 	C:\Windows\SYSTEM32\WINMM.dll
0x00007fff87240000 - 0x00007fff872b1000 	C:\Windows\System32\WS2_32.dll
0x00007fff83e90000 - 0x00007fff83ea8000 	C:\Windows\SYSTEM32\kernel.appcore.dll
0x00007fff5fb50000 - 0x00007fff5fb5a000 	C:\Program Files\Java\jdk-17\bin\jimage.dll
0x00007fff82250000 - 0x00007fff82482000 	C:\Windows\SYSTEM32\DBGHELP.DLL
0x00007fff862b0000 - 0x00007fff86638000 	C:\Windows\System32\combase.dll
0x00007fff87160000 - 0x00007fff87237000 	C:\Windows\System32\OLEAUT32.dll
0x00007fff5eab0000 - 0x00007fff5eae2000 	C:\Windows\SYSTEM32\dbgcore.DLL
0x00007fff85790000 - 0x00007fff8580b000 	C:\Windows\System32\bcryptPrimitives.dll
0x00007fff5c020000 - 0x00007fff5c045000 	C:\Program Files\Java\jdk-17\bin\java.dll
0x00007fff5b8d0000 - 0x00007fff5b9a7000 	C:\Program Files\Java\jdk-17\bin\jsvml.dll
0x00007fff85930000 - 0x00007fff8618f000 	C:\Windows\System32\SHELL32.dll
0x00007fff82da0000 - 0x00007fff8369c000 	C:\Windows\SYSTEM32\windows.storage.dll
0x00007fff82c60000 - 0x00007fff82d9f000 	C:\Windows\SYSTEM32\wintypes.dll
0x00007fff876c0000 - 0x00007fff877b4000 	C:\Windows\System32\SHCORE.dll
0x00007fff86df0000 - 0x00007fff86e4e000 	C:\Windows\System32\shlwapi.dll
0x00007fff84dd0000 - 0x00007fff84df1000 	C:\Windows\SYSTEM32\profapi.dll
0x00007fff5bfd0000 - 0x00007fff5bfe9000 	C:\Program Files\Java\jdk-17\bin\net.dll
0x00007fff816c0000 - 0x00007fff817f6000 	C:\Windows\SYSTEM32\WINHTTP.dll
0x00007fff842f0000 - 0x00007fff84359000 	C:\Windows\system32\mswsock.dll
0x00007fff5bfb0000 - 0x00007fff5bfc6000 	C:\Program Files\Java\jdk-17\bin\nio.dll
0x00007fff5bee0000 - 0x00007fff5bef8000 	C:\Program Files\Java\jdk-17\bin\zip.dll
0x00007fff5bf50000 - 0x00007fff5bf60000 	C:\Program Files\Java\jdk-17\bin\verify.dll
0x00007fff5beb0000 - 0x00007fff5bed7000 	C:\Users\Alghazzawi\.gradle\native\e1d6ef7f7dcc3fd88c89a11ec53ec762bb8ba0a96d01ffa2cd45eb1d1d8dd5c5\windows-amd64\native-platform.dll
0x00007ffef8730000 - 0x00007ffef8874000 	C:\Users\Alghazzawi\.gradle\native\0d407fdbe67a94daf76414ababcb853783967236a71b16ec16e742cd7a986fd3\windows-amd64\native-platform-file-events.dll
0x00007fff5c010000 - 0x00007fff5c01a000 	C:\Program Files\Java\jdk-17\bin\management.dll
0x00007fff5bfa0000 - 0x00007fff5bfab000 	C:\Program Files\Java\jdk-17\bin\management_ext.dll
0x00007fff84640000 - 0x00007fff8465b000 	C:\Windows\SYSTEM32\CRYPTSP.dll
0x00007fff83df0000 - 0x00007fff83e25000 	C:\Windows\system32\rsaenh.dll
0x00007fff84390000 - 0x00007fff843b8000 	C:\Windows\SYSTEM32\USERENV.dll
0x00007fff84620000 - 0x00007fff8462c000 	C:\Windows\SYSTEM32\CRYPTBASE.dll
0x00007fff83900000 - 0x00007fff8392d000 	C:\Windows\SYSTEM32\IPHLPAPI.DLL
0x00007fff877c0000 - 0x00007fff877c9000 	C:\Windows\System32\NSI.dll
0x00007fff81550000 - 0x00007fff81569000 	C:\Windows\SYSTEM32\dhcpcsvc6.DLL
0x00007fff81520000 - 0x00007fff8153f000 	C:\Windows\SYSTEM32\dhcpcsvc.DLL
0x00007fff83970000 - 0x00007fff83a68000 	C:\Windows\SYSTEM32\DNSAPI.dll
0x00007fff5bf90000 - 0x00007fff5bf9e000 	C:\Program Files\Java\jdk-17\bin\sunmscapi.dll
0x00007fff853b0000 - 0x00007fff85517000 	C:\Windows\System32\CRYPT32.dll
0x00007fff84740000 - 0x00007fff8476e000 	C:\Windows\SYSTEM32\ncrypt.dll
0x00007fff84700000 - 0x00007fff84737000 	C:\Windows\SYSTEM32\NTASN1.dll
0x00007fff5bf40000 - 0x00007fff5bf48000 	C:\Windows\system32\wshunix.dll
0x00007fff803b0000 - 0x00007fff803ba000 	C:\Windows\System32\rasadhlp.dll
0x00007fff80650000 - 0x00007fff806d3000 	C:\Windows\System32\fwpuclnt.dll

dbghelp: loaded successfully - version: 4.0.5 - missing functions: none
symbol engine: initialized successfully - sym options: 0x614 - pdb path: .;C:\Program Files\Java\jdk-17\bin;C:\Windows\SYSTEM32;C:\Windows\WinSxS\amd64_microsoft.windows.common-controls_6595b64144ccf1df_6.0.22621.3672_none_2713b9d173822955;C:\Program Files\Java\jdk-17\bin\server;C:\Users\Alghazzawi\.gradle\native\e1d6ef7f7dcc3fd88c89a11ec53ec762bb8ba0a96d01ffa2cd45eb1d1d8dd5c5\windows-amd64;C:\Users\Alghazzawi\.gradle\native\0d407fdbe67a94daf76414ababcb853783967236a71b16ec16e742cd7a986fd3\windows-amd64

VM Arguments:
jvm_args: -XX:+HeapDumpOnOutOfMemoryError --add-opens=java.base/java.util=ALL-UNNAMED --add-opens=java.base/java.lang=ALL-UNNAMED --add-opens=java.base/java.lang.invoke=ALL-UNNAMED --add-opens=java.base/java.util=ALL-UNNAMED --add-opens=java.prefs/java.util.prefs=ALL-UNNAMED --add-opens=java.prefs/java.util.prefs=ALL-UNNAMED --add-opens=java.base/java.nio.charset=ALL-UNNAMED --add-opens=java.base/java.net=ALL-UNNAMED --add-opens=java.base/java.util.concurrent.atomic=ALL-UNNAMED -Xmx4G -Dfile.encoding=windows-1256 -Duser.country=US -Duser.language=en -Duser.variant 
java_command: org.gradle.launcher.daemon.bootstrap.GradleDaemon 7.4.1
java_class_path (initial): C:\Users\Alghazzawi\.gradle\wrapper\dists\gradle-7.4.1-all\htb4l60oox3i12rnwfoqoo8d\gradle-7.4.1\lib\gradle-launcher-7.4.1.jar
Launcher Type: SUN_STANDARD

[Global flags]
     intx CICompilerCount                          = 4                                         {product} {ergonomic}
     uint ConcGCThreads                            = 2                                         {product} {ergonomic}
     uint G1ConcRefinementThreads                  = 8                                         {product} {ergonomic}
   size_t G1HeapRegionSize                         = 2097152                                   {product} {ergonomic}
    uintx GCDrainStackTargetSize                   = 64                                        {product} {ergonomic}
     bool HeapDumpOnOutOfMemoryError               = true                                   {manageable} {command line}
   size_t InitialHeapSize                          = 130023424                                 {product} {ergonomic}
   size_t MarkStackSize                            = 4194304                                   {product} {ergonomic}
   size_t MaxHeapSize                              = 4294967296                                {product} {command line}
   size_t MaxNewSize                               = 2575302656                                {product} {ergonomic}
   size_t MinHeapDeltaBytes                        = 2097152                                   {product} {ergonomic}
   size_t MinHeapSize                              = 8388608                                   {product} {ergonomic}
    uintx NonNMethodCodeHeapSize                   = 5839372                                {pd product} {ergonomic}
    uintx NonProfiledCodeHeapSize                  = 122909434                              {pd product} {ergonomic}
    uintx ProfiledCodeHeapSize                     = 122909434                              {pd product} {ergonomic}
    uintx ReservedCodeCacheSize                    = 251658240                              {pd product} {ergonomic}
     bool SegmentedCodeCache                       = true                                      {product} {ergonomic}
   size_t SoftMaxHeapSize                          = 4294967296                             {manageable} {ergonomic}
     bool UseCompressedClassPointers               = true                           {product lp64_product} {ergonomic}
     bool UseCompressedOops                        = true                           {product lp64_product} {ergonomic}
     bool UseG1GC                                  = true                                      {product} {ergonomic}
     bool UseLargePagesIndividualAllocation        = false                                  {pd product} {ergonomic}

Logging:
Log output configuration:
 #0: stdout all=warning uptime,level,tags
 #1: stderr all=off uptime,level,tags

Environment Variables:
JAVA_HOME=C:\Program Files\Java\jdk-17
CLASSPATH=F:\university_bus\android\\gradle\wrapper\gradle-wrapper.jar
PATH=C:\Program Files\Java\jdk-17\bin;C:\Program Files\Common Files\Oracle\Java\javapath;C:\Windows\system32;C:\Windows;C:\Windows\System32\Wbem;C:\Windows\System32\WindowsPowerShell\v1.0\;C:\Windows\System32\OpenSSH\;C:\Program Files\Microsoft SQL Server\Client SDK\ODBC\170\Tools\Binn\;C:\Program Files (x86)\Microsoft SQL Server\160\Tools\Binn\;C:\Program Files\Microsoft SQL Server\160\Tools\Binn\;C:\Program Files\Microsoft SQL Server\160\DTS\Binn\;C:\Program Files (x86)\Microsoft SQL Server\160\DTS\Binn\;C:\Program Files\Microsoft SQL Server\150\Tools\Binn\;C:\Program Files\Dart\dart-sdk\bin;C:\Program Files\dotnet\;C:\Program Files (x86)\Windows Kits\10\Windows Performance Toolkit\;C:\ProgramData\chocolatey\bin;C:\Program Files\Git\cmd;C:\Program Files\nodejs\;C:\Program Files\Java\jdk-17;C:\Users\Alghazzawi\AppData\Local\Programs\Python\Launcher\;C:\Users\Alghazzawi\AppData\Local\Microsoft\WindowsApps;C:\Program Files\Azure Data Studio\bin;C:\Users\Alghazzawi\.dotnet\tools;C:\Program Files\JetBrains\IntelliJ IDEA Community Edition 2023.2.1\bin;C:\Users\Alghazzawi\AppData\Local\Pub\Cache\bin;C:\tools\dart-sdk\bin;C:\Users\Alghazzawi\AppData\Roaming\npm;C:\Users\Alghazzawi\AppData\Local\Programs\Microsoft VS Code\bin;C:\Users\Alghazzawi\flutter_windows_3.22.2-stable\flutter\bin;C:\Program Files\Java\jdk-17;;C:\Users\Alghazzawi\flutter_windows_3.22.2-stable\flutter\bin\mingit\cmd;C:\Users\Alghazzawi\flutter_windows_3.22.2-stable\flutter\bin\mingit\cmd
USERNAME=Alghazzawi
OS=Windows_NT
PROCESSOR_IDENTIFIER=Intel64 Family 6 Model 140 Stepping 1, GenuineIntel



---------------  S Y S T E M  ---------------

OS:
 Windows 11 , 64 bit Build 22621 (10.0.22621.3672)
OS uptime: 0 days 1:10 hours
Hyper-V role detected

CPU: total 8 (initial active 8) (4 cores per cpu, 2 threads per core) family 6 model 140 stepping 1 microcode 0xac, cx8, cmov, fxsr, ht, mmx, 3dnowpref, sse, sse2, sse3, ssse3, sse4.1, sse4.2, popcnt, lzcnt, tsc, tscinvbit, avx, avx2, aes, erms, clmul, bmi1, bmi2, adx, avx512f, avx512dq, avx512cd, avx512bw, avx512vl, sha, fma, vzeroupper, avx512_vpopcntdq, avx512_vpclmulqdq, avx512_vaes, avx512_vnni, clflush, clflushopt, clwb, avx512_vbmi2, avx512_vbmi, hv

Memory: 4k page, system-wide physical 7932M (502M free)
TotalPageFile size 20432M (AvailPageFile size 5M)
current process WorkingSet (physical memory assigned to process): 714M, peak: 1227M
current process commit charge ("private bytes"): 1464M, peak: 1470M

vm_info: Java HotSpot(TM) 64-Bit Server VM (17.0.12+8-LTS-286) for windows-amd64 JRE (17.0.12+8-LTS-286), built on Jun  5 2024 06:46:59 by "mach5one" with MS VC++ 17.6 (VS2022)

END.
