#
# There is insufficient memory for the Java Runtime Environment to continue.
# Native memory allocation (mmap) failed to map 790626304 bytes for G1 virtual space
# Possible reasons:
#   The system is out of physical RAM or swap space
#   The process is running with CompressedOops enabled, and the Java Heap may be blocking the growth of the native heap
# Possible solutions:
#   Reduce memory load on the system
#   Increase physical memory or swap space
#   Check if swap backing store is full
#   Decrease Java heap size (-Xmx/-Xms)
#   Decrease number of Java threads
#   Decrease Java thread stack sizes (-Xss)
#   Set larger code cache with -XX:ReservedCodeCacheSize=
#   JVM is running with Zero Based Compressed Oops mode in which the Java heap is
#     placed in the first 32GB address space. The Java Heap base address is the
#     maximum limit for the native heap growth. Please use -XX:HeapBaseMinAddress
#     to set the Java Heap base and to place the Java Heap above 32GB virtual address.
# This output file may be truncated or incomplete.
#
#  Out of Memory Error (os_windows.cpp:3548), pid=4196, tid=14636
#
# JRE version: Java(TM) SE Runtime Environment (17.0.12+8) (build 17.0.12+8-LTS-286)
# Java VM: Java HotSpot(TM) 64-Bit Server VM (17.0.12+8-LTS-286, mixed mode, sharing, tiered, compressed oops, compressed class ptrs, g1 gc, windows-amd64)
# No core dump will be written. Minidumps are not enabled by default on client versions of Windows
#

---------------  S U M M A R Y ------------

Command Line: -XX:+HeapDumpOnOutOfMemoryError --add-opens=java.base/java.util=ALL-UNNAMED --add-opens=java.base/java.lang=ALL-UNNAMED --add-opens=java.base/java.lang.invoke=ALL-UNNAMED --add-opens=java.prefs/java.util.prefs=ALL-UNNAMED --add-opens=java.base/java.nio.charset=ALL-UNNAMED --add-opens=java.base/java.net=ALL-UNNAMED --add-opens=java.base/java.util.concurrent.atomic=ALL-UNNAMED -Xmx4G -Dfile.encoding=windows-1256 -Duser.country=US -Duser.language=en -Duser.variant org.gradle.launcher.daemon.bootstrap.GradleDaemon 7.6.3

Host: 11th Gen Intel(R) Core(TM) i7-1165G7 @ 2.80GHz, 8 cores, 7G,  Windows 11 , 64 bit Build 22621 (10.0.22621.3672)
Time: Wed Jul 17 20:04:34 2024 Jordan Standard Time elapsed time: 249.844615 seconds (0d 0h 4m 9s)

---------------  T H R E A D  ---------------

Current thread (0x000001c1af50d1e0):  VMThread "VM Thread" [stack: 0x000000b9e7400000,0x000000b9e7500000] [id=14636]

Stack: [0x000000b9e7400000,0x000000b9e7500000]
Native frames: (J=compiled Java code, j=interpreted, Vv=VM code, C=native code)
V  [jvm.dll+0x67a04a]
V  [jvm.dll+0x7da4ed]
V  [jvm.dll+0x7dbe33]
V  [jvm.dll+0x7dc4a3]
V  [jvm.dll+0x24508f]
V  [jvm.dll+0x677089]
V  [jvm.dll+0x66bd32]
V  [jvm.dll+0x301fa6]
V  [jvm.dll+0x309546]
V  [jvm.dll+0x359d2e]
V  [jvm.dll+0x359f5f]
V  [jvm.dll+0x2d9078]
V  [jvm.dll+0x2d74ad]
V  [jvm.dll+0x2d6afc]
V  [jvm.dll+0x31a65b]
V  [jvm.dll+0x7e0d9b]
V  [jvm.dll+0x7e1ad4]
V  [jvm.dll+0x7e1fed]
V  [jvm.dll+0x7e23c4]
V  [jvm.dll+0x7e2490]
V  [jvm.dll+0x78abea]
V  [jvm.dll+0x678f35]
C  [ucrtbase.dll+0x29333]
C  [KERNEL32.DLL+0x1257d]
C  [ntdll.dll+0x5af28]

VM_Operation (0x000000b9e9ffeb30): G1CollectForAllocation, mode: safepoint, requested by thread 0x000001c1f6600c60


---------------  P R O C E S S  ---------------

Threads class SMR info:
_java_thread_list=0x000001c1878540f0, length=161, elements={
0x000001c18c7088d0, 0x000001c1af5150a0, 0x000001c1af515c60, 0x000001c1af529180,
0x000001c1af52bc50, 0x000001c1af52d620, 0x000001c1af52dfe0, 0x000001c1af530d90,
0x000001c1af531840, 0x000001c1af532240, 0x000001c1af795610, 0x000001c1af799b00,
0x000001c1f58e4c10, 0x000001c1f58e41f0, 0x000001c1f58e6050, 0x000001c1f58e5120,
0x000001c1f58e3ce0, 0x000001c1f58e5b40, 0x000001c1f58e6560, 0x000001c1f58e4700,
0x000001c1f58e6a70, 0x000001c1f58e6f80, 0x000001c1f6603f00, 0x000001c1f6605d60,
0x000001c1f6602ac0, 0x000001c1f6601b90, 0x000001c1f6604410, 0x000001c1f66025b0,
0x000001c1f66034e0, 0x000001c1f6601170, 0x000001c1f66039f0, 0x000001c1f6601680,
0x000001c1f6600c60, 0x000001c1f6605850, 0x000001c1f6607bc0, 0x000001c1f66080d0,
0x000001c1f66085e0, 0x000001c1f8149d30, 0x000001c1f814b680, 0x000001c1f814a240,
0x000001c1f8145650, 0x000001c1f8147ed0, 0x000001c1f814ac60, 0x000001c1f8144c30,
0x000001c1f814a750, 0x000001c1f814bb90, 0x000001c1f8146a90, 0x000001c1f8146fa0,
0x000001c1f81488f0, 0x000001c1f81474b0, 0x000001c1f8145140, 0x000001c1f8145b60,
0x000001c1f8146070, 0x000001c1f81479c0, 0x000001c1f8146580, 0x000001c1f8149310,
0x000001c1f8149820, 0x000001c1f6c2f1d0, 0x000001c1f6c33dc0, 0x000001c1f6c2d880,
0x000001c1f6c2e2a0, 0x000001c1f6c30b20, 0x000001c1f6c31030, 0x000001c1f6c31a50,
0x000001c1f6c32980, 0x000001c1f6c333a0, 0x000001c1f6c338b0, 0x000001c1f6c342d0,
0x000001c1f6c2d370, 0x000001c1f6c34cf0, 0x000001c1f6c2e7b0, 0x000001c1fadb3580,
0x000001c1fadb3a90, 0x000001c1fadb7240, 0x000001c1fadb2650, 0x000001c1fadb3fa0,
0x000001c1fadb2140, 0x000001c1fadb1720, 0x000001c1fadb3070, 0x000001c1fadb5e00,
0x000001c1fadb58f0, 0x000001c1fadb7750, 0x000001c1fadb2b60, 0x000001c1fadb1c30,
0x000001c1fadb53e0, 0x000001c1fadb44b0, 0x000001c1fadb6d30, 0x000001c1fadb49c0,
0x000001c1fadb6820, 0x000001c1fadb4ed0, 0x000001c1fadb1210, 0x000001c1fadb02e0,
0x000001c1fadb6310, 0x000001c1fadb7c60, 0x000001c1fadb07f0, 0x000001c1fadb0d00,
0x000001c1f597c6c0, 0x000001c1f597db00, 0x000001c1f597f960, 0x000001c1f5983110,
0x000001c1f597fe70, 0x000001c1f5980380, 0x000001c1f5980da0, 0x000001c1f5980890,
0x000001c1f597e010, 0x000001c1f597e520, 0x000001c1f597ea30, 0x000001c1f597c1b0,
0x000001c1f59812b0, 0x000001c1f597ef40, 0x000001c1f5983620, 0x000001c1f597cbd0,
0x000001c1f597f450, 0x000001c1f597d0e0, 0x000001c1f59817c0, 0x000001c1f5981cd0,
0x000001c1f59821e0, 0x000001c1f597d5f0, 0x000001c1f59826f0, 0x000001c1f5982c00,
0x000001c1f5983b30, 0x000001c1f6c896e0, 0x000001c1f6c8c470, 0x000001c1f6c891d0,
0x000001c1f6c8ddc0, 0x000001c1f6c87370, 0x000001c1f6c8d3a0, 0x000001c1f6c86e60,
0x000001c1f6c8ce90, 0x000001c1f6c8c980, 0x000001c1f6c8d8b0, 0x000001c1f6c8e2d0,
0x000001c1f6c87880, 0x000001c1f6c87d90, 0x000001c1fb51f3c0, 0x000001c1fb520800,
0x000001c1fb520d10, 0x000001c1fb523590, 0x000001c1f6c2fbf0, 0x000001c1f6c2dd90,
0x000001c1f6c8a100, 0x000001c1f81483e0, 0x000001c184f18910, 0x000001c1f6c8bf60,
0x000001c1f6c8b030, 0x000001c1feaacdc0, 0x000001c1feaab470, 0x000001c1feaaa540,
0x000001c1feaac3a0, 0x000001c1feaae200, 0x000001c1feaabe90, 0x000001c1feaae710,
0x000001c1feaadcf0, 0x000001c1feaab980, 0x000001c1feaaf130, 0x000001c1feab0a80,
0x000001c1feaaec20, 0x000001c1f6c8a610, 0x000001c1feab0060, 0x000001c1f86bf450,
0x000001c1854e9570
}

Java Threads: ( => current thread )
  0x000001c18c7088d0 JavaThread "main" [_thread_blocked, id=6864, stack(0x000000b9e6e00000,0x000000b9e6f00000)]
  0x000001c1af5150a0 JavaThread "Reference Handler" daemon [_thread_blocked, id=16296, stack(0x000000b9e7500000,0x000000b9e7600000)]
  0x000001c1af515c60 JavaThread "Finalizer" daemon [_thread_blocked, id=1864, stack(0x000000b9e7600000,0x000000b9e7700000)]
  0x000001c1af529180 JavaThread "Signal Dispatcher" daemon [_thread_blocked, id=12292, stack(0x000000b9e7700000,0x000000b9e7800000)]
  0x000001c1af52bc50 JavaThread "Attach Listener" daemon [_thread_blocked, id=7480, stack(0x000000b9e7800000,0x000000b9e7900000)]
  0x000001c1af52d620 JavaThread "Service Thread" daemon [_thread_blocked, id=14420, stack(0x000000b9e7900000,0x000000b9e7a00000)]
  0x000001c1af52dfe0 JavaThread "Monitor Deflation Thread" daemon [_thread_blocked, id=17332, stack(0x000000b9e7a00000,0x000000b9e7b00000)]
  0x000001c1af530d90 JavaThread "C2 CompilerThread0" daemon [_thread_blocked, id=16156, stack(0x000000b9e7b00000,0x000000b9e7c00000)]
  0x000001c1af531840 JavaThread "C1 CompilerThread0" daemon [_thread_blocked, id=18056, stack(0x000000b9e7c00000,0x000000b9e7d00000)]
  0x000001c1af532240 JavaThread "Sweeper thread" daemon [_thread_blocked, id=18812, stack(0x000000b9e7d00000,0x000000b9e7e00000)]
  0x000001c1af795610 JavaThread "Common-Cleaner" daemon [_thread_blocked, id=1544, stack(0x000000b9e7e00000,0x000000b9e7f00000)]
  0x000001c1af799b00 JavaThread "Notification Thread" daemon [_thread_blocked, id=696, stack(0x000000b9e7f00000,0x000000b9e8000000)]
  0x000001c1f58e4c10 JavaThread "Daemon health stats" [_thread_blocked, id=4356, stack(0x000000b9e8600000,0x000000b9e8700000)]
  0x000001c1f58e41f0 JavaThread "Incoming local TCP Connector on port 52446" [_thread_in_native, id=14464, stack(0x000000b9e8700000,0x000000b9e8800000)]
  0x000001c1f58e6050 JavaThread "Daemon periodic checks" [_thread_blocked, id=7856, stack(0x000000b9e8800000,0x000000b9e8900000)]
  0x000001c1f58e5120 JavaThread "Daemon" [_thread_blocked, id=15440, stack(0x000000b9e8900000,0x000000b9e8a00000)]
  0x000001c1f58e3ce0 JavaThread "Handler for socket connection from /127.0.0.1:52446 to /127.0.0.1:52447" [_thread_in_native, id=11984, stack(0x000000b9e8a00000,0x000000b9e8b00000)]
  0x000001c1f58e5b40 JavaThread "Cancel handler" [_thread_blocked, id=5320, stack(0x000000b9e8b00000,0x000000b9e8c00000)]
  0x000001c1f58e6560 JavaThread "Daemon worker" [_thread_blocked, id=18288, stack(0x000000b9e8c00000,0x000000b9e8d00000)]
  0x000001c1f58e4700 JavaThread "Asynchronous log dispatcher for DefaultDaemonConnection: socket connection from /127.0.0.1:52446 to /127.0.0.1:52447" [_thread_blocked, id=3224, stack(0x000000b9e8d00000,0x000000b9e8e00000)]
  0x000001c1f58e6a70 JavaThread "Stdin handler" [_thread_blocked, id=10572, stack(0x000000b9e8e00000,0x000000b9e8f00000)]
  0x000001c1f58e6f80 JavaThread "Daemon client event forwarder" [_thread_blocked, id=17472, stack(0x000000b9e8f00000,0x000000b9e9000000)]
  0x000001c1f6603f00 JavaThread "Cache worker for journal cache (C:\Users\Alghazzawi\.gradle\caches\journal-1)" [_thread_blocked, id=1052, stack(0x000000b9e9000000,0x000000b9e9100000)]
  0x000001c1f6605d60 JavaThread "File lock request listener" [_thread_in_native, id=3820, stack(0x000000b9e9100000,0x000000b9e9200000)]
  0x000001c1f6602ac0 JavaThread "Cache worker for file hash cache (C:\Users\Alghazzawi\.gradle\caches\7.6.3\fileHashes)" [_thread_blocked, id=17156, stack(0x000000b9e9200000,0x000000b9e9300000)]
  0x000001c1f6601b90 JavaThread "File watcher server" daemon [_thread_blocked, id=10384, stack(0x000000b9e9600000,0x000000b9e9700000)]
  0x000001c1f6604410 JavaThread "File watcher consumer" daemon [_thread_blocked, id=15040, stack(0x000000b9e9700000,0x000000b9e9800000)]
  0x000001c1f66025b0 JavaThread "Cache worker for checksums cache (F:\university_bus\android\.gradle\7.6.3\checksums)" [_thread_blocked, id=728, stack(0x000000b9e9800000,0x000000b9e9900000)]
  0x000001c1f66034e0 JavaThread "Cache worker for cache directory md-rule (C:\Users\Alghazzawi\.gradle\caches\7.6.3\md-rule)" [_thread_blocked, id=7244, stack(0x000000b9e9900000,0x000000b9e9a00000)]
  0x000001c1f6601170 JavaThread "Cache worker for file content cache (C:\Users\Alghazzawi\.gradle\caches\7.6.3\fileContent)" [_thread_blocked, id=18984, stack(0x000000b9e9a00000,0x000000b9e9b00000)]
  0x000001c1f66039f0 JavaThread "Cache worker for file hash cache (F:\university_bus\android\.gradle\7.6.3\fileHashes)" [_thread_blocked, id=3160, stack(0x000000b9e9b00000,0x000000b9e9c00000)]
  0x000001c1f6601680 JavaThread "Cache worker for cache directory md-supplier (C:\Users\Alghazzawi\.gradle\caches\7.6.3\md-supplier)" [_thread_blocked, id=9244, stack(0x000000b9e9c00000,0x000000b9e9d00000)]
  0x000001c1f6600c60 JavaThread "Cache worker for execution history cache (C:\Users\Alghazzawi\.gradle\caches\7.6.3\executionHistory)" [_thread_blocked, id=10564, stack(0x000000b9e9f00000,0x000000b9ea000000)]
  0x000001c1f6605850 JavaThread "jar transforms" [_thread_blocked, id=17840, stack(0x000000b9ea100000,0x000000b9ea200000)]
  0x000001c1f6607bc0 JavaThread "Cache worker for kotlin-dsl (C:\Users\Alghazzawi\.gradle\caches\7.6.3\kotlin-dsl)" [_thread_blocked, id=3540, stack(0x000000b9ea200000,0x000000b9ea300000)]
  0x000001c1f66080d0 JavaThread "jar transforms Thread 2" [_thread_blocked, id=17220, stack(0x000000b9ea300000,0x000000b9ea400000)]
  0x000001c1f66085e0 JavaThread "Cache worker for dependencies-accessors (F:\university_bus\android\.gradle\7.6.3\dependencies-accessors)" [_thread_blocked, id=12300, stack(0x000000b9ea400000,0x000000b9ea500000)]
  0x000001c1f8149d30 JavaThread "Cache worker for Build Output Cleanup Cache (C:\Users\Alghazzawi\flutter_windows_3.22.2-stable\flutter\packages\flutter_tools\gradle\.gradle\buildOutputCleanup)" [_thread_blocked, id=15076, stack(0x000000b9ea500000,0x000000b9ea600000)]
  0x000001c1f814b680 JavaThread "jar transforms Thread 3" [_thread_blocked, id=8568, stack(0x000000b9ea600000,0x000000b9ea700000)]
  0x000001c1f814a240 JavaThread "Memory manager" [_thread_blocked, id=18416, stack(0x000000b9ea700000,0x000000b9ea800000)]
  0x000001c1f8145650 JavaThread "jar transforms Thread 4" [_thread_blocked, id=1480, stack(0x000000b9ea800000,0x000000b9ea900000)]
  0x000001c1f8147ed0 JavaThread "Execution worker" [_thread_blocked, id=11020, stack(0x000000b9eaa00000,0x000000b9eab00000)]
  0x000001c1f814ac60 JavaThread "Execution worker Thread 2" [_thread_blocked, id=17440, stack(0x000000b9eab00000,0x000000b9eac00000)]
  0x000001c1f8144c30 JavaThread "Execution worker Thread 3" [_thread_blocked, id=12936, stack(0x000000b9eac00000,0x000000b9ead00000)]
  0x000001c1f814a750 JavaThread "Execution worker Thread 4" [_thread_blocked, id=18164, stack(0x000000b9ead00000,0x000000b9eae00000)]
  0x000001c1f814bb90 JavaThread "Execution worker Thread 5" [_thread_blocked, id=16196, stack(0x000000b9eae00000,0x000000b9eaf00000)]
  0x000001c1f8146a90 JavaThread "Execution worker Thread 6" [_thread_blocked, id=17128, stack(0x000000b9eaf00000,0x000000b9eb000000)]
  0x000001c1f8146fa0 JavaThread "Execution worker Thread 7" [_thread_blocked, id=18960, stack(0x000000b9eb000000,0x000000b9eb100000)]
  0x000001c1f81488f0 JavaThread "Cache worker for execution history cache (C:\Users\Alghazzawi\flutter_windows_3.22.2-stable\flutter\packages\flutter_tools\gradle\.gradle\7.6.3\executionHistory)" [_thread_blocked, id=12332, stack(0x000000b9eb100000,0x000000b9eb200000)]
  0x000001c1f81474b0 JavaThread "Unconstrained build operations" [_thread_blocked, id=18544, stack(0x000000b9eb200000,0x000000b9eb300000)]
  0x000001c1f8145140 JavaThread "Unconstrained build operations Thread 2" [_thread_blocked, id=13796, stack(0x000000b9eb300000,0x000000b9eb400000)]
  0x000001c1f8145b60 JavaThread "Unconstrained build operations Thread 3" [_thread_blocked, id=18400, stack(0x000000b9eb400000,0x000000b9eb500000)]
  0x000001c1f8146070 JavaThread "Unconstrained build operations Thread 4" [_thread_blocked, id=17640, stack(0x000000b9eb500000,0x000000b9eb600000)]
  0x000001c1f81479c0 JavaThread "Unconstrained build operations Thread 5" [_thread_blocked, id=18232, stack(0x000000b9eb600000,0x000000b9eb700000)]
  0x000001c1f8146580 JavaThread "Unconstrained build operations Thread 6" [_thread_blocked, id=1584, stack(0x000000b9eb700000,0x000000b9eb800000)]
  0x000001c1f8149310 JavaThread "Unconstrained build operations Thread 7" [_thread_blocked, id=18180, stack(0x000000b9eb800000,0x000000b9eb900000)]
  0x000001c1f8149820 JavaThread "Unconstrained build operations Thread 8" [_thread_blocked, id=13772, stack(0x000000b9eb900000,0x000000b9eba00000)]
  0x000001c1f6c2f1d0 JavaThread "Unconstrained build operations Thread 9" [_thread_blocked, id=2524, stack(0x000000b9eba00000,0x000000b9ebb00000)]
  0x000001c1f6c33dc0 JavaThread "Unconstrained build operations Thread 10" [_thread_blocked, id=732, stack(0x000000b9ebb00000,0x000000b9ebc00000)]
  0x000001c1f6c2d880 JavaThread "Unconstrained build operations Thread 11" [_thread_blocked, id=1268, stack(0x000000b9ec500000,0x000000b9ec600000)]
  0x000001c1f6c2e2a0 JavaThread "Unconstrained build operations Thread 12" [_thread_blocked, id=19272, stack(0x000000b9ec600000,0x000000b9ec700000)]
  0x000001c1f6c30b20 JavaThread "Unconstrained build operations Thread 13" [_thread_blocked, id=17708, stack(0x000000b9ec700000,0x000000b9ec800000)]
  0x000001c1f6c31030 JavaThread "Unconstrained build operations Thread 14" [_thread_blocked, id=15484, stack(0x000000b9ec800000,0x000000b9ec900000)]
  0x000001c1f6c31a50 JavaThread "Unconstrained build operations Thread 15" [_thread_blocked, id=18764, stack(0x000000b9ec900000,0x000000b9eca00000)]
  0x000001c1f6c32980 JavaThread "Unconstrained build operations Thread 16" [_thread_blocked, id=15492, stack(0x000000b9eca00000,0x000000b9ecb00000)]
  0x000001c1f6c333a0 JavaThread "Unconstrained build operations Thread 17" [_thread_blocked, id=16632, stack(0x000000b9ecb00000,0x000000b9ecc00000)]
  0x000001c1f6c338b0 JavaThread "Unconstrained build operations Thread 18" [_thread_blocked, id=3372, stack(0x000000b9ecc00000,0x000000b9ecd00000)]
  0x000001c1f6c342d0 JavaThread "Unconstrained build operations Thread 19" [_thread_blocked, id=5304, stack(0x000000b9ecd00000,0x000000b9ece00000)]
  0x000001c1f6c2d370 JavaThread "Unconstrained build operations Thread 20" [_thread_blocked, id=16792, stack(0x000000b9ece00000,0x000000b9ecf00000)]
  0x000001c1f6c34cf0 JavaThread "Unconstrained build operations Thread 21" [_thread_blocked, id=15996, stack(0x000000b9ecf00000,0x000000b9ed000000)]
  0x000001c1f6c2e7b0 JavaThread "Unconstrained build operations Thread 22" [_thread_blocked, id=16564, stack(0x000000b9ed000000,0x000000b9ed100000)]
  0x000001c1fadb3580 JavaThread "Unconstrained build operations Thread 23" [_thread_blocked, id=13736, stack(0x000000b9ed100000,0x000000b9ed200000)]
  0x000001c1fadb3a90 JavaThread "Unconstrained build operations Thread 24" [_thread_blocked, id=17392, stack(0x000000b9ed200000,0x000000b9ed300000)]
  0x000001c1fadb7240 JavaThread "Unconstrained build operations Thread 25" [_thread_blocked, id=4716, stack(0x000000b9ed300000,0x000000b9ed400000)]
  0x000001c1fadb2650 JavaThread "Unconstrained build operations Thread 26" [_thread_blocked, id=11500, stack(0x000000b9ed400000,0x000000b9ed500000)]
  0x000001c1fadb3fa0 JavaThread "Unconstrained build operations Thread 27" [_thread_blocked, id=6476, stack(0x000000b9ed500000,0x000000b9ed600000)]
  0x000001c1fadb2140 JavaThread "Unconstrained build operations Thread 28" [_thread_blocked, id=16976, stack(0x000000b9ed600000,0x000000b9ed700000)]
  0x000001c1fadb1720 JavaThread "Unconstrained build operations Thread 29" [_thread_blocked, id=19220, stack(0x000000b9ed700000,0x000000b9ed800000)]
  0x000001c1fadb3070 JavaThread "Unconstrained build operations Thread 30" [_thread_blocked, id=9196, stack(0x000000b9ed800000,0x000000b9ed900000)]
  0x000001c1fadb5e00 JavaThread "Unconstrained build operations Thread 31" [_thread_blocked, id=18108, stack(0x000000b9ed900000,0x000000b9eda00000)]
  0x000001c1fadb58f0 JavaThread "Unconstrained build operations Thread 32" [_thread_blocked, id=17620, stack(0x000000b9eda00000,0x000000b9edb00000)]
  0x000001c1fadb7750 JavaThread "Unconstrained build operations Thread 33" [_thread_blocked, id=5232, stack(0x000000b9edb00000,0x000000b9edc00000)]
  0x000001c1fadb2b60 JavaThread "Unconstrained build operations Thread 34" [_thread_blocked, id=17856, stack(0x000000b9edc00000,0x000000b9edd00000)]
  0x000001c1fadb1c30 JavaThread "Unconstrained build operations Thread 35" [_thread_blocked, id=17772, stack(0x000000b9edd00000,0x000000b9ede00000)]
  0x000001c1fadb53e0 JavaThread "Unconstrained build operations Thread 36" [_thread_blocked, id=8600, stack(0x000000b9ede00000,0x000000b9edf00000)]
  0x000001c1fadb44b0 JavaThread "Unconstrained build operations Thread 37" [_thread_blocked, id=15476, stack(0x000000b9edf00000,0x000000b9ee000000)]
  0x000001c1fadb6d30 JavaThread "Unconstrained build operations Thread 38" [_thread_blocked, id=5800, stack(0x000000b9ee000000,0x000000b9ee100000)]
  0x000001c1fadb49c0 JavaThread "Unconstrained build operations Thread 39" [_thread_blocked, id=10304, stack(0x000000b9ee100000,0x000000b9ee200000)]
  0x000001c1fadb6820 JavaThread "Unconstrained build operations Thread 40" [_thread_blocked, id=14392, stack(0x000000b9ee200000,0x000000b9ee300000)]
  0x000001c1fadb4ed0 JavaThread "Unconstrained build operations Thread 41" [_thread_blocked, id=7912, stack(0x000000b9ee300000,0x000000b9ee400000)]
  0x000001c1fadb1210 JavaThread "Unconstrained build operations Thread 42" [_thread_blocked, id=3616, stack(0x000000b9ee400000,0x000000b9ee500000)]
  0x000001c1fadb02e0 JavaThread "Unconstrained build operations Thread 43" [_thread_blocked, id=17268, stack(0x000000b9ee500000,0x000000b9ee600000)]
  0x000001c1fadb6310 JavaThread "Unconstrained build operations Thread 44" [_thread_blocked, id=13952, stack(0x000000b9ee600000,0x000000b9ee700000)]
  0x000001c1fadb7c60 JavaThread "Unconstrained build operations Thread 45" [_thread_blocked, id=13900, stack(0x000000b9ee700000,0x000000b9ee800000)]
  0x000001c1fadb07f0 JavaThread "Unconstrained build operations Thread 46" [_thread_blocked, id=3912, stack(0x000000b9ee800000,0x000000b9ee900000)]
  0x000001c1fadb0d00 JavaThread "Unconstrained build operations Thread 47" [_thread_blocked, id=18604, stack(0x000000b9ee900000,0x000000b9eea00000)]
  0x000001c1f597c6c0 JavaThread "Unconstrained build operations Thread 48" [_thread_blocked, id=7684, stack(0x000000b9eea00000,0x000000b9eeb00000)]
  0x000001c1f597db00 JavaThread "Unconstrained build operations Thread 49" [_thread_blocked, id=3260, stack(0x000000b9eeb00000,0x000000b9eec00000)]
  0x000001c1f597f960 JavaThread "Unconstrained build operations Thread 50" [_thread_blocked, id=1072, stack(0x000000b9eec00000,0x000000b9eed00000)]
  0x000001c1f5983110 JavaThread "Unconstrained build operations Thread 51" [_thread_blocked, id=9400, stack(0x000000b9eed00000,0x000000b9eee00000)]
  0x000001c1f597fe70 JavaThread "Unconstrained build operations Thread 52" [_thread_blocked, id=11784, stack(0x000000b9eee00000,0x000000b9eef00000)]
  0x000001c1f5980380 JavaThread "Unconstrained build operations Thread 53" [_thread_blocked, id=3480, stack(0x000000b9eef00000,0x000000b9ef000000)]
  0x000001c1f5980da0 JavaThread "Unconstrained build operations Thread 54" [_thread_blocked, id=16800, stack(0x000000b9ef000000,0x000000b9ef100000)]
  0x000001c1f5980890 JavaThread "Unconstrained build operations Thread 55" [_thread_blocked, id=9704, stack(0x000000b9ef100000,0x000000b9ef200000)]
  0x000001c1f597e010 JavaThread "Unconstrained build operations Thread 56" [_thread_blocked, id=17696, stack(0x000000b9ef200000,0x000000b9ef300000)]
  0x000001c1f597e520 JavaThread "Unconstrained build operations Thread 57" [_thread_blocked, id=7232, stack(0x000000b9ef300000,0x000000b9ef400000)]
  0x000001c1f597ea30 JavaThread "Unconstrained build operations Thread 58" [_thread_blocked, id=15892, stack(0x000000b9ef400000,0x000000b9ef500000)]
  0x000001c1f597c1b0 JavaThread "Unconstrained build operations Thread 59" [_thread_blocked, id=2700, stack(0x000000b9ef500000,0x000000b9ef600000)]
  0x000001c1f59812b0 JavaThread "Unconstrained build operations Thread 60" [_thread_blocked, id=13640, stack(0x000000b9ef600000,0x000000b9ef700000)]
  0x000001c1f597ef40 JavaThread "Unconstrained build operations Thread 61" [_thread_blocked, id=10132, stack(0x000000b9ef700000,0x000000b9ef800000)]
  0x000001c1f5983620 JavaThread "Unconstrained build operations Thread 62" [_thread_blocked, id=17652, stack(0x000000b9ef800000,0x000000b9ef900000)]
  0x000001c1f597cbd0 JavaThread "Unconstrained build operations Thread 63" [_thread_blocked, id=8168, stack(0x000000b9ef900000,0x000000b9efa00000)]
  0x000001c1f597f450 JavaThread "Unconstrained build operations Thread 64" [_thread_blocked, id=16700, stack(0x000000b9efa00000,0x000000b9efb00000)]
  0x000001c1f597d0e0 JavaThread "Unconstrained build operations Thread 65" [_thread_blocked, id=14108, stack(0x000000b9efb00000,0x000000b9efc00000)]
  0x000001c1f59817c0 JavaThread "Unconstrained build operations Thread 66" [_thread_blocked, id=6108, stack(0x000000b9efc00000,0x000000b9efd00000)]
  0x000001c1f5981cd0 JavaThread "Unconstrained build operations Thread 67" [_thread_blocked, id=4308, stack(0x000000b9efd00000,0x000000b9efe00000)]
  0x000001c1f59821e0 JavaThread "Unconstrained build operations Thread 68" [_thread_blocked, id=15764, stack(0x000000b9efe00000,0x000000b9eff00000)]
  0x000001c1f597d5f0 JavaThread "Unconstrained build operations Thread 69" [_thread_blocked, id=19020, stack(0x000000b9eff00000,0x000000b9f0000000)]
  0x000001c1f59826f0 JavaThread "Unconstrained build operations Thread 70" [_thread_blocked, id=16220, stack(0x000000b9f0000000,0x000000b9f0100000)]
  0x000001c1f5982c00 JavaThread "Unconstrained build operations Thread 71" [_thread_blocked, id=6836, stack(0x000000b9f0100000,0x000000b9f0200000)]
  0x000001c1f5983b30 JavaThread "Unconstrained build operations Thread 72" [_thread_blocked, id=18556, stack(0x000000b9f0200000,0x000000b9f0300000)]
  0x000001c1f6c896e0 JavaThread "Unconstrained build operations Thread 73" [_thread_blocked, id=17196, stack(0x000000b9f0300000,0x000000b9f0400000)]
  0x000001c1f6c8c470 JavaThread "Unconstrained build operations Thread 74" [_thread_blocked, id=18896, stack(0x000000b9f0400000,0x000000b9f0500000)]
  0x000001c1f6c891d0 JavaThread "Unconstrained build operations Thread 75" [_thread_blocked, id=16160, stack(0x000000b9f0500000,0x000000b9f0600000)]
  0x000001c1f6c8ddc0 JavaThread "Unconstrained build operations Thread 76" [_thread_blocked, id=15084, stack(0x000000b9f0600000,0x000000b9f0700000)]
  0x000001c1f6c87370 JavaThread "Unconstrained build operations Thread 77" [_thread_blocked, id=16676, stack(0x000000b9f0700000,0x000000b9f0800000)]
  0x000001c1f6c8d3a0 JavaThread "Unconstrained build operations Thread 78" [_thread_blocked, id=2168, stack(0x000000b9f0800000,0x000000b9f0900000)]
  0x000001c1f6c86e60 JavaThread "Unconstrained build operations Thread 79" [_thread_blocked, id=17148, stack(0x000000b9f0900000,0x000000b9f0a00000)]
  0x000001c1f6c8ce90 JavaThread "Unconstrained build operations Thread 80" [_thread_blocked, id=18592, stack(0x000000b9f0a00000,0x000000b9f0b00000)]
  0x000001c1f6c8c980 JavaThread "jar transforms Thread 5" [_thread_blocked, id=6528, stack(0x000000b9f0b00000,0x000000b9f0c00000)]
  0x000001c1f6c8d8b0 JavaThread "jar transforms Thread 6" [_thread_blocked, id=5900, stack(0x000000b9f0c00000,0x000000b9f0d00000)]
  0x000001c1f6c8e2d0 JavaThread "jar transforms Thread 7" [_thread_blocked, id=8764, stack(0x000000b9f0d00000,0x000000b9f0e00000)]
  0x000001c1f6c87880 JavaThread "jar transforms Thread 8" [_thread_blocked, id=16652, stack(0x000000b9f0e00000,0x000000b9f0f00000)]
  0x000001c1f6c87d90 JavaThread "Cache worker for Build Output Cleanup Cache (F:\university_bus\android\.gradle\buildOutputCleanup)" [_thread_blocked, id=15808, stack(0x000000b9e8100000,0x000000b9e8200000)]
  0x000001c1fb51f3c0 JavaThread "included builds Thread 2" [_thread_blocked, id=3712, stack(0x000000b9e6b00000,0x000000b9e6c00000)]
  0x000001c1fb520800 JavaThread "Cache worker for execution history cache (F:\university_bus\android\.gradle\7.6.3\executionHistory)" [_thread_blocked, id=5060, stack(0x000000b9e6c00000,0x000000b9e6d00000)]
  0x000001c1fb520d10 JavaThread "Exec process Thread 5" [_thread_blocked, id=7860, stack(0x000000b9e6d00000,0x000000b9e6e00000)]
  0x000001c1fb523590 JavaThread "Exec process Thread 6" [_thread_blocked, id=15212, stack(0x000000b9ea900000,0x000000b9eaa00000)]
  0x000001c1f6c2fbf0 JavaThread "Exec process Thread 7" [_thread_blocked, id=2548, stack(0x000000b9ebc00000,0x000000b9ebd00000)]
  0x000001c1f6c2dd90 JavaThread "WorkerExecutor Queue Thread 3" [_thread_blocked, id=17712, stack(0x000000b9f1100000,0x000000b9f1200000)]
  0x000001c1f6c8a100 JavaThread "WorkerExecutor Queue Thread 6" [_thread_blocked, id=15952, stack(0x000000b9f1400000,0x000000b9f1500000)]
  0x000001c1f81483e0 JavaThread "WorkerExecutor Queue Thread 8" [_thread_blocked, id=14252, stack(0x000000b9f1600000,0x000000b9f1700000)]
  0x000001c184f18910 JavaThread "WorkerExecutor Queue Thread 10" [_thread_blocked, id=1556, stack(0x000000b9f1000000,0x000000b9f1100000)]
  0x000001c1f6c8bf60 JavaThread "WorkerExecutor Queue Thread 11" [_thread_blocked, id=11956, stack(0x000000b9ebf00000,0x000000b9ec000000)]
  0x000001c1f6c8b030 JavaThread "WorkerExecutor Queue Thread 12" [_thread_blocked, id=5096, stack(0x000000b9f1500000,0x000000b9f1600000)]
  0x000001c1feaacdc0 JavaThread "pool-3-thread-1" [_thread_blocked, id=19400, stack(0x000000b9f1700000,0x000000b9f1800000)]
  0x000001c1feaab470 JavaThread "stderr" [_thread_in_native, id=2288, stack(0x000000b9f0f00000,0x000000b9f1000000)]
  0x000001c1feaaa540 JavaThread "stdout" [_thread_in_native, id=13332, stack(0x000000b9f1800000,0x000000b9f1900000)]
  0x000001c1feaac3a0 JavaThread "Cache worker for Java compile cache (C:\Users\Alghazzawi\.gradle\caches\7.6.3\javaCompile)" [_thread_blocked, id=14580, stack(0x000000b9f1900000,0x000000b9f1a00000)]
  0x000001c1feaae200 JavaThread "Build operations" [_thread_blocked, id=16672, stack(0x000000b9f1a00000,0x000000b9f1b00000)]
  0x000001c1feaabe90 JavaThread "Build operations Thread 2" [_thread_blocked, id=18072, stack(0x000000b9f1b00000,0x000000b9f1c00000)]
  0x000001c1feaae710 JavaThread "Build operations Thread 3" [_thread_blocked, id=11284, stack(0x000000b9f1c00000,0x000000b9f1d00000)]
  0x000001c1feaadcf0 JavaThread "Build operations Thread 4" [_thread_blocked, id=13756, stack(0x000000b9f1d00000,0x000000b9f1e00000)]
  0x000001c1feaab980 JavaThread "Build operations Thread 5" [_thread_blocked, id=12052, stack(0x000000b9f1e00000,0x000000b9f1f00000)]
  0x000001c1feaaf130 JavaThread "Build operations Thread 6" [_thread_blocked, id=16656, stack(0x000000b9f1f00000,0x000000b9f2000000)]
  0x000001c1feab0a80 JavaThread "Build operations Thread 7" [_thread_blocked, id=16388, stack(0x000000b9f2000000,0x000000b9f2100000)]
  0x000001c1feaaec20 JavaThread "Build operations Thread 8" [_thread_blocked, id=11752, stack(0x000000b9f2100000,0x000000b9f2200000)]
  0x000001c1f6c8a610 JavaThread "WorkerExecutor Queue Thread 13" [_thread_blocked, id=5892, stack(0x000000b9f1200000,0x000000b9f1300000)]
  0x000001c1feab0060 JavaThread "WorkerExecutor Queue Thread 14" [_thread_blocked, id=9024, stack(0x000000b9f1300000,0x000000b9f1400000)]
  0x000001c1f86bf450 JavaThread "C2 CompilerThread1" daemon [_thread_blocked, id=8556, stack(0x000000b9f2200000,0x000000b9f2300000)]
  0x000001c1854e9570 JavaThread "C2 CompilerThread2" daemon [_thread_blocked, id=14784, stack(0x000000b9f2300000,0x000000b9f2400000)]

Other Threads:
=>0x000001c1af50d1e0 VMThread "VM Thread" [stack: 0x000000b9e7400000,0x000000b9e7500000] [id=14636]
  0x000001c1af7932e0 WatcherThread [stack: 0x000000b9e8000000,0x000000b9e8100000] [id=12960]
  0x000001c18c774100 GCTaskThread "GC Thread#0" [stack: 0x000000b9e6f00000,0x000000b9e7000000] [id=2820]
  0x000001c1f5756340 GCTaskThread "GC Thread#1" [stack: 0x000000b9e8300000,0x000000b9e8400000] [id=1700]
  0x000001c1f590a470 GCTaskThread "GC Thread#2" [stack: 0x000000b9e8400000,0x000000b9e8500000] [id=1704]
  0x000001c1f5330d40 GCTaskThread "GC Thread#3" [stack: 0x000000b9e8500000,0x000000b9e8600000] [id=16784]
  0x000001c1f5c7ec80 GCTaskThread "GC Thread#4" [stack: 0x000000b9e8200000,0x000000b9e8300000] [id=13680]
  0x000001c1f8e36cf0 GCTaskThread "GC Thread#5" [stack: 0x000000b9e9300000,0x000000b9e9400000] [id=4040]
  0x000001c1f7b74160 GCTaskThread "GC Thread#6" [stack: 0x000000b9e9400000,0x000000b9e9500000] [id=11788]
  0x000001c1f741d270 GCTaskThread "GC Thread#7" [stack: 0x000000b9e9500000,0x000000b9e9600000] [id=2448]
  0x000001c18c785050 ConcurrentGCThread "G1 Main Marker" [stack: 0x000000b9e7000000,0x000000b9e7100000] [id=15412]
  0x000001c18c785a60 ConcurrentGCThread "G1 Conc#0" [stack: 0x000000b9e7100000,0x000000b9e7200000] [id=19032]
  0x000001c1f7316990 ConcurrentGCThread "G1 Conc#1" [stack: 0x000000b9e9e00000,0x000000b9e9f00000] [id=5044]
  0x000001c18c7c5670 ConcurrentGCThread "G1 Refine#0" [stack: 0x000000b9e7200000,0x000000b9e7300000] [id=5140]
  0x000001c1f7796de0 ConcurrentGCThread "G1 Refine#1" [stack: 0x000000b9e9d00000,0x000000b9e9e00000] [id=15812]
  0x000001c1f73bbc30 ConcurrentGCThread "G1 Refine#2" [stack: 0x000000b9ec000000,0x000000b9ec100000] [id=8820]
  0x000001c1f73bb940 ConcurrentGCThread "G1 Refine#3" [stack: 0x000000b9ec100000,0x000000b9ec200000] [id=15444]
  0x000001c1f73bc500 ConcurrentGCThread "G1 Refine#4" [stack: 0x000000b9ec200000,0x000000b9ec300000] [id=14404]
  0x000001c1f73bbf20 ConcurrentGCThread "G1 Refine#5" [stack: 0x000000b9ec400000,0x000000b9ec500000] [id=17884]
  0x000001c18c7c60a0 ConcurrentGCThread "G1 Service" [stack: 0x000000b9e7300000,0x000000b9e7400000] [id=1824]

Threads with active compile tasks:
C2 CompilerThread0   249888 49460       4       com.android.tools.r8.internal.B4::h (204 bytes)
C2 CompilerThread1   249888 49455       4       com.android.tools.r8.internal.B4::a (352 bytes)
C2 CompilerThread2   249889 49434       4       com.android.tools.r8.internal.Rn::a (173 bytes)

VM state: at safepoint (normal execution)

VM Mutex/Monitor currently owned by a thread:  ([mutex/lock_event])
[0x000001c18c704e50] Threads_lock - owner thread: 0x000001c1af50d1e0
[0x000001c18c704430] Heap_lock - owner thread: 0x000001c1f6600c60

Heap address: 0x0000000700000000, size: 4096 MB, Compressed Oops mode: Zero based, Oop shift amount: 3

CDS archive(s) mapped at: [0x000001c1b0000000-0x000001c1b0bd0000-0x000001c1b0bd0000), size 12386304, SharedBaseAddress: 0x000001c1b0000000, ArchiveRelocationMode: 1.
Compressed class space mapped at: 0x000001c1b1000000-0x000001c1f1000000, reserved size: 1073741824
Narrow klass base: 0x000001c1b0000000, Narrow klass shift: 0, Narrow klass range: 0x100000000

GC Precious Log:
 CPUs: 8 total, 8 available
 Memory: 7932M
 Large Page Support: Disabled
 NUMA Support: Disabled
 Compressed Oops: Enabled (Zero based)
 Heap Region Size: 2M
 Heap Min Capacity: 8M
 Heap Initial Capacity: 124M
 Heap Max Capacity: 4G
 Pre-touch: Disabled
 Parallel Workers: 8
 Concurrent Workers: 2
 Concurrent Refinement Workers: 8
 Periodic GC: Disabled

Heap:
 garbage-first heap   total 1499136K, used 584888K [0x0000000700000000, 0x0000000800000000)
  region size 2048K, 6 young (12288K), 6 survivors (12288K)
 Metaspace       used 161074K, committed 163200K, reserved 1245184K
  class space    used 21055K, committed 22016K, reserved 1048576K

Heap Regions: E=young(eden), S=young(survivor), O=old, HS=humongous(starts), HC=humongous(continues), CS=collection set, F=free, OA=open archive, CA=closed archive, TAMS=top-at-mark-start (previous, next)
|   0|0x0000000700000000, 0x0000000700200000, 0x0000000700200000|100%|HS|  |TAMS 0x0000000700200000, 0x0000000700000000| Complete 
|   1|0x0000000700200000, 0x0000000700400000, 0x0000000700400000|100%|HC|  |TAMS 0x0000000700400000, 0x0000000700200000| Complete 
|   2|0x0000000700400000, 0x0000000700600000, 0x0000000700600000|100%| O|  |TAMS 0x0000000700600000, 0x0000000700400000| Untracked 
|   3|0x0000000700600000, 0x0000000700800000, 0x0000000700800000|100%| O|  |TAMS 0x0000000700800000, 0x0000000700600000| Untracked 
|   4|0x0000000700800000, 0x0000000700a00000, 0x0000000700a00000|100%| O|  |TAMS 0x0000000700a00000, 0x0000000700800000| Untracked 
|   5|0x0000000700a00000, 0x0000000700c00000, 0x0000000700c00000|100%| O|  |TAMS 0x0000000700c00000, 0x0000000700a00000| Untracked 
|   6|0x0000000700c00000, 0x0000000700e00000, 0x0000000700e00000|100%| O|  |TAMS 0x0000000700e00000, 0x0000000700c00000| Untracked 
|   7|0x0000000700e00000, 0x0000000701000000, 0x0000000701000000|100%| O|  |TAMS 0x0000000701000000, 0x0000000700e00000| Untracked 
|   8|0x0000000701000000, 0x0000000701200000, 0x0000000701200000|100%| O|  |TAMS 0x0000000701200000, 0x0000000701000000| Untracked 
|   9|0x0000000701200000, 0x000000070139d800, 0x0000000701400000| 80%| O|  |TAMS 0x000000070139d800, 0x0000000701200000| Untracked 
|  10|0x0000000701400000, 0x0000000701600000, 0x0000000701600000|100%| O|  |TAMS 0x0000000701600000, 0x0000000701400000| Untracked 
|  11|0x0000000701600000, 0x0000000701800000, 0x0000000701800000|100%| O|  |TAMS 0x0000000701800000, 0x0000000701600000| Untracked 
|  12|0x0000000701800000, 0x0000000701a00000, 0x0000000701a00000|100%| O|  |TAMS 0x0000000701a00000, 0x0000000701800000| Untracked 
|  13|0x0000000701a00000, 0x0000000701c00000, 0x0000000701c00000|100%| O|  |TAMS 0x0000000701c00000, 0x0000000701a00000| Untracked 
|  14|0x0000000701c00000, 0x0000000701e00000, 0x0000000701e00000|100%| O|  |TAMS 0x0000000701e00000, 0x0000000701c00000| Untracked 
|  15|0x0000000701e00000, 0x0000000702000000, 0x0000000702000000|100%| O|  |TAMS 0x0000000702000000, 0x0000000701e00000| Untracked 
|  16|0x0000000702000000, 0x0000000702200000, 0x0000000702200000|100%| O|  |TAMS 0x0000000702200000, 0x0000000702000000| Untracked 
|  17|0x0000000702200000, 0x0000000702400000, 0x0000000702400000|100%|HS|  |TAMS 0x0000000702400000, 0x0000000702200000| Complete 
|  18|0x0000000702400000, 0x0000000702600000, 0x0000000702600000|100%| O|  |TAMS 0x0000000702600000, 0x0000000702400000| Untracked 
|  19|0x0000000702600000, 0x0000000702800000, 0x0000000702800000|100%|HS|  |TAMS 0x0000000702800000, 0x0000000702600000| Complete 
|  20|0x0000000702800000, 0x0000000702a00000, 0x0000000702a00000|100%|HC|  |TAMS 0x0000000702a00000, 0x0000000702800000| Complete 
|  21|0x0000000702a00000, 0x0000000702c00000, 0x0000000702c00000|100%| O|  |TAMS 0x0000000702c00000, 0x0000000702a00000| Untracked 
|  22|0x0000000702c00000, 0x0000000702e00000, 0x0000000702e00000|100%| O|  |TAMS 0x0000000702e00000, 0x0000000702c00000| Untracked 
|  23|0x0000000702e00000, 0x0000000703000000, 0x0000000703000000|100%| O|  |TAMS 0x0000000703000000, 0x0000000702e00000| Untracked 
|  24|0x0000000703000000, 0x0000000703200000, 0x0000000703200000|100%| O|  |TAMS 0x0000000703200000, 0x0000000703000000| Untracked 
|  25|0x0000000703200000, 0x0000000703400000, 0x0000000703400000|100%| O|  |TAMS 0x0000000703400000, 0x0000000703200000| Untracked 
|  26|0x0000000703400000, 0x0000000703600000, 0x0000000703600000|100%| O|  |TAMS 0x0000000703600000, 0x0000000703400000| Untracked 
|  27|0x0000000703600000, 0x0000000703800000, 0x0000000703800000|100%| O|  |TAMS 0x0000000703800000, 0x0000000703600000| Untracked 
|  28|0x0000000703800000, 0x0000000703a00000, 0x0000000703a00000|100%| O|  |TAMS 0x0000000703a00000, 0x0000000703800000| Untracked 
|  29|0x0000000703a00000, 0x0000000703c00000, 0x0000000703c00000|100%| O|  |TAMS 0x0000000703c00000, 0x0000000703a00000| Untracked 
|  30|0x0000000703c00000, 0x0000000703e00000, 0x0000000703e00000|100%| O|  |TAMS 0x0000000703e00000, 0x0000000703c00000| Untracked 
|  31|0x0000000703e00000, 0x0000000704000000, 0x0000000704000000|100%| O|  |TAMS 0x0000000704000000, 0x0000000703e00000| Untracked 
|  32|0x0000000704000000, 0x0000000704200000, 0x0000000704200000|100%| O|  |TAMS 0x0000000704200000, 0x0000000704000000| Untracked 
|  33|0x0000000704200000, 0x0000000704400000, 0x0000000704400000|100%| O|  |TAMS 0x0000000704400000, 0x0000000704200000| Untracked 
|  34|0x0000000704400000, 0x0000000704600000, 0x0000000704600000|100%| O|  |TAMS 0x0000000704600000, 0x0000000704400000| Untracked 
|  35|0x0000000704600000, 0x0000000704800000, 0x0000000704800000|100%| O|  |TAMS 0x0000000704800000, 0x0000000704600000| Untracked 
|  36|0x0000000704800000, 0x0000000704a00000, 0x0000000704a00000|100%| O|  |TAMS 0x0000000704a00000, 0x0000000704800000| Untracked 
|  37|0x0000000704a00000, 0x0000000704c00000, 0x0000000704c00000|100%| O|  |TAMS 0x0000000704c00000, 0x0000000704a00000| Untracked 
|  38|0x0000000704c00000, 0x0000000704e00000, 0x0000000704e00000|100%| O|  |TAMS 0x0000000704e00000, 0x0000000704c00000| Untracked 
|  39|0x0000000704e00000, 0x0000000705000000, 0x0000000705000000|100%| O|  |TAMS 0x0000000705000000, 0x0000000704e00000| Untracked 
|  40|0x0000000705000000, 0x0000000705200000, 0x0000000705200000|100%| O|  |TAMS 0x0000000705200000, 0x0000000705000000| Untracked 
|  41|0x0000000705200000, 0x0000000705400000, 0x0000000705400000|100%| O|  |TAMS 0x0000000705400000, 0x0000000705200000| Untracked 
|  42|0x0000000705400000, 0x0000000705600000, 0x0000000705600000|100%| O|  |TAMS 0x0000000705600000, 0x0000000705400000| Untracked 
|  43|0x0000000705600000, 0x0000000705800000, 0x0000000705800000|100%| O|  |TAMS 0x0000000705800000, 0x0000000705600000| Untracked 
|  44|0x0000000705800000, 0x0000000705a00000, 0x0000000705a00000|100%| O|  |TAMS 0x0000000705a00000, 0x0000000705800000| Untracked 
|  45|0x0000000705a00000, 0x0000000705c00000, 0x0000000705c00000|100%| O|  |TAMS 0x0000000705c00000, 0x0000000705a00000| Untracked 
|  46|0x0000000705c00000, 0x0000000705e00000, 0x0000000705e00000|100%| O|  |TAMS 0x0000000705e00000, 0x0000000705c00000| Untracked 
|  47|0x0000000705e00000, 0x0000000706000000, 0x0000000706000000|100%| O|  |TAMS 0x0000000706000000, 0x0000000705e00000| Untracked 
|  48|0x0000000706000000, 0x0000000706200000, 0x0000000706200000|100%| O|  |TAMS 0x0000000706200000, 0x0000000706000000| Untracked 
|  49|0x0000000706200000, 0x0000000706400000, 0x0000000706400000|100%| O|  |TAMS 0x0000000706400000, 0x0000000706200000| Untracked 
|  50|0x0000000706400000, 0x0000000706600000, 0x0000000706600000|100%| O|  |TAMS 0x0000000706600000, 0x0000000706400000| Untracked 
|  51|0x0000000706600000, 0x0000000706800000, 0x0000000706800000|100%| O|  |TAMS 0x0000000706800000, 0x0000000706600000| Untracked 
|  52|0x0000000706800000, 0x0000000706a00000, 0x0000000706a00000|100%| O|  |TAMS 0x0000000706a00000, 0x0000000706800000| Untracked 
|  53|0x0000000706a00000, 0x0000000706c00000, 0x0000000706c00000|100%| O|  |TAMS 0x0000000706c00000, 0x0000000706a00000| Untracked 
|  54|0x0000000706c00000, 0x0000000706e00000, 0x0000000706e00000|100%| O|  |TAMS 0x0000000706e00000, 0x0000000706c00000| Untracked 
|  55|0x0000000706e00000, 0x0000000707000000, 0x0000000707000000|100%| O|  |TAMS 0x0000000707000000, 0x0000000706e00000| Untracked 
|  56|0x0000000707000000, 0x0000000707200000, 0x0000000707200000|100%| O|  |TAMS 0x0000000707200000, 0x0000000707000000| Untracked 
|  57|0x0000000707200000, 0x00000007073ffff8, 0x0000000707400000| 99%| O|  |TAMS 0x00000007073ffff8, 0x0000000707200000| Untracked 
|  58|0x0000000707400000, 0x0000000707600000, 0x0000000707600000|100%| O|  |TAMS 0x0000000707600000, 0x0000000707400000| Untracked 
|  59|0x0000000707600000, 0x0000000707800000, 0x0000000707800000|100%|HS|  |TAMS 0x0000000707800000, 0x0000000707600000| Complete 
|  60|0x0000000707800000, 0x0000000707a00000, 0x0000000707a00000|100%|HS|  |TAMS 0x0000000707a00000, 0x0000000707800000| Complete 
|  61|0x0000000707a00000, 0x0000000707c00000, 0x0000000707c00000|100%| O|  |TAMS 0x0000000707c00000, 0x0000000707a00000| Untracked 
|  62|0x0000000707c00000, 0x0000000707e00000, 0x0000000707e00000|100%| O|  |TAMS 0x0000000707e00000, 0x0000000707c00000| Untracked 
|  63|0x0000000707e00000, 0x0000000708000000, 0x0000000708000000|100%| O|  |TAMS 0x0000000708000000, 0x0000000707e00000| Untracked 
|  64|0x0000000708000000, 0x0000000708200000, 0x0000000708200000|100%| O|  |TAMS 0x0000000708200000, 0x0000000708000000| Untracked 
|  65|0x0000000708200000, 0x0000000708200000, 0x0000000708400000|  0%| F|  |TAMS 0x0000000708200000, 0x0000000708200000| Untracked 
|  66|0x0000000708400000, 0x0000000708600000, 0x0000000708600000|100%| O|  |TAMS 0x0000000708600000, 0x0000000708400000| Untracked 
|  67|0x0000000708600000, 0x0000000708800000, 0x0000000708800000|100%| O|  |TAMS 0x0000000708800000, 0x0000000708600000| Untracked 
|  68|0x0000000708800000, 0x0000000708a00000, 0x0000000708a00000|100%| O|  |TAMS 0x0000000708a00000, 0x0000000708800000| Untracked 
|  69|0x0000000708a00000, 0x0000000708c00000, 0x0000000708c00000|100%| O|  |TAMS 0x0000000708c00000, 0x0000000708a00000| Untracked 
|  70|0x0000000708c00000, 0x0000000708e00000, 0x0000000708e00000|100%| O|  |TAMS 0x0000000708e00000, 0x0000000708c00000| Untracked 
|  71|0x0000000708e00000, 0x0000000709000000, 0x0000000709000000|100%| O|  |TAMS 0x0000000709000000, 0x0000000708e00000| Untracked 
|  72|0x0000000709000000, 0x0000000709200000, 0x0000000709200000|100%| O|  |TAMS 0x0000000709200000, 0x0000000709000000| Untracked 
|  73|0x0000000709200000, 0x0000000709400000, 0x0000000709400000|100%| O|  |TAMS 0x0000000709400000, 0x0000000709200000| Untracked 
|  74|0x0000000709400000, 0x0000000709600000, 0x0000000709600000|100%| O|  |TAMS 0x0000000709600000, 0x0000000709400000| Untracked 
|  75|0x0000000709600000, 0x0000000709800000, 0x0000000709800000|100%| O|  |TAMS 0x0000000709800000, 0x0000000709600000| Untracked 
|  76|0x0000000709800000, 0x0000000709a00000, 0x0000000709a00000|100%| O|  |TAMS 0x0000000709a00000, 0x0000000709800000| Untracked 
|  77|0x0000000709a00000, 0x0000000709c00000, 0x0000000709c00000|100%| O|  |TAMS 0x0000000709c00000, 0x0000000709a00000| Untracked 
|  78|0x0000000709c00000, 0x0000000709e00000, 0x0000000709e00000|100%| O|  |TAMS 0x0000000709e00000, 0x0000000709c00000| Untracked 
|  79|0x0000000709e00000, 0x000000070a000000, 0x000000070a000000|100%| O|  |TAMS 0x000000070a000000, 0x0000000709e00000| Untracked 
|  80|0x000000070a000000, 0x000000070a200000, 0x000000070a200000|100%| O|  |TAMS 0x000000070a200000, 0x000000070a000000| Untracked 
|  81|0x000000070a200000, 0x000000070a400000, 0x000000070a400000|100%| O|  |TAMS 0x000000070a400000, 0x000000070a200000| Untracked 
|  82|0x000000070a400000, 0x000000070a600000, 0x000000070a600000|100%| O|  |TAMS 0x000000070a600000, 0x000000070a400000| Untracked 
|  83|0x000000070a600000, 0x000000070a800000, 0x000000070a800000|100%| O|  |TAMS 0x000000070a800000, 0x000000070a600000| Untracked 
|  84|0x000000070a800000, 0x000000070aa00000, 0x000000070aa00000|100%| O|  |TAMS 0x000000070aa00000, 0x000000070a800000| Untracked 
|  85|0x000000070aa00000, 0x000000070ac00000, 0x000000070ac00000|100%| O|  |TAMS 0x000000070ac00000, 0x000000070aa00000| Untracked 
|  86|0x000000070ac00000, 0x000000070ae00000, 0x000000070ae00000|100%| O|  |TAMS 0x000000070ae00000, 0x000000070ac00000| Untracked 
|  87|0x000000070ae00000, 0x000000070b000000, 0x000000070b000000|100%| O|  |TAMS 0x000000070b000000, 0x000000070ae00000| Untracked 
|  88|0x000000070b000000, 0x000000070b200000, 0x000000070b200000|100%| O|  |TAMS 0x000000070b200000, 0x000000070b000000| Untracked 
|  89|0x000000070b200000, 0x000000070b400000, 0x000000070b400000|100%| O|  |TAMS 0x000000070b400000, 0x000000070b200000| Untracked 
|  90|0x000000070b400000, 0x000000070b600000, 0x000000070b600000|100%| O|  |TAMS 0x000000070b600000, 0x000000070b400000| Untracked 
|  91|0x000000070b600000, 0x000000070b800000, 0x000000070b800000|100%| O|  |TAMS 0x000000070b800000, 0x000000070b600000| Untracked 
|  92|0x000000070b800000, 0x000000070ba00000, 0x000000070ba00000|100%| O|  |TAMS 0x000000070ba00000, 0x000000070b800000| Untracked 
|  93|0x000000070ba00000, 0x000000070bc00000, 0x000000070bc00000|100%| O|  |TAMS 0x000000070bc00000, 0x000000070ba00000| Untracked 
|  94|0x000000070bc00000, 0x000000070be00000, 0x000000070be00000|100%| O|  |TAMS 0x000000070be00000, 0x000000070bc00000| Untracked 
|  95|0x000000070be00000, 0x000000070c000000, 0x000000070c000000|100%| O|  |TAMS 0x000000070c000000, 0x000000070be00000| Untracked 
|  96|0x000000070c000000, 0x000000070c200000, 0x000000070c200000|100%| O|  |TAMS 0x000000070c200000, 0x000000070c000000| Untracked 
|  97|0x000000070c200000, 0x000000070c400000, 0x000000070c400000|100%| O|  |TAMS 0x000000070c400000, 0x000000070c200000| Untracked 
|  98|0x000000070c400000, 0x000000070c600000, 0x000000070c600000|100%| O|  |TAMS 0x000000070c600000, 0x000000070c400000| Untracked 
|  99|0x000000070c600000, 0x000000070c800000, 0x000000070c800000|100%| O|  |TAMS 0x000000070c800000, 0x000000070c600000| Untracked 
| 100|0x000000070c800000, 0x000000070ca00000, 0x000000070ca00000|100%| O|  |TAMS 0x000000070ca00000, 0x000000070c800000| Untracked 
| 101|0x000000070ca00000, 0x000000070cc00000, 0x000000070cc00000|100%| O|  |TAMS 0x000000070cc00000, 0x000000070ca00000| Untracked 
| 102|0x000000070cc00000, 0x000000070ce00000, 0x000000070ce00000|100%| O|  |TAMS 0x000000070ce00000, 0x000000070cc00000| Untracked 
| 103|0x000000070ce00000, 0x000000070d000000, 0x000000070d000000|100%| O|  |TAMS 0x000000070d000000, 0x000000070ce00000| Untracked 
| 104|0x000000070d000000, 0x000000070d200000, 0x000000070d200000|100%| O|  |TAMS 0x000000070d200000, 0x000000070d000000| Untracked 
| 105|0x000000070d200000, 0x000000070d400000, 0x000000070d400000|100%| O|  |TAMS 0x000000070d400000, 0x000000070d200000| Untracked 
| 106|0x000000070d400000, 0x000000070d600000, 0x000000070d600000|100%| O|  |TAMS 0x000000070d600000, 0x000000070d400000| Untracked 
| 107|0x000000070d600000, 0x000000070d800000, 0x000000070d800000|100%| O|  |TAMS 0x000000070d800000, 0x000000070d600000| Untracked 
| 108|0x000000070d800000, 0x000000070da00000, 0x000000070da00000|100%| O|  |TAMS 0x000000070da00000, 0x000000070d800000| Untracked 
| 109|0x000000070da00000, 0x000000070dc00000, 0x000000070dc00000|100%| O|  |TAMS 0x000000070dc00000, 0x000000070da00000| Untracked 
| 110|0x000000070dc00000, 0x000000070de00000, 0x000000070de00000|100%| O|  |TAMS 0x000000070de00000, 0x000000070dc00000| Untracked 
| 111|0x000000070de00000, 0x000000070e000000, 0x000000070e000000|100%| O|  |TAMS 0x000000070e000000, 0x000000070de00000| Untracked 
| 112|0x000000070e000000, 0x000000070e200000, 0x000000070e200000|100%| O|  |TAMS 0x000000070e200000, 0x000000070e000000| Untracked 
| 113|0x000000070e200000, 0x000000070e400000, 0x000000070e400000|100%| O|  |TAMS 0x000000070e400000, 0x000000070e200000| Untracked 
| 114|0x000000070e400000, 0x000000070e600000, 0x000000070e600000|100%| O|  |TAMS 0x000000070e600000, 0x000000070e400000| Untracked 
| 115|0x000000070e600000, 0x000000070e800000, 0x000000070e800000|100%| O|  |TAMS 0x000000070e800000, 0x000000070e600000| Untracked 
| 116|0x000000070e800000, 0x000000070ea00000, 0x000000070ea00000|100%| O|  |TAMS 0x000000070ea00000, 0x000000070e800000| Untracked 
| 117|0x000000070ea00000, 0x000000070ec00000, 0x000000070ec00000|100%| O|  |TAMS 0x000000070ec00000, 0x000000070ea00000| Untracked 
| 118|0x000000070ec00000, 0x000000070ee00000, 0x000000070ee00000|100%| O|  |TAMS 0x000000070ee00000, 0x000000070ec00000| Untracked 
| 119|0x000000070ee00000, 0x000000070f000000, 0x000000070f000000|100%| O|  |TAMS 0x000000070f000000, 0x000000070ee00000| Untracked 
| 120|0x000000070f000000, 0x000000070f200000, 0x000000070f200000|100%| O|  |TAMS 0x000000070f200000, 0x000000070f000000| Untracked 
| 121|0x000000070f200000, 0x000000070f400000, 0x000000070f400000|100%| O|  |TAMS 0x000000070f400000, 0x000000070f200000| Untracked 
| 122|0x000000070f400000, 0x000000070f600000, 0x000000070f600000|100%| O|  |TAMS 0x000000070f600000, 0x000000070f400000| Untracked 
| 123|0x000000070f600000, 0x000000070f800000, 0x000000070f800000|100%| O|  |TAMS 0x000000070f800000, 0x000000070f600000| Untracked 
| 124|0x000000070f800000, 0x000000070fa00000, 0x000000070fa00000|100%| O|  |TAMS 0x000000070fa00000, 0x000000070f800000| Untracked 
| 125|0x000000070fa00000, 0x000000070fc00000, 0x000000070fc00000|100%| O|  |TAMS 0x000000070fc00000, 0x000000070fa00000| Untracked 
| 126|0x000000070fc00000, 0x000000070fe00000, 0x000000070fe00000|100%| O|  |TAMS 0x000000070fe00000, 0x000000070fc00000| Untracked 
| 127|0x000000070fe00000, 0x0000000710000000, 0x0000000710000000|100%| O|  |TAMS 0x0000000710000000, 0x000000070fe00000| Untracked 
| 128|0x0000000710000000, 0x0000000710200000, 0x0000000710200000|100%| O|  |TAMS 0x0000000710200000, 0x0000000710000000| Untracked 
| 129|0x0000000710200000, 0x0000000710400000, 0x0000000710400000|100%| O|  |TAMS 0x0000000710400000, 0x0000000710200000| Untracked 
| 130|0x0000000710400000, 0x0000000710600000, 0x0000000710600000|100%| O|  |TAMS 0x0000000710600000, 0x0000000710400000| Untracked 
| 131|0x0000000710600000, 0x0000000710800000, 0x0000000710800000|100%| O|  |TAMS 0x0000000710800000, 0x0000000710600000| Untracked 
| 132|0x0000000710800000, 0x0000000710a00000, 0x0000000710a00000|100%| O|  |TAMS 0x0000000710a00000, 0x0000000710800000| Untracked 
| 133|0x0000000710a00000, 0x0000000710c00000, 0x0000000710c00000|100%| O|  |TAMS 0x0000000710c00000, 0x0000000710a00000| Untracked 
| 134|0x0000000710c00000, 0x0000000710e00000, 0x0000000710e00000|100%| O|  |TAMS 0x0000000710e00000, 0x0000000710c00000| Untracked 
| 135|0x0000000710e00000, 0x0000000711000000, 0x0000000711000000|100%| O|  |TAMS 0x0000000711000000, 0x0000000710e00000| Untracked 
| 136|0x0000000711000000, 0x0000000711200000, 0x0000000711200000|100%| O|  |TAMS 0x0000000711200000, 0x0000000711000000| Untracked 
| 137|0x0000000711200000, 0x0000000711400000, 0x0000000711400000|100%| O|  |TAMS 0x0000000711400000, 0x0000000711200000| Untracked 
| 138|0x0000000711400000, 0x0000000711600000, 0x0000000711600000|100%| O|  |TAMS 0x0000000711600000, 0x0000000711400000| Untracked 
| 139|0x0000000711600000, 0x0000000711800000, 0x0000000711800000|100%| O|  |TAMS 0x0000000711800000, 0x0000000711600000| Untracked 
| 140|0x0000000711800000, 0x0000000711a00000, 0x0000000711a00000|100%| O|  |TAMS 0x0000000711a00000, 0x0000000711800000| Untracked 
| 141|0x0000000711a00000, 0x0000000711c00000, 0x0000000711c00000|100%| O|  |TAMS 0x0000000711c00000, 0x0000000711a00000| Untracked 
| 142|0x0000000711c00000, 0x0000000711e00000, 0x0000000711e00000|100%| O|  |TAMS 0x0000000711e00000, 0x0000000711c00000| Untracked 
| 143|0x0000000711e00000, 0x0000000712000000, 0x0000000712000000|100%| O|  |TAMS 0x0000000712000000, 0x0000000711e00000| Untracked 
| 144|0x0000000712000000, 0x0000000712200000, 0x0000000712200000|100%| O|  |TAMS 0x0000000712200000, 0x0000000712000000| Untracked 
| 145|0x0000000712200000, 0x0000000712400000, 0x0000000712400000|100%| O|  |TAMS 0x0000000712400000, 0x0000000712200000| Untracked 
| 146|0x0000000712400000, 0x0000000712600000, 0x0000000712600000|100%| O|  |TAMS 0x0000000712600000, 0x0000000712400000| Untracked 
| 147|0x0000000712600000, 0x0000000712800000, 0x0000000712800000|100%| O|  |TAMS 0x0000000712800000, 0x0000000712600000| Untracked 
| 148|0x0000000712800000, 0x0000000712a00000, 0x0000000712a00000|100%| O|  |TAMS 0x0000000712a00000, 0x0000000712800000| Untracked 
| 149|0x0000000712a00000, 0x0000000712c00000, 0x0000000712c00000|100%| O|  |TAMS 0x0000000712c00000, 0x0000000712a00000| Untracked 
| 150|0x0000000712c00000, 0x0000000712e00000, 0x0000000712e00000|100%| O|  |TAMS 0x0000000712e00000, 0x0000000712c00000| Untracked 
| 151|0x0000000712e00000, 0x0000000713000000, 0x0000000713000000|100%| O|  |TAMS 0x0000000713000000, 0x0000000712e00000| Untracked 
| 152|0x0000000713000000, 0x0000000713200000, 0x0000000713200000|100%| O|  |TAMS 0x0000000713200000, 0x0000000713000000| Untracked 
| 153|0x0000000713200000, 0x0000000713400000, 0x0000000713400000|100%| O|  |TAMS 0x0000000713400000, 0x0000000713200000| Untracked 
| 154|0x0000000713400000, 0x0000000713600000, 0x0000000713600000|100%| O|  |TAMS 0x0000000713600000, 0x0000000713400000| Untracked 
| 155|0x0000000713600000, 0x0000000713800000, 0x0000000713800000|100%| O|  |TAMS 0x0000000713800000, 0x0000000713600000| Untracked 
| 156|0x0000000713800000, 0x0000000713a00000, 0x0000000713a00000|100%| O|  |TAMS 0x0000000713a00000, 0x0000000713800000| Untracked 
| 157|0x0000000713a00000, 0x0000000713c00000, 0x0000000713c00000|100%| O|  |TAMS 0x0000000713c00000, 0x0000000713a00000| Untracked 
| 158|0x0000000713c00000, 0x0000000713e00000, 0x0000000713e00000|100%| O|  |TAMS 0x0000000713e00000, 0x0000000713c00000| Untracked 
| 159|0x0000000713e00000, 0x0000000714000000, 0x0000000714000000|100%| O|  |TAMS 0x0000000714000000, 0x0000000713e00000| Untracked 
| 160|0x0000000714000000, 0x0000000714200000, 0x0000000714200000|100%| O|  |TAMS 0x0000000714200000, 0x0000000714000000| Untracked 
| 161|0x0000000714200000, 0x0000000714400000, 0x0000000714400000|100%| O|  |TAMS 0x0000000714400000, 0x0000000714200000| Untracked 
| 162|0x0000000714400000, 0x0000000714600000, 0x0000000714600000|100%| O|  |TAMS 0x0000000714600000, 0x0000000714400000| Untracked 
| 163|0x0000000714600000, 0x0000000714800000, 0x0000000714800000|100%| O|  |TAMS 0x0000000714800000, 0x0000000714600000| Untracked 
| 164|0x0000000714800000, 0x0000000714a00000, 0x0000000714a00000|100%| O|  |TAMS 0x0000000714a00000, 0x0000000714800000| Untracked 
| 165|0x0000000714a00000, 0x0000000714c00000, 0x0000000714c00000|100%| O|  |TAMS 0x0000000714c00000, 0x0000000714a00000| Untracked 
| 166|0x0000000714c00000, 0x0000000714e00000, 0x0000000714e00000|100%| O|  |TAMS 0x0000000714e00000, 0x0000000714c00000| Untracked 
| 167|0x0000000714e00000, 0x0000000715000000, 0x0000000715000000|100%| O|  |TAMS 0x0000000715000000, 0x0000000714e00000| Untracked 
| 168|0x0000000715000000, 0x0000000715200000, 0x0000000715200000|100%| O|  |TAMS 0x0000000715200000, 0x0000000715000000| Untracked 
| 169|0x0000000715200000, 0x0000000715400000, 0x0000000715400000|100%| O|  |TAMS 0x0000000715200000, 0x0000000715200000| Untracked 
| 170|0x0000000715400000, 0x0000000715400000, 0x0000000715600000|  0%| F|  |TAMS 0x0000000715400000, 0x0000000715400000| Untracked 
| 171|0x0000000715600000, 0x0000000715800000, 0x0000000715800000|100%| O|  |TAMS 0x0000000715800000, 0x0000000715600000| Untracked 
| 172|0x0000000715800000, 0x0000000715a00000, 0x0000000715a00000|100%| O|  |TAMS 0x0000000715a00000, 0x0000000715800000| Untracked 
| 173|0x0000000715a00000, 0x0000000715a00000, 0x0000000715c00000|  0%| F|  |TAMS 0x0000000715a00000, 0x0000000715a00000| Untracked 
| 174|0x0000000715c00000, 0x0000000715e00000, 0x0000000715e00000|100%| O|  |TAMS 0x0000000715e00000, 0x0000000715c00000| Untracked 
| 175|0x0000000715e00000, 0x0000000716000000, 0x0000000716000000|100%| O|  |TAMS 0x0000000716000000, 0x0000000715e00000| Untracked 
| 176|0x0000000716000000, 0x0000000716200000, 0x0000000716200000|100%| O|  |TAMS 0x0000000716200000, 0x0000000716000000| Untracked 
| 177|0x0000000716200000, 0x0000000716400000, 0x0000000716400000|100%| O|  |TAMS 0x0000000716400000, 0x0000000716200000| Untracked 
| 178|0x0000000716400000, 0x0000000716600000, 0x0000000716600000|100%| O|  |TAMS 0x0000000716400000, 0x0000000716400000| Untracked 
| 179|0x0000000716600000, 0x0000000716800000, 0x0000000716800000|100%| O|  |TAMS 0x0000000716600000, 0x0000000716600000| Untracked 
| 180|0x0000000716800000, 0x0000000716a00000, 0x0000000716a00000|100%| O|  |TAMS 0x0000000716800000, 0x0000000716800000| Untracked 
| 181|0x0000000716a00000, 0x0000000716c00000, 0x0000000716c00000|100%| O|  |TAMS 0x0000000716a00000, 0x0000000716a00000| Untracked 
| 182|0x0000000716c00000, 0x0000000716c00000, 0x0000000716e00000|  0%| F|  |TAMS 0x0000000716c00000, 0x0000000716c00000| Untracked 
| 183|0x0000000716e00000, 0x0000000716e00000, 0x0000000717000000|  0%| F|  |TAMS 0x0000000716e00000, 0x0000000716e00000| Untracked 
| 184|0x0000000717000000, 0x0000000717200000, 0x0000000717200000|100%| O|  |TAMS 0x0000000717200000, 0x0000000717000000| Untracked 
| 185|0x0000000717200000, 0x0000000717400000, 0x0000000717400000|100%| O|  |TAMS 0x0000000717400000, 0x0000000717200000| Untracked 
| 186|0x0000000717400000, 0x0000000717600000, 0x0000000717600000|100%| O|  |TAMS 0x0000000717600000, 0x0000000717400000| Untracked 
| 187|0x0000000717600000, 0x0000000717800000, 0x0000000717800000|100%| O|  |TAMS 0x0000000717800000, 0x0000000717600000| Untracked 
| 188|0x0000000717800000, 0x0000000717800000, 0x0000000717a00000|  0%| F|  |TAMS 0x0000000717800000, 0x0000000717800000| Untracked 
| 189|0x0000000717a00000, 0x0000000717a00000, 0x0000000717c00000|  0%| F|  |TAMS 0x0000000717a00000, 0x0000000717a00000| Untracked 
| 190|0x0000000717c00000, 0x0000000717c00000, 0x0000000717e00000|  0%| F|  |TAMS 0x0000000717c00000, 0x0000000717c00000| Untracked 
| 191|0x0000000717e00000, 0x0000000717e00000, 0x0000000718000000|  0%| F|  |TAMS 0x0000000717e00000, 0x0000000717e00000| Untracked 
| 192|0x0000000718000000, 0x0000000718000000, 0x0000000718200000|  0%| F|  |TAMS 0x0000000718000000, 0x0000000718000000| Untracked 
| 193|0x0000000718200000, 0x0000000718200000, 0x0000000718400000|  0%| F|  |TAMS 0x0000000718200000, 0x0000000718200000| Untracked 
| 194|0x0000000718400000, 0x0000000718600000, 0x0000000718600000|100%| O|  |TAMS 0x0000000718400000, 0x0000000718400000| Untracked 
| 195|0x0000000718600000, 0x0000000718600000, 0x0000000718800000|  0%| F|  |TAMS 0x0000000718600000, 0x0000000718600000| Untracked 
| 196|0x0000000718800000, 0x0000000718a00000, 0x0000000718a00000|100%| O|  |TAMS 0x0000000718800000, 0x0000000718800000| Untracked 
| 197|0x0000000718a00000, 0x0000000718c00000, 0x0000000718c00000|100%| O|  |TAMS 0x0000000718a00000, 0x0000000718a00000| Untracked 
| 198|0x0000000718c00000, 0x0000000718e00000, 0x0000000718e00000|100%| O|  |TAMS 0x0000000718c00000, 0x0000000718c00000| Untracked 
| 199|0x0000000718e00000, 0x0000000719000000, 0x0000000719000000|100%| O|  |TAMS 0x0000000718e00000, 0x0000000718e00000| Untracked 
| 200|0x0000000719000000, 0x0000000719200000, 0x0000000719200000|100%| O|  |TAMS 0x0000000719000000, 0x0000000719000000| Untracked 
| 201|0x0000000719200000, 0x0000000719400000, 0x0000000719400000|100%| O|  |TAMS 0x0000000719400000, 0x0000000719200000| Untracked 
| 202|0x0000000719400000, 0x0000000719400000, 0x0000000719600000|  0%| F|  |TAMS 0x0000000719400000, 0x0000000719400000| Untracked 
| 203|0x0000000719600000, 0x0000000719600000, 0x0000000719800000|  0%| F|  |TAMS 0x0000000719600000, 0x0000000719600000| Untracked 
| 204|0x0000000719800000, 0x0000000719a00000, 0x0000000719a00000|100%|HS|  |TAMS 0x0000000719a00000, 0x0000000719800000| Complete 
| 205|0x0000000719a00000, 0x0000000719c00000, 0x0000000719c00000|100%| O|  |TAMS 0x0000000719c00000, 0x0000000719a00000| Untracked 
| 206|0x0000000719c00000, 0x0000000719e00000, 0x0000000719e00000|100%| O|  |TAMS 0x0000000719e00000, 0x0000000719c00000| Untracked 
| 207|0x0000000719e00000, 0x0000000719e00000, 0x000000071a000000|  0%| F|  |TAMS 0x0000000719e00000, 0x0000000719e00000| Untracked 
| 208|0x000000071a000000, 0x000000071a200000, 0x000000071a200000|100%| O|  |TAMS 0x000000071a200000, 0x000000071a000000| Untracked 
| 209|0x000000071a200000, 0x000000071a400000, 0x000000071a400000|100%| O|  |TAMS 0x000000071a400000, 0x000000071a200000| Untracked 
| 210|0x000000071a400000, 0x000000071a600000, 0x000000071a600000|100%| O|  |TAMS 0x000000071a600000, 0x000000071a400000| Untracked 
| 211|0x000000071a600000, 0x000000071a800000, 0x000000071a800000|100%| O|  |TAMS 0x000000071a800000, 0x000000071a600000| Untracked 
| 212|0x000000071a800000, 0x000000071aa00000, 0x000000071aa00000|100%| O|  |TAMS 0x000000071aa00000, 0x000000071a800000| Untracked 
| 213|0x000000071aa00000, 0x000000071ac00000, 0x000000071ac00000|100%| O|  |TAMS 0x000000071ac00000, 0x000000071aa00000| Untracked 
| 214|0x000000071ac00000, 0x000000071ae00000, 0x000000071ae00000|100%| O|  |TAMS 0x000000071ae00000, 0x000000071ac00000| Untracked 
| 215|0x000000071ae00000, 0x000000071b000000, 0x000000071b000000|100%| O|  |TAMS 0x000000071b000000, 0x000000071ae00000| Untracked 
| 216|0x000000071b000000, 0x000000071b200000, 0x000000071b200000|100%| O|  |TAMS 0x000000071b200000, 0x000000071b000000| Untracked 
| 217|0x000000071b200000, 0x000000071b400000, 0x000000071b400000|100%| O|  |TAMS 0x000000071b400000, 0x000000071b200000| Untracked 
| 218|0x000000071b400000, 0x000000071b600000, 0x000000071b600000|100%| O|  |TAMS 0x000000071b600000, 0x000000071b400000| Untracked 
| 219|0x000000071b600000, 0x000000071b800000, 0x000000071b800000|100%| O|  |TAMS 0x000000071b800000, 0x000000071b600000| Untracked 
| 220|0x000000071b800000, 0x000000071ba00000, 0x000000071ba00000|100%| O|  |TAMS 0x000000071ba00000, 0x000000071b800000| Untracked 
| 221|0x000000071ba00000, 0x000000071bc00000, 0x000000071bc00000|100%| O|  |TAMS 0x000000071bc00000, 0x000000071ba00000| Untracked 
| 222|0x000000071bc00000, 0x000000071be00000, 0x000000071be00000|100%| O|  |TAMS 0x000000071be00000, 0x000000071bc00000| Untracked 
| 223|0x000000071be00000, 0x000000071c000000, 0x000000071c000000|100%| O|  |TAMS 0x000000071c000000, 0x000000071be00000| Untracked 
| 224|0x000000071c000000, 0x000000071c200000, 0x000000071c200000|100%| O|  |TAMS 0x000000071c200000, 0x000000071c000000| Untracked 
| 225|0x000000071c200000, 0x000000071c400000, 0x000000071c400000|100%| O|  |TAMS 0x000000071c400000, 0x000000071c200000| Untracked 
| 226|0x000000071c400000, 0x000000071c600000, 0x000000071c600000|100%| O|  |TAMS 0x000000071c600000, 0x000000071c400000| Untracked 
| 227|0x000000071c600000, 0x000000071c800000, 0x000000071c800000|100%| O|  |TAMS 0x000000071c800000, 0x000000071c600000| Untracked 
| 228|0x000000071c800000, 0x000000071ca00000, 0x000000071ca00000|100%| O|  |TAMS 0x000000071ca00000, 0x000000071c800000| Untracked 
| 229|0x000000071ca00000, 0x000000071cc00000, 0x000000071cc00000|100%| O|  |TAMS 0x000000071cc00000, 0x000000071ca00000| Untracked 
| 230|0x000000071cc00000, 0x000000071ce00000, 0x000000071ce00000|100%| O|  |TAMS 0x000000071ce00000, 0x000000071cc00000| Untracked 
| 231|0x000000071ce00000, 0x000000071d000000, 0x000000071d000000|100%| O|  |TAMS 0x000000071d000000, 0x000000071ce00000| Untracked 
| 232|0x000000071d000000, 0x000000071d200000, 0x000000071d200000|100%| O|  |TAMS 0x000000071d200000, 0x000000071d000000| Untracked 
| 233|0x000000071d200000, 0x000000071d400000, 0x000000071d400000|100%| O|  |TAMS 0x000000071d400000, 0x000000071d200000| Untracked 
| 234|0x000000071d400000, 0x000000071d600000, 0x000000071d600000|100%| O|  |TAMS 0x000000071d600000, 0x000000071d400000| Untracked 
| 235|0x000000071d600000, 0x000000071d800000, 0x000000071d800000|100%| O|  |TAMS 0x000000071d800000, 0x000000071d600000| Untracked 
| 236|0x000000071d800000, 0x000000071da00000, 0x000000071da00000|100%| O|  |TAMS 0x000000071da00000, 0x000000071d800000| Untracked 
| 237|0x000000071da00000, 0x000000071dc00000, 0x000000071dc00000|100%| O|  |TAMS 0x000000071dc00000, 0x000000071da00000| Untracked 
| 238|0x000000071dc00000, 0x000000071de00000, 0x000000071de00000|100%| O|  |TAMS 0x000000071de00000, 0x000000071dc00000| Untracked 
| 239|0x000000071de00000, 0x000000071e000000, 0x000000071e000000|100%| O|  |TAMS 0x000000071e000000, 0x000000071de00000| Untracked 
| 240|0x000000071e000000, 0x000000071e200000, 0x000000071e200000|100%| O|  |TAMS 0x000000071e200000, 0x000000071e000000| Untracked 
| 241|0x000000071e200000, 0x000000071e400000, 0x000000071e400000|100%| O|  |TAMS 0x000000071e400000, 0x000000071e200000| Untracked 
| 242|0x000000071e400000, 0x000000071e600000, 0x000000071e600000|100%| O|  |TAMS 0x000000071e600000, 0x000000071e400000| Untracked 
| 243|0x000000071e600000, 0x000000071e800000, 0x000000071e800000|100%| O|  |TAMS 0x000000071e800000, 0x000000071e600000| Untracked 
| 244|0x000000071e800000, 0x000000071ea00000, 0x000000071ea00000|100%| O|  |TAMS 0x000000071ea00000, 0x000000071e800000| Untracked 
| 245|0x000000071ea00000, 0x000000071ec00000, 0x000000071ec00000|100%| O|  |TAMS 0x000000071ec00000, 0x000000071ea00000| Untracked 
| 246|0x000000071ec00000, 0x000000071ee00000, 0x000000071ee00000|100%| O|  |TAMS 0x000000071ee00000, 0x000000071ec00000| Untracked 
| 247|0x000000071ee00000, 0x000000071f000000, 0x000000071f000000|100%| O|  |TAMS 0x000000071f000000, 0x000000071ee00000| Untracked 
| 248|0x000000071f000000, 0x000000071f200000, 0x000000071f200000|100%| O|  |TAMS 0x000000071f200000, 0x000000071f000000| Untracked 
| 249|0x000000071f200000, 0x000000071f400000, 0x000000071f400000|100%| O|  |TAMS 0x000000071f400000, 0x000000071f200000| Untracked 
| 250|0x000000071f400000, 0x000000071f600000, 0x000000071f600000|100%| O|  |TAMS 0x000000071f600000, 0x000000071f400000| Untracked 
| 251|0x000000071f600000, 0x000000071f800000, 0x000000071f800000|100%| O|  |TAMS 0x000000071f800000, 0x000000071f600000| Untracked 
| 252|0x000000071f800000, 0x000000071fa00000, 0x000000071fa00000|100%| O|  |TAMS 0x000000071fa00000, 0x000000071f800000| Untracked 
| 253|0x000000071fa00000, 0x000000071fc00000, 0x000000071fc00000|100%| O|  |TAMS 0x000000071fc00000, 0x000000071fa00000| Untracked 
| 254|0x000000071fc00000, 0x000000071fe00000, 0x000000071fe00000|100%| O|  |TAMS 0x000000071fe00000, 0x000000071fc00000| Untracked 
| 255|0x000000071fe00000, 0x0000000720000000, 0x0000000720000000|100%| O|  |TAMS 0x0000000720000000, 0x000000071fe00000| Untracked 
| 256|0x0000000720000000, 0x0000000720200000, 0x0000000720200000|100%| O|  |TAMS 0x0000000720200000, 0x0000000720000000| Untracked 
| 257|0x0000000720200000, 0x0000000720400000, 0x0000000720400000|100%| O|  |TAMS 0x0000000720400000, 0x0000000720200000| Untracked 
| 258|0x0000000720400000, 0x0000000720600000, 0x0000000720600000|100%| O|  |TAMS 0x0000000720600000, 0x0000000720400000| Untracked 
| 259|0x0000000720600000, 0x0000000720800000, 0x0000000720800000|100%| O|  |TAMS 0x0000000720800000, 0x0000000720600000| Untracked 
| 260|0x0000000720800000, 0x0000000720a00000, 0x0000000720a00000|100%| O|  |TAMS 0x0000000720a00000, 0x0000000720800000| Untracked 
| 261|0x0000000720a00000, 0x0000000720c00000, 0x0000000720c00000|100%| O|  |TAMS 0x0000000720c00000, 0x0000000720a00000| Untracked 
| 262|0x0000000720c00000, 0x0000000720e00000, 0x0000000720e00000|100%| O|  |TAMS 0x0000000720e00000, 0x0000000720c00000| Untracked 
| 263|0x0000000720e00000, 0x0000000721000000, 0x0000000721000000|100%| O|  |TAMS 0x0000000721000000, 0x0000000720e00000| Untracked 
| 264|0x0000000721000000, 0x0000000721200000, 0x0000000721200000|100%| O|  |TAMS 0x0000000721200000, 0x0000000721000000| Untracked 
| 265|0x0000000721200000, 0x0000000721400000, 0x0000000721400000|100%| O|  |TAMS 0x0000000721400000, 0x0000000721200000| Untracked 
| 266|0x0000000721400000, 0x0000000721600000, 0x0000000721600000|100%| O|  |TAMS 0x0000000721600000, 0x0000000721400000| Untracked 
| 267|0x0000000721600000, 0x0000000721800000, 0x0000000721800000|100%| O|  |TAMS 0x0000000721800000, 0x0000000721600000| Untracked 
| 268|0x0000000721800000, 0x0000000721a00000, 0x0000000721a00000|100%| O|  |TAMS 0x0000000721a00000, 0x0000000721800000| Untracked 
| 269|0x0000000721a00000, 0x0000000721c00000, 0x0000000721c00000|100%| O|  |TAMS 0x0000000721c00000, 0x0000000721a00000| Untracked 
| 270|0x0000000721c00000, 0x0000000721e00000, 0x0000000721e00000|100%| O|  |TAMS 0x0000000721e00000, 0x0000000721c00000| Untracked 
| 271|0x0000000721e00000, 0x0000000722000000, 0x0000000722000000|100%| O|  |TAMS 0x0000000722000000, 0x0000000721e00000| Untracked 
| 272|0x0000000722000000, 0x0000000722200000, 0x0000000722200000|100%| O|  |TAMS 0x0000000722200000, 0x0000000722000000| Untracked 
| 273|0x0000000722200000, 0x0000000722400000, 0x0000000722400000|100%| O|  |TAMS 0x0000000722200000, 0x0000000722200000| Untracked 
| 274|0x0000000722400000, 0x0000000722600000, 0x0000000722600000|100%| O|  |TAMS 0x0000000722400000, 0x0000000722400000| Untracked 
| 275|0x0000000722600000, 0x0000000722800000, 0x0000000722800000|100%| O|  |TAMS 0x0000000722600000, 0x0000000722600000| Untracked 
| 276|0x0000000722800000, 0x0000000722a00000, 0x0000000722a00000|100%| O|  |TAMS 0x0000000722800000, 0x0000000722800000| Untracked 
| 277|0x0000000722a00000, 0x0000000722c00000, 0x0000000722c00000|100%| O|  |TAMS 0x0000000722a00000, 0x0000000722a00000| Untracked 
| 278|0x0000000722c00000, 0x0000000722e00000, 0x0000000722e00000|100%| O|  |TAMS 0x0000000722c00000, 0x0000000722c00000| Untracked 
| 279|0x0000000722e00000, 0x0000000723000000, 0x0000000723000000|100%| O|  |TAMS 0x0000000722e00000, 0x0000000722e00000| Untracked 
| 280|0x0000000723000000, 0x0000000723200000, 0x0000000723200000|100%| O|  |TAMS 0x0000000723000000, 0x0000000723000000| Untracked 
| 281|0x0000000723200000, 0x0000000723400000, 0x0000000723400000|100%| O|  |TAMS 0x0000000723200000, 0x0000000723200000| Untracked 
| 282|0x0000000723400000, 0x0000000723600000, 0x0000000723600000|100%| O|  |TAMS 0x0000000723400000, 0x0000000723400000| Untracked 
| 283|0x0000000723600000, 0x0000000723800000, 0x0000000723800000|100%| O|  |TAMS 0x0000000723600000, 0x0000000723600000| Untracked 
| 284|0x0000000723800000, 0x0000000723a00000, 0x0000000723a00000|100%| O|  |TAMS 0x0000000723800000, 0x0000000723800000| Untracked 
| 285|0x0000000723a00000, 0x0000000723c00000, 0x0000000723c00000|100%| O|  |TAMS 0x0000000723a00000, 0x0000000723a00000| Untracked 
| 286|0x0000000723c00000, 0x0000000723e00000, 0x0000000723e00000|100%| O|  |TAMS 0x0000000723c00000, 0x0000000723c00000| Untracked 
| 287|0x0000000723e00000, 0x0000000724000000, 0x0000000724000000|100%| O|  |TAMS 0x0000000723e00000, 0x0000000723e00000| Untracked 
| 288|0x0000000724000000, 0x0000000724200000, 0x0000000724200000|100%| O|  |TAMS 0x0000000724000000, 0x0000000724000000| Untracked 
| 289|0x0000000724200000, 0x0000000724400000, 0x0000000724400000|100%| O|  |TAMS 0x0000000724200000, 0x0000000724200000| Untracked 
| 290|0x0000000724400000, 0x0000000724600000, 0x0000000724600000|100%| O|  |TAMS 0x0000000724400000, 0x0000000724400000| Untracked 
| 291|0x0000000724600000, 0x0000000724800000, 0x0000000724800000|100%| O|  |TAMS 0x0000000724600000, 0x0000000724600000| Untracked 
| 292|0x0000000724800000, 0x0000000724a00000, 0x0000000724a00000|100%| O|  |TAMS 0x0000000724800000, 0x0000000724800000| Untracked 
| 293|0x0000000724a00000, 0x0000000724c00000, 0x0000000724c00000|100%| O|  |TAMS 0x0000000724a00000, 0x0000000724a00000| Untracked 
| 294|0x0000000724c00000, 0x0000000724e00000, 0x0000000724e00000|100%| O|  |TAMS 0x0000000724c00000, 0x0000000724c00000| Untracked 
| 295|0x0000000724e00000, 0x0000000724e00000, 0x0000000725000000|  0%| F|  |TAMS 0x0000000724e00000, 0x0000000724e00000| Untracked 
| 296|0x0000000725000000, 0x0000000725000000, 0x0000000725200000|  0%| F|  |TAMS 0x0000000725000000, 0x0000000725000000| Untracked 
| 297|0x0000000725200000, 0x0000000725200000, 0x0000000725400000|  0%| F|  |TAMS 0x0000000725200000, 0x0000000725200000| Untracked 
| 298|0x0000000725400000, 0x0000000725400000, 0x0000000725600000|  0%| F|  |TAMS 0x0000000725400000, 0x0000000725400000| Untracked 
| 299|0x0000000725600000, 0x0000000725600000, 0x0000000725800000|  0%| F|  |TAMS 0x0000000725600000, 0x0000000725600000| Untracked 
| 300|0x0000000725800000, 0x0000000725800000, 0x0000000725a00000|  0%| F|  |TAMS 0x0000000725800000, 0x0000000725800000| Untracked 
| 301|0x0000000725a00000, 0x0000000725a00000, 0x0000000725c00000|  0%| F|  |TAMS 0x0000000725a00000, 0x0000000725a00000| Untracked 
| 302|0x0000000725c00000, 0x0000000725c00000, 0x0000000725e00000|  0%| F|  |TAMS 0x0000000725c00000, 0x0000000725c00000| Untracked 
| 303|0x0000000725e00000, 0x0000000725e00000, 0x0000000726000000|  0%| F|  |TAMS 0x0000000725e00000, 0x0000000725e00000| Untracked 
| 304|0x0000000726000000, 0x0000000726000000, 0x0000000726200000|  0%| F|  |TAMS 0x0000000726000000, 0x0000000726000000| Untracked 
| 305|0x0000000726200000, 0x0000000726200000, 0x0000000726400000|  0%| F|  |TAMS 0x0000000726200000, 0x0000000726200000| Untracked 
| 306|0x0000000726400000, 0x0000000726400000, 0x0000000726600000|  0%| F|  |TAMS 0x0000000726400000, 0x0000000726400000| Untracked 
| 307|0x0000000726600000, 0x0000000726600000, 0x0000000726800000|  0%| F|  |TAMS 0x0000000726600000, 0x0000000726600000| Untracked 
| 308|0x0000000726800000, 0x0000000726800000, 0x0000000726a00000|  0%| F|  |TAMS 0x0000000726800000, 0x0000000726800000| Untracked 
| 309|0x0000000726a00000, 0x0000000726a00000, 0x0000000726c00000|  0%| F|  |TAMS 0x0000000726a00000, 0x0000000726a00000| Untracked 
| 310|0x0000000726c00000, 0x0000000726c00000, 0x0000000726e00000|  0%| F|  |TAMS 0x0000000726c00000, 0x0000000726c00000| Untracked 
| 311|0x0000000726e00000, 0x0000000726e00000, 0x0000000727000000|  0%| F|  |TAMS 0x0000000726e00000, 0x0000000726e00000| Untracked 
| 312|0x0000000727000000, 0x0000000727000000, 0x0000000727200000|  0%| F|  |TAMS 0x0000000727000000, 0x0000000727000000| Untracked 
| 313|0x0000000727200000, 0x0000000727200000, 0x0000000727400000|  0%| F|  |TAMS 0x0000000727200000, 0x0000000727200000| Untracked 
| 314|0x0000000727400000, 0x0000000727400000, 0x0000000727600000|  0%| F|  |TAMS 0x0000000727400000, 0x0000000727400000| Untracked 
| 315|0x0000000727600000, 0x0000000727600000, 0x0000000727800000|  0%| F|  |TAMS 0x0000000727600000, 0x0000000727600000| Untracked 
| 316|0x0000000727800000, 0x0000000727800000, 0x0000000727a00000|  0%| F|  |TAMS 0x0000000727800000, 0x0000000727800000| Untracked 
| 317|0x0000000727a00000, 0x0000000727a00000, 0x0000000727c00000|  0%| F|  |TAMS 0x0000000727a00000, 0x0000000727a00000| Untracked 
| 318|0x0000000727c00000, 0x0000000727c00000, 0x0000000727e00000|  0%| F|  |TAMS 0x0000000727c00000, 0x0000000727c00000| Untracked 
| 319|0x0000000727e00000, 0x0000000727e00000, 0x0000000728000000|  0%| F|  |TAMS 0x0000000727e00000, 0x0000000727e00000| Untracked 
| 320|0x0000000728000000, 0x0000000728000000, 0x0000000728200000|  0%| F|  |TAMS 0x0000000728000000, 0x0000000728000000| Untracked 
| 321|0x0000000728200000, 0x0000000728200000, 0x0000000728400000|  0%| F|  |TAMS 0x0000000728200000, 0x0000000728200000| Untracked 
| 322|0x0000000728400000, 0x0000000728400000, 0x0000000728600000|  0%| F|  |TAMS 0x0000000728400000, 0x0000000728400000| Untracked 
| 323|0x0000000728600000, 0x0000000728600000, 0x0000000728800000|  0%| F|  |TAMS 0x0000000728600000, 0x0000000728600000| Untracked 
| 324|0x0000000728800000, 0x0000000728800000, 0x0000000728a00000|  0%| F|  |TAMS 0x0000000728800000, 0x0000000728800000| Untracked 
| 325|0x0000000728a00000, 0x0000000728a00000, 0x0000000728c00000|  0%| F|  |TAMS 0x0000000728a00000, 0x0000000728a00000| Untracked 
| 326|0x0000000728c00000, 0x0000000728c00000, 0x0000000728e00000|  0%| F|  |TAMS 0x0000000728c00000, 0x0000000728c00000| Untracked 
| 327|0x0000000728e00000, 0x0000000728e00000, 0x0000000729000000|  0%| F|  |TAMS 0x0000000728e00000, 0x0000000728e00000| Untracked 
| 328|0x0000000729000000, 0x0000000729000000, 0x0000000729200000|  0%| F|  |TAMS 0x0000000729000000, 0x0000000729000000| Untracked 
| 329|0x0000000729200000, 0x0000000729200000, 0x0000000729400000|  0%| F|  |TAMS 0x0000000729200000, 0x0000000729200000| Untracked 
| 330|0x0000000729400000, 0x0000000729400000, 0x0000000729600000|  0%| F|  |TAMS 0x0000000729400000, 0x0000000729400000| Untracked 
| 331|0x0000000729600000, 0x0000000729600000, 0x0000000729800000|  0%| F|  |TAMS 0x0000000729600000, 0x0000000729600000| Untracked 
| 332|0x0000000729800000, 0x0000000729800000, 0x0000000729a00000|  0%| F|  |TAMS 0x0000000729800000, 0x0000000729800000| Untracked 
| 333|0x0000000729a00000, 0x0000000729a00000, 0x0000000729c00000|  0%| F|  |TAMS 0x0000000729a00000, 0x0000000729a00000| Untracked 
| 334|0x0000000729c00000, 0x0000000729c00000, 0x0000000729e00000|  0%| F|  |TAMS 0x0000000729c00000, 0x0000000729c00000| Untracked 
| 335|0x0000000729e00000, 0x0000000729e00000, 0x000000072a000000|  0%| F|  |TAMS 0x0000000729e00000, 0x0000000729e00000| Untracked 
| 336|0x000000072a000000, 0x000000072a000000, 0x000000072a200000|  0%| F|  |TAMS 0x000000072a000000, 0x000000072a000000| Untracked 
| 337|0x000000072a200000, 0x000000072a200000, 0x000000072a400000|  0%| F|  |TAMS 0x000000072a200000, 0x000000072a200000| Untracked 
| 338|0x000000072a400000, 0x000000072a400000, 0x000000072a600000|  0%| F|  |TAMS 0x000000072a400000, 0x000000072a400000| Untracked 
| 339|0x000000072a600000, 0x000000072a600000, 0x000000072a800000|  0%| F|  |TAMS 0x000000072a600000, 0x000000072a600000| Untracked 
| 340|0x000000072a800000, 0x000000072a800000, 0x000000072aa00000|  0%| F|  |TAMS 0x000000072a800000, 0x000000072a800000| Untracked 
| 341|0x000000072aa00000, 0x000000072aa00000, 0x000000072ac00000|  0%| F|  |TAMS 0x000000072aa00000, 0x000000072aa00000| Untracked 
| 342|0x000000072ac00000, 0x000000072ac00000, 0x000000072ae00000|  0%| F|  |TAMS 0x000000072ac00000, 0x000000072ac00000| Untracked 
| 343|0x000000072ae00000, 0x000000072ae00000, 0x000000072b000000|  0%| F|  |TAMS 0x000000072ae00000, 0x000000072ae00000| Untracked 
| 344|0x000000072b000000, 0x000000072b000000, 0x000000072b200000|  0%| F|  |TAMS 0x000000072b000000, 0x000000072b000000| Untracked 
| 345|0x000000072b200000, 0x000000072b200000, 0x000000072b400000|  0%| F|  |TAMS 0x000000072b200000, 0x000000072b200000| Untracked 
| 346|0x000000072b400000, 0x000000072b400000, 0x000000072b600000|  0%| F|  |TAMS 0x000000072b400000, 0x000000072b400000| Untracked 
| 347|0x000000072b600000, 0x000000072b600000, 0x000000072b800000|  0%| F|  |TAMS 0x000000072b600000, 0x000000072b600000| Untracked 
| 348|0x000000072b800000, 0x000000072b800000, 0x000000072ba00000|  0%| F|  |TAMS 0x000000072b800000, 0x000000072b800000| Untracked 
| 349|0x000000072ba00000, 0x000000072ba00000, 0x000000072bc00000|  0%| F|  |TAMS 0x000000072ba00000, 0x000000072ba00000| Untracked 
| 350|0x000000072bc00000, 0x000000072bc00000, 0x000000072be00000|  0%| F|  |TAMS 0x000000072bc00000, 0x000000072bc00000| Untracked 
| 351|0x000000072be00000, 0x000000072be00000, 0x000000072c000000|  0%| F|  |TAMS 0x000000072be00000, 0x000000072be00000| Untracked 
| 352|0x000000072c000000, 0x000000072c000000, 0x000000072c200000|  0%| F|  |TAMS 0x000000072c000000, 0x000000072c000000| Untracked 
| 353|0x000000072c200000, 0x000000072c200000, 0x000000072c400000|  0%| F|  |TAMS 0x000000072c200000, 0x000000072c200000| Untracked 
| 354|0x000000072c400000, 0x000000072c400000, 0x000000072c600000|  0%| F|  |TAMS 0x000000072c400000, 0x000000072c400000| Untracked 
| 355|0x000000072c600000, 0x000000072c600000, 0x000000072c800000|  0%| F|  |TAMS 0x000000072c600000, 0x000000072c600000| Untracked 
| 356|0x000000072c800000, 0x000000072c800000, 0x000000072ca00000|  0%| F|  |TAMS 0x000000072c800000, 0x000000072c800000| Untracked 
| 357|0x000000072ca00000, 0x000000072ca00000, 0x000000072cc00000|  0%| F|  |TAMS 0x000000072ca00000, 0x000000072ca00000| Untracked 
| 358|0x000000072cc00000, 0x000000072cc00000, 0x000000072ce00000|  0%| F|  |TAMS 0x000000072cc00000, 0x000000072cc00000| Untracked 
| 359|0x000000072ce00000, 0x000000072ce00000, 0x000000072d000000|  0%| F|  |TAMS 0x000000072ce00000, 0x000000072ce00000| Untracked 
| 360|0x000000072d000000, 0x000000072d000000, 0x000000072d200000|  0%| F|  |TAMS 0x000000072d000000, 0x000000072d000000| Untracked 
| 361|0x000000072d200000, 0x000000072d200000, 0x000000072d400000|  0%| F|  |TAMS 0x000000072d200000, 0x000000072d200000| Untracked 
| 362|0x000000072d400000, 0x000000072d400000, 0x000000072d600000|  0%| F|  |TAMS 0x000000072d400000, 0x000000072d400000| Untracked 
| 363|0x000000072d600000, 0x000000072d600000, 0x000000072d800000|  0%| F|  |TAMS 0x000000072d600000, 0x000000072d600000| Untracked 
| 364|0x000000072d800000, 0x000000072d800000, 0x000000072da00000|  0%| F|  |TAMS 0x000000072d800000, 0x000000072d800000| Untracked 
| 365|0x000000072da00000, 0x000000072da00000, 0x000000072dc00000|  0%| F|  |TAMS 0x000000072da00000, 0x000000072da00000| Untracked 
| 366|0x000000072dc00000, 0x000000072dc00000, 0x000000072de00000|  0%| F|  |TAMS 0x000000072dc00000, 0x000000072dc00000| Untracked 
| 367|0x000000072de00000, 0x000000072de00000, 0x000000072e000000|  0%| F|  |TAMS 0x000000072de00000, 0x000000072de00000| Untracked 
| 368|0x000000072e000000, 0x000000072e000000, 0x000000072e200000|  0%| F|  |TAMS 0x000000072e000000, 0x000000072e000000| Untracked 
| 369|0x000000072e200000, 0x000000072e200000, 0x000000072e400000|  0%| F|  |TAMS 0x000000072e200000, 0x000000072e200000| Untracked 
| 370|0x000000072e400000, 0x000000072e400000, 0x000000072e600000|  0%| F|  |TAMS 0x000000072e400000, 0x000000072e400000| Untracked 
| 371|0x000000072e600000, 0x000000072e600000, 0x000000072e800000|  0%| F|  |TAMS 0x000000072e600000, 0x000000072e600000| Untracked 
| 372|0x000000072e800000, 0x000000072e800000, 0x000000072ea00000|  0%| F|  |TAMS 0x000000072e800000, 0x000000072e800000| Untracked 
| 373|0x000000072ea00000, 0x000000072ea00000, 0x000000072ec00000|  0%| F|  |TAMS 0x000000072ea00000, 0x000000072ea00000| Untracked 
| 374|0x000000072ec00000, 0x000000072ec00000, 0x000000072ee00000|  0%| F|  |TAMS 0x000000072ec00000, 0x000000072ec00000| Untracked 
| 375|0x000000072ee00000, 0x000000072ee00000, 0x000000072f000000|  0%| F|  |TAMS 0x000000072ee00000, 0x000000072ee00000| Untracked 
| 376|0x000000072f000000, 0x000000072f000000, 0x000000072f200000|  0%| F|  |TAMS 0x000000072f000000, 0x000000072f000000| Untracked 
| 377|0x000000072f200000, 0x000000072f200000, 0x000000072f400000|  0%| F|  |TAMS 0x000000072f200000, 0x000000072f200000| Untracked 
| 378|0x000000072f400000, 0x000000072f400000, 0x000000072f600000|  0%| F|  |TAMS 0x000000072f400000, 0x000000072f400000| Untracked 
| 379|0x000000072f600000, 0x000000072f600000, 0x000000072f800000|  0%| F|  |TAMS 0x000000072f600000, 0x000000072f600000| Untracked 
| 380|0x000000072f800000, 0x000000072f800000, 0x000000072fa00000|  0%| F|  |TAMS 0x000000072f800000, 0x000000072f800000| Untracked 
| 381|0x000000072fa00000, 0x000000072fa00000, 0x000000072fc00000|  0%| F|  |TAMS 0x000000072fa00000, 0x000000072fa00000| Untracked 
| 382|0x000000072fc00000, 0x000000072fc00000, 0x000000072fe00000|  0%| F|  |TAMS 0x000000072fc00000, 0x000000072fc00000| Untracked 
| 383|0x000000072fe00000, 0x000000072fe00000, 0x0000000730000000|  0%| F|  |TAMS 0x000000072fe00000, 0x000000072fe00000| Untracked 
| 384|0x0000000730000000, 0x0000000730000000, 0x0000000730200000|  0%| F|  |TAMS 0x0000000730000000, 0x0000000730000000| Untracked 
| 385|0x0000000730200000, 0x0000000730200000, 0x0000000730400000|  0%| F|  |TAMS 0x0000000730200000, 0x0000000730200000| Untracked 
| 386|0x0000000730400000, 0x0000000730400000, 0x0000000730600000|  0%| F|  |TAMS 0x0000000730400000, 0x0000000730400000| Untracked 
| 387|0x0000000730600000, 0x0000000730600000, 0x0000000730800000|  0%| F|  |TAMS 0x0000000730600000, 0x0000000730600000| Untracked 
| 388|0x0000000730800000, 0x0000000730800000, 0x0000000730a00000|  0%| F|  |TAMS 0x0000000730800000, 0x0000000730800000| Untracked 
| 389|0x0000000730a00000, 0x0000000730a00000, 0x0000000730c00000|  0%| F|  |TAMS 0x0000000730a00000, 0x0000000730a00000| Untracked 
| 390|0x0000000730c00000, 0x0000000730c00000, 0x0000000730e00000|  0%| F|  |TAMS 0x0000000730c00000, 0x0000000730c00000| Untracked 
| 391|0x0000000730e00000, 0x0000000730e00000, 0x0000000731000000|  0%| F|  |TAMS 0x0000000730e00000, 0x0000000730e00000| Untracked 
| 392|0x0000000731000000, 0x0000000731000000, 0x0000000731200000|  0%| F|  |TAMS 0x0000000731000000, 0x0000000731000000| Untracked 
| 393|0x0000000731200000, 0x0000000731200000, 0x0000000731400000|  0%| F|  |TAMS 0x0000000731200000, 0x0000000731200000| Untracked 
| 394|0x0000000731400000, 0x0000000731400000, 0x0000000731600000|  0%| F|  |TAMS 0x0000000731400000, 0x0000000731400000| Untracked 
| 395|0x0000000731600000, 0x0000000731600000, 0x0000000731800000|  0%| F|  |TAMS 0x0000000731600000, 0x0000000731600000| Untracked 
| 396|0x0000000731800000, 0x0000000731800000, 0x0000000731a00000|  0%| F|  |TAMS 0x0000000731800000, 0x0000000731800000| Untracked 
| 397|0x0000000731a00000, 0x0000000731a00000, 0x0000000731c00000|  0%| F|  |TAMS 0x0000000731a00000, 0x0000000731a00000| Untracked 
| 398|0x0000000731c00000, 0x0000000731c00000, 0x0000000731e00000|  0%| F|  |TAMS 0x0000000731c00000, 0x0000000731c00000| Untracked 
| 399|0x0000000731e00000, 0x0000000731e00000, 0x0000000732000000|  0%| F|  |TAMS 0x0000000731e00000, 0x0000000731e00000| Untracked 
| 400|0x0000000732000000, 0x0000000732000000, 0x0000000732200000|  0%| F|  |TAMS 0x0000000732000000, 0x0000000732000000| Untracked 
| 401|0x0000000732200000, 0x0000000732390aa0, 0x0000000732400000| 78%| S|CS|TAMS 0x0000000732200000, 0x0000000732200000| Complete 
| 402|0x0000000732400000, 0x0000000732600000, 0x0000000732600000|100%| S|CS|TAMS 0x0000000732400000, 0x0000000732400000| Complete 
| 403|0x0000000732600000, 0x0000000732800000, 0x0000000732800000|100%| S|CS|TAMS 0x0000000732600000, 0x0000000732600000| Complete 
| 404|0x0000000732800000, 0x0000000732a00000, 0x0000000732a00000|100%| S|CS|TAMS 0x0000000732800000, 0x0000000732800000| Complete 
| 405|0x0000000732a00000, 0x0000000732c00000, 0x0000000732c00000|100%| S|CS|TAMS 0x0000000732a00000, 0x0000000732a00000| Complete 
| 406|0x0000000732c00000, 0x0000000732e00000, 0x0000000732e00000|100%| S|CS|TAMS 0x0000000732c00000, 0x0000000732c00000| Complete 
| 407|0x0000000732e00000, 0x0000000732e00000, 0x0000000733000000|  0%| F|  |TAMS 0x0000000732e00000, 0x0000000732e00000| Untracked 
| 408|0x0000000733000000, 0x0000000733000000, 0x0000000733200000|  0%| F|  |TAMS 0x0000000733000000, 0x0000000733000000| Untracked 
| 409|0x0000000733200000, 0x0000000733200000, 0x0000000733400000|  0%| F|  |TAMS 0x0000000733200000, 0x0000000733200000| Untracked 
| 410|0x0000000733400000, 0x0000000733400000, 0x0000000733600000|  0%| F|  |TAMS 0x0000000733400000, 0x0000000733400000| Untracked 
| 411|0x0000000733600000, 0x0000000733600000, 0x0000000733800000|  0%| F|  |TAMS 0x0000000733600000, 0x0000000733600000| Untracked 
| 412|0x0000000733800000, 0x0000000733800000, 0x0000000733a00000|  0%| F|  |TAMS 0x0000000733800000, 0x0000000733800000| Untracked 
| 413|0x0000000733a00000, 0x0000000733a00000, 0x0000000733c00000|  0%| F|  |TAMS 0x0000000733a00000, 0x0000000733a00000| Untracked 
| 414|0x0000000733c00000, 0x0000000733c00000, 0x0000000733e00000|  0%| F|  |TAMS 0x0000000733c00000, 0x0000000733c00000| Untracked 
| 415|0x0000000733e00000, 0x0000000733e00000, 0x0000000734000000|  0%| F|  |TAMS 0x0000000733e00000, 0x0000000733e00000| Untracked 
| 416|0x0000000734000000, 0x0000000734000000, 0x0000000734200000|  0%| F|  |TAMS 0x0000000734000000, 0x0000000734000000| Untracked 
| 417|0x0000000734200000, 0x0000000734200000, 0x0000000734400000|  0%| F|  |TAMS 0x0000000734200000, 0x0000000734200000| Untracked 
| 418|0x0000000734400000, 0x0000000734400000, 0x0000000734600000|  0%| F|  |TAMS 0x0000000734400000, 0x0000000734400000| Untracked 
| 419|0x0000000734600000, 0x0000000734600000, 0x0000000734800000|  0%| F|  |TAMS 0x0000000734600000, 0x0000000734600000| Untracked 
| 420|0x0000000734800000, 0x0000000734800000, 0x0000000734a00000|  0%| F|  |TAMS 0x0000000734800000, 0x0000000734800000| Untracked 
| 421|0x0000000734a00000, 0x0000000734a00000, 0x0000000734c00000|  0%| F|  |TAMS 0x0000000734a00000, 0x0000000734a00000| Untracked 
| 422|0x0000000734c00000, 0x0000000734c00000, 0x0000000734e00000|  0%| F|  |TAMS 0x0000000734c00000, 0x0000000734c00000| Untracked 
| 423|0x0000000734e00000, 0x0000000734e00000, 0x0000000735000000|  0%| F|  |TAMS 0x0000000734e00000, 0x0000000734e00000| Untracked 
| 424|0x0000000735000000, 0x0000000735000000, 0x0000000735200000|  0%| F|  |TAMS 0x0000000735000000, 0x0000000735000000| Untracked 
| 425|0x0000000735200000, 0x0000000735200000, 0x0000000735400000|  0%| F|  |TAMS 0x0000000735200000, 0x0000000735200000| Untracked 
| 426|0x0000000735400000, 0x0000000735400000, 0x0000000735600000|  0%| F|  |TAMS 0x0000000735400000, 0x0000000735400000| Untracked 
| 427|0x0000000735600000, 0x0000000735600000, 0x0000000735800000|  0%| F|  |TAMS 0x0000000735600000, 0x0000000735600000| Untracked 
| 428|0x0000000735800000, 0x0000000735800000, 0x0000000735a00000|  0%| F|  |TAMS 0x0000000735800000, 0x0000000735800000| Untracked 
| 429|0x0000000735a00000, 0x0000000735a00000, 0x0000000735c00000|  0%| F|  |TAMS 0x0000000735a00000, 0x0000000735a00000| Untracked 
| 430|0x0000000735c00000, 0x0000000735c00000, 0x0000000735e00000|  0%| F|  |TAMS 0x0000000735c00000, 0x0000000735c00000| Untracked 
| 431|0x0000000735e00000, 0x0000000735e00000, 0x0000000736000000|  0%| F|  |TAMS 0x0000000735e00000, 0x0000000735e00000| Untracked 
| 432|0x0000000736000000, 0x0000000736000000, 0x0000000736200000|  0%| F|  |TAMS 0x0000000736000000, 0x0000000736000000| Untracked 
| 433|0x0000000736200000, 0x0000000736200000, 0x0000000736400000|  0%| F|  |TAMS 0x0000000736200000, 0x0000000736200000| Untracked 
| 434|0x0000000736400000, 0x0000000736400000, 0x0000000736600000|  0%| F|  |TAMS 0x0000000736400000, 0x0000000736400000| Untracked 
| 435|0x0000000736600000, 0x0000000736600000, 0x0000000736800000|  0%| F|  |TAMS 0x0000000736600000, 0x0000000736600000| Untracked 
| 436|0x0000000736800000, 0x0000000736800000, 0x0000000736a00000|  0%| F|  |TAMS 0x0000000736800000, 0x0000000736800000| Untracked 
| 437|0x0000000736a00000, 0x0000000736a00000, 0x0000000736c00000|  0%| F|  |TAMS 0x0000000736a00000, 0x0000000736a00000| Untracked 
| 438|0x0000000736c00000, 0x0000000736c00000, 0x0000000736e00000|  0%| F|  |TAMS 0x0000000736c00000, 0x0000000736c00000| Untracked 
| 439|0x0000000736e00000, 0x0000000736e00000, 0x0000000737000000|  0%| F|  |TAMS 0x0000000736e00000, 0x0000000736e00000| Untracked 
| 440|0x0000000737000000, 0x0000000737000000, 0x0000000737200000|  0%| F|  |TAMS 0x0000000737000000, 0x0000000737000000| Untracked 
| 441|0x0000000737200000, 0x0000000737200000, 0x0000000737400000|  0%| F|  |TAMS 0x0000000737200000, 0x0000000737200000| Untracked 
| 442|0x0000000737400000, 0x0000000737400000, 0x0000000737600000|  0%| F|  |TAMS 0x0000000737400000, 0x0000000737400000| Untracked 
| 443|0x0000000737600000, 0x0000000737600000, 0x0000000737800000|  0%| F|  |TAMS 0x0000000737600000, 0x0000000737600000| Untracked 
| 444|0x0000000737800000, 0x0000000737800000, 0x0000000737a00000|  0%| F|  |TAMS 0x0000000737800000, 0x0000000737800000| Untracked 
| 445|0x0000000737a00000, 0x0000000737a00000, 0x0000000737c00000|  0%| F|  |TAMS 0x0000000737a00000, 0x0000000737a00000| Untracked 
| 446|0x0000000737c00000, 0x0000000737c00000, 0x0000000737e00000|  0%| F|  |TAMS 0x0000000737c00000, 0x0000000737c00000| Untracked 
| 447|0x0000000737e00000, 0x0000000737e00000, 0x0000000738000000|  0%| F|  |TAMS 0x0000000737e00000, 0x0000000737e00000| Untracked 
| 448|0x0000000738000000, 0x0000000738000000, 0x0000000738200000|  0%| F|  |TAMS 0x0000000738000000, 0x0000000738000000| Untracked 
| 449|0x0000000738200000, 0x0000000738200000, 0x0000000738400000|  0%| F|  |TAMS 0x0000000738200000, 0x0000000738200000| Untracked 
| 450|0x0000000738400000, 0x0000000738400000, 0x0000000738600000|  0%| F|  |TAMS 0x0000000738400000, 0x0000000738400000| Untracked 
| 451|0x0000000738600000, 0x0000000738600000, 0x0000000738800000|  0%| F|  |TAMS 0x0000000738600000, 0x0000000738600000| Untracked 
| 452|0x0000000738800000, 0x0000000738800000, 0x0000000738a00000|  0%| F|  |TAMS 0x0000000738800000, 0x0000000738800000| Untracked 
| 453|0x0000000738a00000, 0x0000000738a00000, 0x0000000738c00000|  0%| F|  |TAMS 0x0000000738a00000, 0x0000000738a00000| Untracked 
| 454|0x0000000738c00000, 0x0000000738c00000, 0x0000000738e00000|  0%| F|  |TAMS 0x0000000738c00000, 0x0000000738c00000| Untracked 
| 455|0x0000000738e00000, 0x0000000738e00000, 0x0000000739000000|  0%| F|  |TAMS 0x0000000738e00000, 0x0000000738e00000| Untracked 
| 456|0x0000000739000000, 0x0000000739000000, 0x0000000739200000|  0%| F|  |TAMS 0x0000000739000000, 0x0000000739000000| Untracked 
| 457|0x0000000739200000, 0x0000000739200000, 0x0000000739400000|  0%| F|  |TAMS 0x0000000739200000, 0x0000000739200000| Untracked 
| 458|0x0000000739400000, 0x0000000739400000, 0x0000000739600000|  0%| F|  |TAMS 0x0000000739400000, 0x0000000739400000| Untracked 
| 459|0x0000000739600000, 0x0000000739600000, 0x0000000739800000|  0%| F|  |TAMS 0x0000000739600000, 0x0000000739600000| Untracked 
| 460|0x0000000739800000, 0x0000000739800000, 0x0000000739a00000|  0%| F|  |TAMS 0x0000000739800000, 0x0000000739800000| Untracked 
| 461|0x0000000739a00000, 0x0000000739a00000, 0x0000000739c00000|  0%| F|  |TAMS 0x0000000739a00000, 0x0000000739a00000| Untracked 
| 462|0x0000000739c00000, 0x0000000739c00000, 0x0000000739e00000|  0%| F|  |TAMS 0x0000000739c00000, 0x0000000739c00000| Untracked 
| 463|0x0000000739e00000, 0x0000000739e00000, 0x000000073a000000|  0%| F|  |TAMS 0x0000000739e00000, 0x0000000739e00000| Untracked 
| 464|0x000000073a000000, 0x000000073a000000, 0x000000073a200000|  0%| F|  |TAMS 0x000000073a000000, 0x000000073a000000| Untracked 
| 465|0x000000073a200000, 0x000000073a200000, 0x000000073a400000|  0%| F|  |TAMS 0x000000073a200000, 0x000000073a200000| Untracked 
| 466|0x000000073a400000, 0x000000073a400000, 0x000000073a600000|  0%| F|  |TAMS 0x000000073a400000, 0x000000073a400000| Untracked 
| 467|0x000000073a600000, 0x000000073a600000, 0x000000073a800000|  0%| F|  |TAMS 0x000000073a600000, 0x000000073a600000| Untracked 
| 468|0x000000073a800000, 0x000000073a800000, 0x000000073aa00000|  0%| F|  |TAMS 0x000000073a800000, 0x000000073a800000| Untracked 
| 469|0x000000073aa00000, 0x000000073aa00000, 0x000000073ac00000|  0%| F|  |TAMS 0x000000073aa00000, 0x000000073aa00000| Untracked 
| 470|0x000000073ac00000, 0x000000073ac00000, 0x000000073ae00000|  0%| F|  |TAMS 0x000000073ac00000, 0x000000073ac00000| Untracked 
| 471|0x000000073ae00000, 0x000000073ae00000, 0x000000073b000000|  0%| F|  |TAMS 0x000000073ae00000, 0x000000073ae00000| Untracked 
| 472|0x000000073b000000, 0x000000073b000000, 0x000000073b200000|  0%| F|  |TAMS 0x000000073b000000, 0x000000073b000000| Untracked 
| 473|0x000000073b200000, 0x000000073b200000, 0x000000073b400000|  0%| F|  |TAMS 0x000000073b200000, 0x000000073b200000| Untracked 
| 474|0x000000073b400000, 0x000000073b400000, 0x000000073b600000|  0%| F|  |TAMS 0x000000073b400000, 0x000000073b400000| Untracked 
| 475|0x000000073b600000, 0x000000073b600000, 0x000000073b800000|  0%| F|  |TAMS 0x000000073b600000, 0x000000073b600000| Untracked 
| 476|0x000000073b800000, 0x000000073b800000, 0x000000073ba00000|  0%| F|  |TAMS 0x000000073b800000, 0x000000073b800000| Untracked 
| 477|0x000000073ba00000, 0x000000073ba00000, 0x000000073bc00000|  0%| F|  |TAMS 0x000000073ba00000, 0x000000073ba00000| Untracked 
| 478|0x000000073bc00000, 0x000000073bc00000, 0x000000073be00000|  0%| F|  |TAMS 0x000000073bc00000, 0x000000073bc00000| Untracked 
| 479|0x000000073be00000, 0x000000073be00000, 0x000000073c000000|  0%| F|  |TAMS 0x000000073be00000, 0x000000073be00000| Untracked 
| 480|0x000000073c000000, 0x000000073c000000, 0x000000073c200000|  0%| F|  |TAMS 0x000000073c000000, 0x000000073c000000| Untracked 
| 481|0x000000073c200000, 0x000000073c200000, 0x000000073c400000|  0%| F|  |TAMS 0x000000073c200000, 0x000000073c200000| Untracked 
| 482|0x000000073c400000, 0x000000073c400000, 0x000000073c600000|  0%| F|  |TAMS 0x000000073c400000, 0x000000073c400000| Untracked 
| 483|0x000000073c600000, 0x000000073c600000, 0x000000073c800000|  0%| F|  |TAMS 0x000000073c600000, 0x000000073c600000| Untracked 
| 484|0x000000073c800000, 0x000000073c800000, 0x000000073ca00000|  0%| F|  |TAMS 0x000000073c800000, 0x000000073c800000| Untracked 
| 485|0x000000073ca00000, 0x000000073ca00000, 0x000000073cc00000|  0%| F|  |TAMS 0x000000073ca00000, 0x000000073ca00000| Untracked 
| 486|0x000000073cc00000, 0x000000073cc00000, 0x000000073ce00000|  0%| F|  |TAMS 0x000000073cc00000, 0x000000073cc00000| Untracked 
| 487|0x000000073ce00000, 0x000000073ce00000, 0x000000073d000000|  0%| F|  |TAMS 0x000000073ce00000, 0x000000073ce00000| Untracked 
| 488|0x000000073d000000, 0x000000073d000000, 0x000000073d200000|  0%| F|  |TAMS 0x000000073d000000, 0x000000073d000000| Untracked 
| 489|0x000000073d200000, 0x000000073d200000, 0x000000073d400000|  0%| F|  |TAMS 0x000000073d200000, 0x000000073d200000| Untracked 
| 490|0x000000073d400000, 0x000000073d400000, 0x000000073d600000|  0%| F|  |TAMS 0x000000073d400000, 0x000000073d400000| Untracked 
| 491|0x000000073d600000, 0x000000073d600000, 0x000000073d800000|  0%| F|  |TAMS 0x000000073d600000, 0x000000073d600000| Untracked 
| 492|0x000000073d800000, 0x000000073d800000, 0x000000073da00000|  0%| F|  |TAMS 0x000000073d800000, 0x000000073d800000| Untracked 
| 493|0x000000073da00000, 0x000000073da00000, 0x000000073dc00000|  0%| F|  |TAMS 0x000000073da00000, 0x000000073da00000| Untracked 
| 494|0x000000073dc00000, 0x000000073dc00000, 0x000000073de00000|  0%| F|  |TAMS 0x000000073dc00000, 0x000000073dc00000| Untracked 
| 495|0x000000073de00000, 0x000000073de00000, 0x000000073e000000|  0%| F|  |TAMS 0x000000073de00000, 0x000000073de00000| Untracked 
| 496|0x000000073e000000, 0x000000073e000000, 0x000000073e200000|  0%| F|  |TAMS 0x000000073e000000, 0x000000073e000000| Untracked 
| 497|0x000000073e200000, 0x000000073e200000, 0x000000073e400000|  0%| F|  |TAMS 0x000000073e200000, 0x000000073e200000| Untracked 
| 498|0x000000073e400000, 0x000000073e400000, 0x000000073e600000|  0%| F|  |TAMS 0x000000073e400000, 0x000000073e400000| Untracked 
| 499|0x000000073e600000, 0x000000073e600000, 0x000000073e800000|  0%| F|  |TAMS 0x000000073e600000, 0x000000073e600000| Untracked 
| 500|0x000000073e800000, 0x000000073e800000, 0x000000073ea00000|  0%| F|  |TAMS 0x000000073e800000, 0x000000073e800000| Untracked 
| 501|0x000000073ea00000, 0x000000073ea00000, 0x000000073ec00000|  0%| F|  |TAMS 0x000000073ea00000, 0x000000073ea00000| Untracked 
| 502|0x000000073ec00000, 0x000000073ec00000, 0x000000073ee00000|  0%| F|  |TAMS 0x000000073ec00000, 0x000000073ec00000| Untracked 
| 503|0x000000073ee00000, 0x000000073ee00000, 0x000000073f000000|  0%| F|  |TAMS 0x000000073ee00000, 0x000000073ee00000| Untracked 
| 504|0x000000073f000000, 0x000000073f000000, 0x000000073f200000|  0%| F|  |TAMS 0x000000073f000000, 0x000000073f000000| Untracked 
| 505|0x000000073f200000, 0x000000073f200000, 0x000000073f400000|  0%| F|  |TAMS 0x000000073f200000, 0x000000073f200000| Untracked 
| 506|0x000000073f400000, 0x000000073f400000, 0x000000073f600000|  0%| F|  |TAMS 0x000000073f400000, 0x000000073f400000| Untracked 
| 507|0x000000073f600000, 0x000000073f600000, 0x000000073f800000|  0%| F|  |TAMS 0x000000073f600000, 0x000000073f600000| Untracked 
| 508|0x000000073f800000, 0x000000073f800000, 0x000000073fa00000|  0%| F|  |TAMS 0x000000073f800000, 0x000000073f800000| Untracked 
| 509|0x000000073fa00000, 0x000000073fa00000, 0x000000073fc00000|  0%| F|  |TAMS 0x000000073fa00000, 0x000000073fa00000| Untracked 
| 510|0x000000073fc00000, 0x000000073fc00000, 0x000000073fe00000|  0%| F|  |TAMS 0x000000073fc00000, 0x000000073fc00000| Untracked 
| 511|0x000000073fe00000, 0x000000073fe00000, 0x0000000740000000|  0%| F|  |TAMS 0x000000073fe00000, 0x000000073fe00000| Untracked 
| 512|0x0000000740000000, 0x0000000740000000, 0x0000000740200000|  0%| F|  |TAMS 0x0000000740000000, 0x0000000740000000| Untracked 
| 513|0x0000000740200000, 0x0000000740200000, 0x0000000740400000|  0%| F|  |TAMS 0x0000000740200000, 0x0000000740200000| Untracked 
| 514|0x0000000740400000, 0x0000000740400000, 0x0000000740600000|  0%| F|  |TAMS 0x0000000740400000, 0x0000000740400000| Untracked 
| 515|0x0000000740600000, 0x0000000740600000, 0x0000000740800000|  0%| F|  |TAMS 0x0000000740600000, 0x0000000740600000| Untracked 
| 516|0x0000000740800000, 0x0000000740800000, 0x0000000740a00000|  0%| F|  |TAMS 0x0000000740800000, 0x0000000740800000| Untracked 
| 517|0x0000000740a00000, 0x0000000740a00000, 0x0000000740c00000|  0%| F|  |TAMS 0x0000000740a00000, 0x0000000740a00000| Untracked 
| 518|0x0000000740c00000, 0x0000000740c00000, 0x0000000740e00000|  0%| F|  |TAMS 0x0000000740c00000, 0x0000000740c00000| Untracked 
| 519|0x0000000740e00000, 0x0000000740e00000, 0x0000000741000000|  0%| F|  |TAMS 0x0000000740e00000, 0x0000000740e00000| Untracked 
| 520|0x0000000741000000, 0x0000000741000000, 0x0000000741200000|  0%| F|  |TAMS 0x0000000741000000, 0x0000000741000000| Untracked 
| 521|0x0000000741200000, 0x0000000741200000, 0x0000000741400000|  0%| F|  |TAMS 0x0000000741200000, 0x0000000741200000| Untracked 
| 522|0x0000000741400000, 0x0000000741400000, 0x0000000741600000|  0%| F|  |TAMS 0x0000000741400000, 0x0000000741400000| Untracked 
| 523|0x0000000741600000, 0x0000000741600000, 0x0000000741800000|  0%| F|  |TAMS 0x0000000741600000, 0x0000000741600000| Untracked 
| 524|0x0000000741800000, 0x0000000741800000, 0x0000000741a00000|  0%| F|  |TAMS 0x0000000741800000, 0x0000000741800000| Untracked 
| 525|0x0000000741a00000, 0x0000000741a00000, 0x0000000741c00000|  0%| F|  |TAMS 0x0000000741a00000, 0x0000000741a00000| Untracked 
| 526|0x0000000741c00000, 0x0000000741c00000, 0x0000000741e00000|  0%| F|  |TAMS 0x0000000741c00000, 0x0000000741c00000| Untracked 
| 527|0x0000000741e00000, 0x0000000741e00000, 0x0000000742000000|  0%| F|  |TAMS 0x0000000741e00000, 0x0000000741e00000| Untracked 
| 528|0x0000000742000000, 0x0000000742000000, 0x0000000742200000|  0%| F|  |TAMS 0x0000000742000000, 0x0000000742000000| Untracked 
| 529|0x0000000742200000, 0x0000000742200000, 0x0000000742400000|  0%| F|  |TAMS 0x0000000742200000, 0x0000000742200000| Untracked 
| 530|0x0000000742400000, 0x0000000742400000, 0x0000000742600000|  0%| F|  |TAMS 0x0000000742400000, 0x0000000742400000| Untracked 
| 531|0x0000000742600000, 0x0000000742600000, 0x0000000742800000|  0%| F|  |TAMS 0x0000000742600000, 0x0000000742600000| Untracked 
| 532|0x0000000742800000, 0x0000000742800000, 0x0000000742a00000|  0%| F|  |TAMS 0x0000000742800000, 0x0000000742800000| Untracked 
| 533|0x0000000742a00000, 0x0000000742a00000, 0x0000000742c00000|  0%| F|  |TAMS 0x0000000742a00000, 0x0000000742a00000| Untracked 
| 534|0x0000000742c00000, 0x0000000742c00000, 0x0000000742e00000|  0%| F|  |TAMS 0x0000000742c00000, 0x0000000742c00000| Untracked 
| 535|0x0000000742e00000, 0x0000000742e00000, 0x0000000743000000|  0%| F|  |TAMS 0x0000000742e00000, 0x0000000742e00000| Untracked 
| 536|0x0000000743000000, 0x0000000743000000, 0x0000000743200000|  0%| F|  |TAMS 0x0000000743000000, 0x0000000743000000| Untracked 
| 537|0x0000000743200000, 0x0000000743200000, 0x0000000743400000|  0%| F|  |TAMS 0x0000000743200000, 0x0000000743200000| Untracked 
| 538|0x0000000743400000, 0x0000000743400000, 0x0000000743600000|  0%| F|  |TAMS 0x0000000743400000, 0x0000000743400000| Untracked 
| 539|0x0000000743600000, 0x0000000743600000, 0x0000000743800000|  0%| F|  |TAMS 0x0000000743600000, 0x0000000743600000| Untracked 
| 540|0x0000000743800000, 0x0000000743800000, 0x0000000743a00000|  0%| F|  |TAMS 0x0000000743800000, 0x0000000743800000| Untracked 
| 541|0x0000000743a00000, 0x0000000743a00000, 0x0000000743c00000|  0%| F|  |TAMS 0x0000000743a00000, 0x0000000743a00000| Untracked 
| 542|0x0000000743c00000, 0x0000000743c00000, 0x0000000743e00000|  0%| F|  |TAMS 0x0000000743c00000, 0x0000000743c00000| Untracked 
| 543|0x0000000743e00000, 0x0000000743e00000, 0x0000000744000000|  0%| F|  |TAMS 0x0000000743e00000, 0x0000000743e00000| Untracked 
| 544|0x0000000744000000, 0x0000000744000000, 0x0000000744200000|  0%| F|  |TAMS 0x0000000744000000, 0x0000000744000000| Untracked 
| 545|0x0000000744200000, 0x0000000744200000, 0x0000000744400000|  0%| F|  |TAMS 0x0000000744200000, 0x0000000744200000| Untracked 
| 546|0x0000000744400000, 0x0000000744400000, 0x0000000744600000|  0%| F|  |TAMS 0x0000000744400000, 0x0000000744400000| Untracked 
| 547|0x0000000744600000, 0x0000000744600000, 0x0000000744800000|  0%| F|  |TAMS 0x0000000744600000, 0x0000000744600000| Untracked 
| 548|0x0000000744800000, 0x0000000744800000, 0x0000000744a00000|  0%| F|  |TAMS 0x0000000744800000, 0x0000000744800000| Untracked 
| 549|0x0000000744a00000, 0x0000000744a00000, 0x0000000744c00000|  0%| F|  |TAMS 0x0000000744a00000, 0x0000000744a00000| Untracked 
| 550|0x0000000744c00000, 0x0000000744c00000, 0x0000000744e00000|  0%| F|  |TAMS 0x0000000744c00000, 0x0000000744c00000| Untracked 
| 551|0x0000000744e00000, 0x0000000744e00000, 0x0000000745000000|  0%| F|  |TAMS 0x0000000744e00000, 0x0000000744e00000| Untracked 
| 552|0x0000000745000000, 0x0000000745000000, 0x0000000745200000|  0%| F|  |TAMS 0x0000000745000000, 0x0000000745000000| Untracked 
| 553|0x0000000745200000, 0x0000000745200000, 0x0000000745400000|  0%| F|  |TAMS 0x0000000745200000, 0x0000000745200000| Untracked 
| 554|0x0000000745400000, 0x0000000745400000, 0x0000000745600000|  0%| F|  |TAMS 0x0000000745400000, 0x0000000745400000| Untracked 
| 555|0x0000000745600000, 0x0000000745600000, 0x0000000745800000|  0%| F|  |TAMS 0x0000000745600000, 0x0000000745600000| Untracked 
| 556|0x0000000745800000, 0x0000000745800000, 0x0000000745a00000|  0%| F|  |TAMS 0x0000000745800000, 0x0000000745800000| Untracked 
| 557|0x0000000745a00000, 0x0000000745a00000, 0x0000000745c00000|  0%| F|  |TAMS 0x0000000745a00000, 0x0000000745a00000| Untracked 
| 558|0x0000000745c00000, 0x0000000745c00000, 0x0000000745e00000|  0%| F|  |TAMS 0x0000000745c00000, 0x0000000745c00000| Untracked 
| 559|0x0000000745e00000, 0x0000000745e00000, 0x0000000746000000|  0%| F|  |TAMS 0x0000000745e00000, 0x0000000745e00000| Untracked 
| 560|0x0000000746000000, 0x0000000746000000, 0x0000000746200000|  0%| F|  |TAMS 0x0000000746000000, 0x0000000746000000| Untracked 
| 561|0x0000000746200000, 0x0000000746200000, 0x0000000746400000|  0%| F|  |TAMS 0x0000000746200000, 0x0000000746200000| Untracked 
| 562|0x0000000746400000, 0x0000000746400000, 0x0000000746600000|  0%| F|  |TAMS 0x0000000746400000, 0x0000000746400000| Untracked 
| 563|0x0000000746600000, 0x0000000746600000, 0x0000000746800000|  0%| F|  |TAMS 0x0000000746600000, 0x0000000746600000| Untracked 
| 564|0x0000000746800000, 0x0000000746800000, 0x0000000746a00000|  0%| F|  |TAMS 0x0000000746800000, 0x0000000746800000| Untracked 
| 565|0x0000000746a00000, 0x0000000746a00000, 0x0000000746c00000|  0%| F|  |TAMS 0x0000000746a00000, 0x0000000746a00000| Untracked 
| 566|0x0000000746c00000, 0x0000000746c00000, 0x0000000746e00000|  0%| F|  |TAMS 0x0000000746c00000, 0x0000000746c00000| Untracked 
| 567|0x0000000746e00000, 0x0000000746e00000, 0x0000000747000000|  0%| F|  |TAMS 0x0000000746e00000, 0x0000000746e00000| Untracked 
| 568|0x0000000747000000, 0x0000000747000000, 0x0000000747200000|  0%| F|  |TAMS 0x0000000747000000, 0x0000000747000000| Untracked 
| 569|0x0000000747200000, 0x0000000747200000, 0x0000000747400000|  0%| F|  |TAMS 0x0000000747200000, 0x0000000747200000| Untracked 
| 570|0x0000000747400000, 0x0000000747400000, 0x0000000747600000|  0%| F|  |TAMS 0x0000000747400000, 0x0000000747400000| Untracked 
| 571|0x0000000747600000, 0x0000000747600000, 0x0000000747800000|  0%| F|  |TAMS 0x0000000747600000, 0x0000000747600000| Untracked 
| 572|0x0000000747800000, 0x0000000747800000, 0x0000000747a00000|  0%| F|  |TAMS 0x0000000747800000, 0x0000000747800000| Untracked 
| 573|0x0000000747a00000, 0x0000000747a00000, 0x0000000747c00000|  0%| F|  |TAMS 0x0000000747a00000, 0x0000000747a00000| Untracked 
| 574|0x0000000747c00000, 0x0000000747c00000, 0x0000000747e00000|  0%| F|  |TAMS 0x0000000747c00000, 0x0000000747c00000| Untracked 
| 575|0x0000000747e00000, 0x0000000747e00000, 0x0000000748000000|  0%| F|  |TAMS 0x0000000747e00000, 0x0000000747e00000| Untracked 
| 576|0x0000000748000000, 0x0000000748000000, 0x0000000748200000|  0%| F|  |TAMS 0x0000000748000000, 0x0000000748000000| Untracked 
| 577|0x0000000748200000, 0x0000000748200000, 0x0000000748400000|  0%| F|  |TAMS 0x0000000748200000, 0x0000000748200000| Untracked 
| 578|0x0000000748400000, 0x0000000748400000, 0x0000000748600000|  0%| F|  |TAMS 0x0000000748400000, 0x0000000748400000| Untracked 
| 579|0x0000000748600000, 0x0000000748600000, 0x0000000748800000|  0%| F|  |TAMS 0x0000000748600000, 0x0000000748600000| Untracked 
| 580|0x0000000748800000, 0x0000000748800000, 0x0000000748a00000|  0%| F|  |TAMS 0x0000000748800000, 0x0000000748800000| Untracked 
| 581|0x0000000748a00000, 0x0000000748a00000, 0x0000000748c00000|  0%| F|  |TAMS 0x0000000748a00000, 0x0000000748a00000| Untracked 
| 582|0x0000000748c00000, 0x0000000748c00000, 0x0000000748e00000|  0%| F|  |TAMS 0x0000000748c00000, 0x0000000748c00000| Untracked 
| 583|0x0000000748e00000, 0x0000000748e00000, 0x0000000749000000|  0%| F|  |TAMS 0x0000000748e00000, 0x0000000748e00000| Untracked 
| 584|0x0000000749000000, 0x0000000749000000, 0x0000000749200000|  0%| F|  |TAMS 0x0000000749000000, 0x0000000749000000| Untracked 
| 585|0x0000000749200000, 0x0000000749200000, 0x0000000749400000|  0%| F|  |TAMS 0x0000000749200000, 0x0000000749200000| Untracked 
| 586|0x0000000749400000, 0x0000000749400000, 0x0000000749600000|  0%| F|  |TAMS 0x0000000749400000, 0x0000000749400000| Untracked 
| 587|0x0000000749600000, 0x0000000749600000, 0x0000000749800000|  0%| F|  |TAMS 0x0000000749600000, 0x0000000749600000| Untracked 
| 588|0x0000000749800000, 0x0000000749800000, 0x0000000749a00000|  0%| F|  |TAMS 0x0000000749800000, 0x0000000749800000| Untracked 
| 589|0x0000000749a00000, 0x0000000749a00000, 0x0000000749c00000|  0%| F|  |TAMS 0x0000000749a00000, 0x0000000749a00000| Untracked 
| 590|0x0000000749c00000, 0x0000000749c00000, 0x0000000749e00000|  0%| F|  |TAMS 0x0000000749c00000, 0x0000000749c00000| Untracked 
| 591|0x0000000749e00000, 0x0000000749e00000, 0x000000074a000000|  0%| F|  |TAMS 0x0000000749e00000, 0x0000000749e00000| Untracked 
| 592|0x000000074a000000, 0x000000074a000000, 0x000000074a200000|  0%| F|  |TAMS 0x000000074a000000, 0x000000074a000000| Untracked 
| 593|0x000000074a200000, 0x000000074a200000, 0x000000074a400000|  0%| F|  |TAMS 0x000000074a200000, 0x000000074a200000| Untracked 
| 594|0x000000074a400000, 0x000000074a400000, 0x000000074a600000|  0%| F|  |TAMS 0x000000074a400000, 0x000000074a400000| Untracked 
| 595|0x000000074a600000, 0x000000074a600000, 0x000000074a800000|  0%| F|  |TAMS 0x000000074a600000, 0x000000074a600000| Untracked 
| 596|0x000000074a800000, 0x000000074a800000, 0x000000074aa00000|  0%| F|  |TAMS 0x000000074a800000, 0x000000074a800000| Untracked 
| 597|0x000000074aa00000, 0x000000074aa00000, 0x000000074ac00000|  0%| F|  |TAMS 0x000000074aa00000, 0x000000074aa00000| Untracked 
| 598|0x000000074ac00000, 0x000000074ac00000, 0x000000074ae00000|  0%| F|  |TAMS 0x000000074ac00000, 0x000000074ac00000| Untracked 
| 599|0x000000074ae00000, 0x000000074ae00000, 0x000000074b000000|  0%| F|  |TAMS 0x000000074ae00000, 0x000000074ae00000| Untracked 
| 600|0x000000074b000000, 0x000000074b000000, 0x000000074b200000|  0%| F|  |TAMS 0x000000074b000000, 0x000000074b000000| Untracked 
| 601|0x000000074b200000, 0x000000074b200000, 0x000000074b400000|  0%| F|  |TAMS 0x000000074b200000, 0x000000074b200000| Untracked 
| 602|0x000000074b400000, 0x000000074b400000, 0x000000074b600000|  0%| F|  |TAMS 0x000000074b400000, 0x000000074b400000| Untracked 
| 603|0x000000074b600000, 0x000000074b600000, 0x000000074b800000|  0%| F|  |TAMS 0x000000074b600000, 0x000000074b600000| Untracked 
| 604|0x000000074b800000, 0x000000074b800000, 0x000000074ba00000|  0%| F|  |TAMS 0x000000074b800000, 0x000000074b800000| Untracked 
| 605|0x000000074ba00000, 0x000000074ba00000, 0x000000074bc00000|  0%| F|  |TAMS 0x000000074ba00000, 0x000000074ba00000| Untracked 
| 606|0x000000074bc00000, 0x000000074bc00000, 0x000000074be00000|  0%| F|  |TAMS 0x000000074bc00000, 0x000000074bc00000| Untracked 
| 607|0x000000074be00000, 0x000000074be00000, 0x000000074c000000|  0%| F|  |TAMS 0x000000074be00000, 0x000000074be00000| Untracked 
| 608|0x000000074c000000, 0x000000074c000000, 0x000000074c200000|  0%| F|  |TAMS 0x000000074c000000, 0x000000074c000000| Untracked 
| 609|0x000000074c200000, 0x000000074c200000, 0x000000074c400000|  0%| F|  |TAMS 0x000000074c200000, 0x000000074c200000| Untracked 
| 610|0x000000074c400000, 0x000000074c400000, 0x000000074c600000|  0%| F|  |TAMS 0x000000074c400000, 0x000000074c400000| Untracked 
| 611|0x000000074c600000, 0x000000074c600000, 0x000000074c800000|  0%| F|  |TAMS 0x000000074c600000, 0x000000074c600000| Untracked 
| 612|0x000000074c800000, 0x000000074c800000, 0x000000074ca00000|  0%| F|  |TAMS 0x000000074c800000, 0x000000074c800000| Untracked 
| 613|0x000000074ca00000, 0x000000074ca00000, 0x000000074cc00000|  0%| F|  |TAMS 0x000000074ca00000, 0x000000074ca00000| Untracked 
| 614|0x000000074cc00000, 0x000000074cc00000, 0x000000074ce00000|  0%| F|  |TAMS 0x000000074cc00000, 0x000000074cc00000| Untracked 
| 615|0x000000074ce00000, 0x000000074ce00000, 0x000000074d000000|  0%| F|  |TAMS 0x000000074ce00000, 0x000000074ce00000| Untracked 
| 616|0x000000074d000000, 0x000000074d000000, 0x000000074d200000|  0%| F|  |TAMS 0x000000074d000000, 0x000000074d000000| Untracked 
| 617|0x000000074d200000, 0x000000074d200000, 0x000000074d400000|  0%| F|  |TAMS 0x000000074d200000, 0x000000074d200000| Untracked 
| 618|0x000000074d400000, 0x000000074d400000, 0x000000074d600000|  0%| F|  |TAMS 0x000000074d400000, 0x000000074d400000| Untracked 
| 619|0x000000074d600000, 0x000000074d600000, 0x000000074d800000|  0%| F|  |TAMS 0x000000074d600000, 0x000000074d600000| Untracked 
| 620|0x000000074d800000, 0x000000074d800000, 0x000000074da00000|  0%| F|  |TAMS 0x000000074d800000, 0x000000074d800000| Untracked 
| 621|0x000000074da00000, 0x000000074da00000, 0x000000074dc00000|  0%| F|  |TAMS 0x000000074da00000, 0x000000074da00000| Untracked 
| 622|0x000000074dc00000, 0x000000074dc00000, 0x000000074de00000|  0%| F|  |TAMS 0x000000074dc00000, 0x000000074dc00000| Untracked 
| 623|0x000000074de00000, 0x000000074de00000, 0x000000074e000000|  0%| F|  |TAMS 0x000000074de00000, 0x000000074de00000| Untracked 
| 624|0x000000074e000000, 0x000000074e000000, 0x000000074e200000|  0%| F|  |TAMS 0x000000074e000000, 0x000000074e000000| Untracked 
| 625|0x000000074e200000, 0x000000074e200000, 0x000000074e400000|  0%| F|  |TAMS 0x000000074e200000, 0x000000074e200000| Untracked 
| 626|0x000000074e400000, 0x000000074e400000, 0x000000074e600000|  0%| F|  |TAMS 0x000000074e400000, 0x000000074e400000| Untracked 
| 627|0x000000074e600000, 0x000000074e600000, 0x000000074e800000|  0%| F|  |TAMS 0x000000074e600000, 0x000000074e600000| Untracked 
| 628|0x000000074e800000, 0x000000074e800000, 0x000000074ea00000|  0%| F|  |TAMS 0x000000074e800000, 0x000000074e800000| Untracked 
| 629|0x000000074ea00000, 0x000000074ea00000, 0x000000074ec00000|  0%| F|  |TAMS 0x000000074ea00000, 0x000000074ea00000| Untracked 
| 630|0x000000074ec00000, 0x000000074ec00000, 0x000000074ee00000|  0%| F|  |TAMS 0x000000074ec00000, 0x000000074ec00000| Untracked 
| 631|0x000000074ee00000, 0x000000074ee00000, 0x000000074f000000|  0%| F|  |TAMS 0x000000074ee00000, 0x000000074ee00000| Untracked 
| 632|0x000000074f000000, 0x000000074f000000, 0x000000074f200000|  0%| F|  |TAMS 0x000000074f000000, 0x000000074f000000| Untracked 
| 633|0x000000074f200000, 0x000000074f200000, 0x000000074f400000|  0%| F|  |TAMS 0x000000074f200000, 0x000000074f200000| Untracked 
| 634|0x000000074f400000, 0x000000074f400000, 0x000000074f600000|  0%| F|  |TAMS 0x000000074f400000, 0x000000074f400000| Untracked 
| 635|0x000000074f600000, 0x000000074f600000, 0x000000074f800000|  0%| F|  |TAMS 0x000000074f600000, 0x000000074f600000| Untracked 
| 636|0x000000074f800000, 0x000000074f800000, 0x000000074fa00000|  0%| F|  |TAMS 0x000000074f800000, 0x000000074f800000| Untracked 
| 637|0x000000074fa00000, 0x000000074fa00000, 0x000000074fc00000|  0%| F|  |TAMS 0x000000074fa00000, 0x000000074fa00000| Untracked 
| 638|0x000000074fc00000, 0x000000074fc00000, 0x000000074fe00000|  0%| F|  |TAMS 0x000000074fc00000, 0x000000074fc00000| Untracked 
| 639|0x000000074fe00000, 0x000000074fe00000, 0x0000000750000000|  0%| F|  |TAMS 0x000000074fe00000, 0x000000074fe00000| Untracked 
| 640|0x0000000750000000, 0x0000000750000000, 0x0000000750200000|  0%| F|  |TAMS 0x0000000750000000, 0x0000000750000000| Untracked 
| 641|0x0000000750200000, 0x0000000750200000, 0x0000000750400000|  0%| F|  |TAMS 0x0000000750200000, 0x0000000750200000| Untracked 
| 642|0x0000000750400000, 0x0000000750400000, 0x0000000750600000|  0%| F|  |TAMS 0x0000000750400000, 0x0000000750400000| Untracked 
| 643|0x0000000750600000, 0x0000000750600000, 0x0000000750800000|  0%| F|  |TAMS 0x0000000750600000, 0x0000000750600000| Untracked 
| 644|0x0000000750800000, 0x0000000750800000, 0x0000000750a00000|  0%| F|  |TAMS 0x0000000750800000, 0x0000000750800000| Untracked 
| 645|0x0000000750a00000, 0x0000000750a00000, 0x0000000750c00000|  0%| F|  |TAMS 0x0000000750a00000, 0x0000000750a00000| Untracked 
| 646|0x0000000750c00000, 0x0000000750c00000, 0x0000000750e00000|  0%| F|  |TAMS 0x0000000750c00000, 0x0000000750c00000| Untracked 
| 647|0x0000000750e00000, 0x0000000750e00000, 0x0000000751000000|  0%| F|  |TAMS 0x0000000750e00000, 0x0000000750e00000| Untracked 
| 648|0x0000000751000000, 0x0000000751000000, 0x0000000751200000|  0%| F|  |TAMS 0x0000000751000000, 0x0000000751000000| Untracked 
| 649|0x0000000751200000, 0x0000000751200000, 0x0000000751400000|  0%| F|  |TAMS 0x0000000751200000, 0x0000000751200000| Untracked 
| 650|0x0000000751400000, 0x0000000751400000, 0x0000000751600000|  0%| F|  |TAMS 0x0000000751400000, 0x0000000751400000| Untracked 
| 651|0x0000000751600000, 0x0000000751600000, 0x0000000751800000|  0%| F|  |TAMS 0x0000000751600000, 0x0000000751600000| Untracked 
| 652|0x0000000751800000, 0x0000000751800000, 0x0000000751a00000|  0%| F|  |TAMS 0x0000000751800000, 0x0000000751800000| Untracked 
| 653|0x0000000751a00000, 0x0000000751a00000, 0x0000000751c00000|  0%| F|  |TAMS 0x0000000751a00000, 0x0000000751a00000| Untracked 
| 654|0x0000000751c00000, 0x0000000751c00000, 0x0000000751e00000|  0%| F|  |TAMS 0x0000000751c00000, 0x0000000751c00000| Untracked 
| 655|0x0000000751e00000, 0x0000000751e00000, 0x0000000752000000|  0%| F|  |TAMS 0x0000000751e00000, 0x0000000751e00000| Untracked 
| 656|0x0000000752000000, 0x0000000752000000, 0x0000000752200000|  0%| F|  |TAMS 0x0000000752000000, 0x0000000752000000| Untracked 
| 657|0x0000000752200000, 0x0000000752200000, 0x0000000752400000|  0%| F|  |TAMS 0x0000000752200000, 0x0000000752200000| Untracked 
| 658|0x0000000752400000, 0x0000000752400000, 0x0000000752600000|  0%| F|  |TAMS 0x0000000752400000, 0x0000000752400000| Untracked 
| 659|0x0000000752600000, 0x0000000752600000, 0x0000000752800000|  0%| F|  |TAMS 0x0000000752600000, 0x0000000752600000| Untracked 
| 660|0x0000000752800000, 0x0000000752800000, 0x0000000752a00000|  0%| F|  |TAMS 0x0000000752800000, 0x0000000752800000| Untracked 
| 661|0x0000000752a00000, 0x0000000752a00000, 0x0000000752c00000|  0%| F|  |TAMS 0x0000000752a00000, 0x0000000752a00000| Untracked 
| 662|0x0000000752c00000, 0x0000000752c00000, 0x0000000752e00000|  0%| F|  |TAMS 0x0000000752c00000, 0x0000000752c00000| Untracked 
| 663|0x0000000752e00000, 0x0000000752e00000, 0x0000000753000000|  0%| F|  |TAMS 0x0000000752e00000, 0x0000000752e00000| Untracked 
| 664|0x0000000753000000, 0x0000000753000000, 0x0000000753200000|  0%| F|  |TAMS 0x0000000753000000, 0x0000000753000000| Untracked 
| 665|0x0000000753200000, 0x0000000753200000, 0x0000000753400000|  0%| F|  |TAMS 0x0000000753200000, 0x0000000753200000| Untracked 
| 666|0x0000000753400000, 0x0000000753400000, 0x0000000753600000|  0%| F|  |TAMS 0x0000000753400000, 0x0000000753400000| Untracked 
| 667|0x0000000753600000, 0x0000000753600000, 0x0000000753800000|  0%| F|  |TAMS 0x0000000753600000, 0x0000000753600000| Untracked 
| 668|0x0000000753800000, 0x0000000753800000, 0x0000000753a00000|  0%| F|  |TAMS 0x0000000753800000, 0x0000000753800000| Untracked 
| 669|0x0000000753a00000, 0x0000000753a00000, 0x0000000753c00000|  0%| F|  |TAMS 0x0000000753a00000, 0x0000000753a00000| Untracked 
| 670|0x0000000753c00000, 0x0000000753c00000, 0x0000000753e00000|  0%| F|  |TAMS 0x0000000753c00000, 0x0000000753c00000| Untracked 
| 671|0x0000000753e00000, 0x0000000753e00000, 0x0000000754000000|  0%| F|  |TAMS 0x0000000753e00000, 0x0000000753e00000| Untracked 
| 672|0x0000000754000000, 0x0000000754000000, 0x0000000754200000|  0%| F|  |TAMS 0x0000000754000000, 0x0000000754000000| Untracked 
| 673|0x0000000754200000, 0x0000000754200000, 0x0000000754400000|  0%| F|  |TAMS 0x0000000754200000, 0x0000000754200000| Untracked 
| 674|0x0000000754400000, 0x0000000754400000, 0x0000000754600000|  0%| F|  |TAMS 0x0000000754400000, 0x0000000754400000| Untracked 
| 675|0x0000000754600000, 0x0000000754600000, 0x0000000754800000|  0%| F|  |TAMS 0x0000000754600000, 0x0000000754600000| Untracked 
| 676|0x0000000754800000, 0x0000000754800000, 0x0000000754a00000|  0%| F|  |TAMS 0x0000000754800000, 0x0000000754800000| Untracked 
| 677|0x0000000754a00000, 0x0000000754a00000, 0x0000000754c00000|  0%| F|  |TAMS 0x0000000754a00000, 0x0000000754a00000| Untracked 
| 678|0x0000000754c00000, 0x0000000754c00000, 0x0000000754e00000|  0%| F|  |TAMS 0x0000000754c00000, 0x0000000754c00000| Untracked 
| 679|0x0000000754e00000, 0x0000000754e00000, 0x0000000755000000|  0%| F|  |TAMS 0x0000000754e00000, 0x0000000754e00000| Untracked 
| 680|0x0000000755000000, 0x0000000755000000, 0x0000000755200000|  0%| F|  |TAMS 0x0000000755000000, 0x0000000755000000| Untracked 
| 681|0x0000000755200000, 0x0000000755200000, 0x0000000755400000|  0%| F|  |TAMS 0x0000000755200000, 0x0000000755200000| Untracked 
| 682|0x0000000755400000, 0x0000000755400000, 0x0000000755600000|  0%| F|  |TAMS 0x0000000755400000, 0x0000000755400000| Untracked 
| 683|0x0000000755600000, 0x0000000755600000, 0x0000000755800000|  0%| F|  |TAMS 0x0000000755600000, 0x0000000755600000| Untracked 
| 684|0x0000000755800000, 0x0000000755800000, 0x0000000755a00000|  0%| F|  |TAMS 0x0000000755800000, 0x0000000755800000| Untracked 
| 685|0x0000000755a00000, 0x0000000755a00000, 0x0000000755c00000|  0%| F|  |TAMS 0x0000000755a00000, 0x0000000755a00000| Untracked 
| 686|0x0000000755c00000, 0x0000000755c00000, 0x0000000755e00000|  0%| F|  |TAMS 0x0000000755c00000, 0x0000000755c00000| Untracked 
| 687|0x0000000755e00000, 0x0000000755e00000, 0x0000000756000000|  0%| F|  |TAMS 0x0000000755e00000, 0x0000000755e00000| Untracked 
| 688|0x0000000756000000, 0x0000000756000000, 0x0000000756200000|  0%| F|  |TAMS 0x0000000756000000, 0x0000000756000000| Untracked 
| 689|0x0000000756200000, 0x0000000756200000, 0x0000000756400000|  0%| F|  |TAMS 0x0000000756200000, 0x0000000756200000| Untracked 
| 690|0x0000000756400000, 0x0000000756400000, 0x0000000756600000|  0%| F|  |TAMS 0x0000000756400000, 0x0000000756400000| Untracked 
| 691|0x0000000756600000, 0x0000000756600000, 0x0000000756800000|  0%| F|  |TAMS 0x0000000756600000, 0x0000000756600000| Untracked 
| 692|0x0000000756800000, 0x0000000756800000, 0x0000000756a00000|  0%| F|  |TAMS 0x0000000756800000, 0x0000000756800000| Untracked 
| 693|0x0000000756a00000, 0x0000000756a00000, 0x0000000756c00000|  0%| F|  |TAMS 0x0000000756a00000, 0x0000000756a00000| Untracked 
| 694|0x0000000756c00000, 0x0000000756c00000, 0x0000000756e00000|  0%| F|  |TAMS 0x0000000756c00000, 0x0000000756c00000| Untracked 
| 695|0x0000000756e00000, 0x0000000756e00000, 0x0000000757000000|  0%| F|  |TAMS 0x0000000756e00000, 0x0000000756e00000| Untracked 
| 696|0x0000000757000000, 0x0000000757000000, 0x0000000757200000|  0%| F|  |TAMS 0x0000000757000000, 0x0000000757000000| Untracked 
| 697|0x0000000757200000, 0x0000000757200000, 0x0000000757400000|  0%| F|  |TAMS 0x0000000757200000, 0x0000000757200000| Untracked 
| 698|0x0000000757400000, 0x0000000757400000, 0x0000000757600000|  0%| F|  |TAMS 0x0000000757400000, 0x0000000757400000| Untracked 
| 699|0x0000000757600000, 0x0000000757600000, 0x0000000757800000|  0%| F|  |TAMS 0x0000000757600000, 0x0000000757600000| Untracked 
| 700|0x0000000757800000, 0x0000000757800000, 0x0000000757a00000|  0%| F|  |TAMS 0x0000000757800000, 0x0000000757800000| Untracked 
| 701|0x0000000757a00000, 0x0000000757a00000, 0x0000000757c00000|  0%| F|  |TAMS 0x0000000757a00000, 0x0000000757a00000| Untracked 
| 702|0x0000000757c00000, 0x0000000757c00000, 0x0000000757e00000|  0%| F|  |TAMS 0x0000000757c00000, 0x0000000757c00000| Untracked 
| 703|0x0000000757e00000, 0x0000000757e00000, 0x0000000758000000|  0%| F|  |TAMS 0x0000000757e00000, 0x0000000757e00000| Untracked 
| 704|0x0000000758000000, 0x0000000758000000, 0x0000000758200000|  0%| F|  |TAMS 0x0000000758000000, 0x0000000758000000| Untracked 
| 705|0x0000000758200000, 0x0000000758200000, 0x0000000758400000|  0%| F|  |TAMS 0x0000000758200000, 0x0000000758200000| Untracked 
| 706|0x0000000758400000, 0x0000000758400000, 0x0000000758600000|  0%| F|  |TAMS 0x0000000758400000, 0x0000000758400000| Untracked 
| 707|0x0000000758600000, 0x0000000758600000, 0x0000000758800000|  0%| F|  |TAMS 0x0000000758600000, 0x0000000758600000| Untracked 
| 708|0x0000000758800000, 0x0000000758800000, 0x0000000758a00000|  0%| F|  |TAMS 0x0000000758800000, 0x0000000758800000| Untracked 
| 709|0x0000000758a00000, 0x0000000758a00000, 0x0000000758c00000|  0%| F|  |TAMS 0x0000000758a00000, 0x0000000758a00000| Untracked 
| 710|0x0000000758c00000, 0x0000000758c00000, 0x0000000758e00000|  0%| F|  |TAMS 0x0000000758c00000, 0x0000000758c00000| Untracked 
| 711|0x0000000758e00000, 0x0000000758e00000, 0x0000000759000000|  0%| F|  |TAMS 0x0000000758e00000, 0x0000000758e00000| Untracked 
| 712|0x0000000759000000, 0x0000000759000000, 0x0000000759200000|  0%| F|  |TAMS 0x0000000759000000, 0x0000000759000000| Untracked 
| 713|0x0000000759200000, 0x0000000759200000, 0x0000000759400000|  0%| F|  |TAMS 0x0000000759200000, 0x0000000759200000| Untracked 
| 714|0x0000000759400000, 0x0000000759400000, 0x0000000759600000|  0%| F|  |TAMS 0x0000000759400000, 0x0000000759400000| Untracked 
| 715|0x0000000759600000, 0x0000000759600000, 0x0000000759800000|  0%| F|  |TAMS 0x0000000759600000, 0x0000000759600000| Untracked 
| 716|0x0000000759800000, 0x0000000759800000, 0x0000000759a00000|  0%| F|  |TAMS 0x0000000759800000, 0x0000000759800000| Untracked 
| 717|0x0000000759a00000, 0x0000000759a00000, 0x0000000759c00000|  0%| F|  |TAMS 0x0000000759a00000, 0x0000000759a00000| Untracked 
| 718|0x0000000759c00000, 0x0000000759c00000, 0x0000000759e00000|  0%| F|  |TAMS 0x0000000759c00000, 0x0000000759c00000| Untracked 
| 719|0x0000000759e00000, 0x0000000759e00000, 0x000000075a000000|  0%| F|  |TAMS 0x0000000759e00000, 0x0000000759e00000| Untracked 
| 720|0x000000075a000000, 0x000000075a000000, 0x000000075a200000|  0%| F|  |TAMS 0x000000075a000000, 0x000000075a000000| Untracked 
| 721|0x000000075a200000, 0x000000075a200000, 0x000000075a400000|  0%| F|  |TAMS 0x000000075a200000, 0x000000075a200000| Untracked 
| 722|0x000000075a400000, 0x000000075a400000, 0x000000075a600000|  0%| F|  |TAMS 0x000000075a400000, 0x000000075a400000| Untracked 
| 723|0x000000075a600000, 0x000000075a600000, 0x000000075a800000|  0%| F|  |TAMS 0x000000075a600000, 0x000000075a600000| Untracked 
| 724|0x000000075a800000, 0x000000075a800000, 0x000000075aa00000|  0%| F|  |TAMS 0x000000075a800000, 0x000000075a800000| Untracked 
| 725|0x000000075aa00000, 0x000000075aa00000, 0x000000075ac00000|  0%| F|  |TAMS 0x000000075aa00000, 0x000000075aa00000| Untracked 
| 726|0x000000075ac00000, 0x000000075ac00000, 0x000000075ae00000|  0%| F|  |TAMS 0x000000075ac00000, 0x000000075ac00000| Untracked 
| 727|0x000000075ae00000, 0x000000075ae00000, 0x000000075b000000|  0%| F|  |TAMS 0x000000075ae00000, 0x000000075ae00000| Untracked 
| 728|0x000000075b000000, 0x000000075b000000, 0x000000075b200000|  0%| F|  |TAMS 0x000000075b000000, 0x000000075b000000| Untracked 
| 729|0x000000075b200000, 0x000000075b200000, 0x000000075b400000|  0%| F|  |TAMS 0x000000075b200000, 0x000000075b200000| Untracked 
| 730|0x000000075b400000, 0x000000075b400000, 0x000000075b600000|  0%| F|  |TAMS 0x000000075b400000, 0x000000075b400000| Untracked 
| 731|0x000000075b600000, 0x000000075b600000, 0x000000075b800000|  0%| F|  |TAMS 0x000000075b600000, 0x000000075b600000| Untracked 

Card table byte_map: [0x000001c1a3b00000,0x000001c1a4300000] _byte_map_base: 0x000001c1a0300000

Marking Bits (Prev, Next): (CMBitMap*) 0x000001c18c774720, (CMBitMap*) 0x000001c18c774760
 Prev Bits: [0x000001c1a4b00000, 0x000001c1a8b00000)
 Next Bits: [0x000001c1a8b00000, 0x000001c1acb00000)

Polling page: 0x000001c18bed0000

Metaspace:

Usage:
  Non-class:    136.74 MB used.
      Class:     20.56 MB used.
       Both:    157.30 MB used.

Virtual space:
  Non-class space:      192.00 MB reserved,     137.88 MB ( 72%) committed,  3 nodes.
      Class space:        1.00 GB reserved,      21.50 MB (  2%) committed,  1 nodes.
             Both:        1.19 GB reserved,     159.38 MB ( 13%) committed. 

Chunk freelists:
   Non-Class:  5.72 MB
       Class:  10.55 MB
        Both:  16.27 MB

MaxMetaspaceSize: unlimited
CompressedClassSpaceSize: 1.00 GB
Initial GC threshold: 21.00 MB
Current GC threshold: 265.56 MB
CDS: on
MetaspaceReclaimPolicy: balanced
 - commit_granule_bytes: 65536.
 - commit_granule_words: 8192.
 - virtual_space_node_default_size: 8388608.
 - enlarge_chunks_in_place: 1.
 - new_chunks_are_fully_committed: 0.
 - uncommit_free_chunks: 1.
 - use_allocation_guard: 0.
 - handle_deallocations: 1.


Internal statistics:

num_allocs_failed_limit: 21.
num_arena_births: 3092.
num_arena_deaths: 174.
num_vsnodes_births: 4.
num_vsnodes_deaths: 0.
num_space_committed: 2551.
num_space_uncommitted: 2.
num_chunks_returned_to_freelist: 402.
num_chunks_taken_from_freelist: 10655.
num_chunk_merges: 80.
num_chunk_splits: 6495.
num_chunks_enlarged: 3864.
num_inconsistent_stats: 0.

CodeHeap 'non-profiled nmethods': size=120000Kb used=35908Kb max_used=35908Kb free=84091Kb
 bounds [0x000001c19ba90000, 0x000001c19dde0000, 0x000001c1a2fc0000]
CodeHeap 'profiled nmethods': size=120000Kb used=71342Kb max_used=72385Kb free=48657Kb
 bounds [0x000001c193fc0000, 0x000001c198690000, 0x000001c19b4f0000]
CodeHeap 'non-nmethods': size=5760Kb used=2570Kb max_used=2649Kb free=3189Kb
 bounds [0x000001c19b4f0000, 0x000001c19b790000, 0x000001c19ba90000]
 total_blobs=36273 nmethods=35172 adapters=1010
 compilation: enabled
              stopped_count=0, restarted_count=0
 full_count=0

Compilation events (20 events):
Event: 249.742 Thread 0x000001c1af530d90 nmethod 49293 0x000001c19da7a190 code [0x000001c19da7a520, 0x000001c19da7bd00]
Event: 249.743 Thread 0x000001c1af530d90 49303       4       com.android.tools.r8.ir.regalloc.b$$Lambda$3597/0x000001c1b24c16d0::test (12 bytes)
Event: 249.745 Thread 0x000001c1af530d90 nmethod 49303 0x000001c19dc38d90 code [0x000001c19dc38f20, 0x000001c19dc390b8]
Event: 249.745 Thread 0x000001c1af530d90 49151       4       com.android.tools.r8.graph.z::equals (52 bytes)
Event: 249.755 Thread 0x000001c1af530d90 nmethod 49151 0x000001c19dc38290 code [0x000001c19dc38420, 0x000001c19dc38a18]
Event: 249.755 Thread 0x000001c1af530d90 49454       4       com.android.tools.r8.internal.z8::a (236 bytes)
Event: 249.770 Thread 0x000001c1af530d90 nmethod 49454 0x000001c19d9a6990 code [0x000001c19d9a6ba0, 0x000001c19d9a7488]
Event: 249.770 Thread 0x000001c1af530d90 49304       4       com.android.tools.r8.ir.regalloc.b$$Lambda$3606/0x000001c1b24c26b8::test (12 bytes)
Event: 249.776 Thread 0x000001c1af531840 49456       2       com.android.tools.r8.internal.ko$$Lambda$4182/0x000001c1b1e819c8::apply (8 bytes)
Event: 249.776 Thread 0x000001c1af531840 nmethod 49456 0x000001c1984b4c10 code [0x000001c1984b4da0, 0x000001c1984b4fb8]
Event: 249.776 Thread 0x000001c1af531840 49457       2       com.android.tools.r8.internal.ko::a (8 bytes)
Event: 249.776 Thread 0x000001c1af531840 nmethod 49457 0x000001c197ad2110 code [0x000001c197ad22a0, 0x000001c197ad2458]
Event: 249.776 Thread 0x000001c1af531840 49458       2       com.android.tools.r8.internal.ko$$Lambda$4183/0x000001c1b1e81c00::test (8 bytes)
Event: 249.777 Thread 0x000001c1af531840 nmethod 49458 0x000001c197adc510 code [0x000001c197adc6c0, 0x000001c197adc8d8]
Event: 249.778 Thread 0x000001c1f86bf450 nmethod 49285 0x000001c19dc03710 code [0x000001c19dc03dc0, 0x000001c19dc09dc8]
Event: 249.778 Thread 0x000001c1f86bf450 49455       4       com.android.tools.r8.internal.B4::a (352 bytes)
Event: 249.782 Thread 0x000001c1af530d90 nmethod 49304 0x000001c19dc02810 code [0x000001c19dc02a60, 0x000001c19dc030d8]
Event: 249.782 Thread 0x000001c1af530d90 49459       4       com.android.tools.r8.internal.z8::i (283 bytes)
Event: 249.815 Thread 0x000001c1af530d90 nmethod 49459 0x000001c19dc18990 code [0x000001c19dc18be0, 0x000001c19dc19e88]
Event: 249.816 Thread 0x000001c1af530d90 49460       4       com.android.tools.r8.internal.B4::h (204 bytes)

GC Heap History (20 events):
Event: 241.556 GC heap after
{Heap after GC invocations=133 (full 0):
 garbage-first heap   total 1048576K, used 460387K [0x0000000700000000, 0x0000000800000000)
  region size 2048K, 19 young (38912K), 19 survivors (38912K)
 Metaspace       used 159266K, committed 161600K, reserved 1245184K
  class space    used 20775K, committed 21952K, reserved 1048576K
}
Event: 242.184 GC heap before
{Heap before GC invocations=133 (full 0):
 garbage-first heap   total 1048576K, used 880227K [0x0000000700000000, 0x0000000800000000)
  region size 2048K, 225 young (460800K), 19 survivors (38912K)
 Metaspace       used 160747K, committed 162816K, reserved 1245184K
  class space    used 21018K, committed 21952K, reserved 1048576K
}
Event: 242.224 GC heap after
{Heap after GC invocations=134 (full 0):
 garbage-first heap   total 1048576K, used 482384K [0x0000000700000000, 0x0000000800000000)
  region size 2048K, 27 young (55296K), 27 survivors (55296K)
 Metaspace       used 160747K, committed 162816K, reserved 1245184K
  class space    used 21018K, committed 21952K, reserved 1048576K
}
Event: 242.723 GC heap before
{Heap before GC invocations=134 (full 0):
 garbage-first heap   total 1048576K, used 865360K [0x0000000700000000, 0x0000000800000000)
  region size 2048K, 215 young (440320K), 27 survivors (55296K)
 Metaspace       used 160754K, committed 162816K, reserved 1245184K
  class space    used 21018K, committed 21952K, reserved 1048576K
}
Event: 242.765 GC heap after
{Heap after GC invocations=135 (full 0):
 garbage-first heap   total 1048576K, used 505402K [0x0000000700000000, 0x0000000800000000)
  region size 2048K, 20 young (40960K), 20 survivors (40960K)
 Metaspace       used 160754K, committed 162816K, reserved 1245184K
  class space    used 21018K, committed 21952K, reserved 1048576K
}
Event: 243.175 GC heap before
{Heap before GC invocations=135 (full 0):
 garbage-first heap   total 1048576K, used 861754K [0x0000000700000000, 0x0000000800000000)
  region size 2048K, 195 young (399360K), 20 survivors (40960K)
 Metaspace       used 160762K, committed 162880K, reserved 1245184K
  class space    used 21018K, committed 21952K, reserved 1048576K
}
Event: 243.218 GC heap after
{Heap after GC invocations=136 (full 0):
 garbage-first heap   total 1206272K, used 530706K [0x0000000700000000, 0x0000000800000000)
  region size 2048K, 17 young (34816K), 17 survivors (34816K)
 Metaspace       used 160762K, committed 162880K, reserved 1245184K
  class space    used 21018K, committed 21952K, reserved 1048576K
}
Event: 243.842 GC heap before
{Heap before GC invocations=136 (full 0):
 garbage-first heap   total 1206272K, used 979218K [0x0000000700000000, 0x0000000800000000)
  region size 2048K, 236 young (483328K), 17 survivors (34816K)
 Metaspace       used 160982K, committed 163072K, reserved 1245184K
  class space    used 21053K, committed 22016K, reserved 1048576K
}
Event: 243.896 GC heap after
{Heap after GC invocations=137 (full 0):
 garbage-first heap   total 1206272K, used 560119K [0x0000000700000000, 0x0000000800000000)
  region size 2048K, 16 young (32768K), 16 survivors (32768K)
 Metaspace       used 160982K, committed 163072K, reserved 1245184K
  class space    used 21053K, committed 22016K, reserved 1048576K
}
Event: 244.440 GC heap before
{Heap before GC invocations=137 (full 0):
 garbage-first heap   total 1206272K, used 986103K [0x0000000700000000, 0x0000000800000000)
  region size 2048K, 225 young (460800K), 16 survivors (32768K)
 Metaspace       used 160991K, committed 163136K, reserved 1245184K
  class space    used 21053K, committed 22016K, reserved 1048576K
}
Event: 244.486 GC heap after
{Heap after GC invocations=138 (full 0):
 garbage-first heap   total 1206272K, used 584055K [0x0000000700000000, 0x0000000800000000)
  region size 2048K, 13 young (26624K), 13 survivors (26624K)
 Metaspace       used 160991K, committed 163136K, reserved 1245184K
  class space    used 21053K, committed 22016K, reserved 1048576K
}
Event: 245.034 GC heap before
{Heap before GC invocations=138 (full 0):
 garbage-first heap   total 1206272K, used 997751K [0x0000000700000000, 0x0000000800000000)
  region size 2048K, 215 young (440320K), 13 survivors (26624K)
 Metaspace       used 161012K, committed 163136K, reserved 1245184K
  class space    used 21055K, committed 22016K, reserved 1048576K
}
Event: 245.072 GC heap after
{Heap after GC invocations=139 (full 0):
 garbage-first heap   total 1206272K, used 607861K [0x0000000700000000, 0x0000000800000000)
  region size 2048K, 24 young (49152K), 24 survivors (49152K)
 Metaspace       used 161012K, committed 163136K, reserved 1245184K
  class space    used 21055K, committed 22016K, reserved 1048576K
}
Event: 246.008 GC heap before
{Heap before GC invocations=139 (full 0):
 garbage-first heap   total 1499136K, used 978549K [0x0000000700000000, 0x0000000800000000)
  region size 2048K, 216 young (442368K), 24 survivors (49152K)
 Metaspace       used 161022K, committed 163136K, reserved 1245184K
  class space    used 21055K, committed 22016K, reserved 1048576K
}
Event: 246.179 GC heap after
{Heap after GC invocations=140 (full 0):
 garbage-first heap   total 1499136K, used 589648K [0x0000000700000000, 0x0000000800000000)
  region size 2048K, 18 young (36864K), 18 survivors (36864K)
 Metaspace       used 161022K, committed 163136K, reserved 1245184K
  class space    used 21055K, committed 22016K, reserved 1048576K
}
Event: 248.199 GC heap before
{Heap before GC invocations=141 (full 0):
 garbage-first heap   total 1499136K, used 1224528K [0x0000000700000000, 0x0000000800000000)
  region size 2048K, 329 young (673792K), 18 survivors (36864K)
 Metaspace       used 161028K, committed 163136K, reserved 1245184K
  class space    used 21055K, committed 22016K, reserved 1048576K
}
Event: 248.255 GC heap after
{Heap after GC invocations=142 (full 0):
 garbage-first heap   total 1499136K, used 612000K [0x0000000700000000, 0x0000000800000000)
  region size 2048K, 29 young (59392K), 29 survivors (59392K)
 Metaspace       used 161028K, committed 163136K, reserved 1245184K
  class space    used 21055K, committed 22016K, reserved 1048576K
}
Event: 248.295 GC heap before
{Heap before GC invocations=142 (full 0):
 garbage-first heap   total 1499136K, used 626336K [0x0000000700000000, 0x0000000800000000)
  region size 2048K, 36 young (73728K), 29 survivors (59392K)
 Metaspace       used 161028K, committed 163136K, reserved 1245184K
  class space    used 21055K, committed 22016K, reserved 1048576K
}
Event: 248.387 GC heap after
{Heap after GC invocations=143 (full 0):
 garbage-first heap   total 1499136K, used 580213K [0x0000000700000000, 0x0000000800000000)
  region size 2048K, 4 young (8192K), 4 survivors (8192K)
 Metaspace       used 161028K, committed 163136K, reserved 1245184K
  class space    used 21055K, committed 22016K, reserved 1048576K
}
Event: 249.823 GC heap before
{Heap before GC invocations=143 (full 0):
 garbage-first heap   total 1499136K, used 1237621K [0x0000000700000000, 0x0000000800000000)
  region size 2048K, 325 young (665600K), 4 survivors (8192K)
 Metaspace       used 161074K, committed 163200K, reserved 1245184K
  class space    used 21055K, committed 22016K, reserved 1048576K
}

Deoptimization events (20 events):
Event: 249.514 Thread 0x000001c1f6c891d0 DEOPT PACKING pc=0x000001c198649327 sp=0x000000b9f05fa5f0
Event: 249.514 Thread 0x000001c1f6c891d0 DEOPT UNPACKING pc=0x000001c19b5466e3 sp=0x000000b9f05f9e70 mode 0
Event: 249.533 Thread 0x000001c1fadb1720 DEOPT PACKING pc=0x000001c198649327 sp=0x000000b9ed7fa0e0
Event: 249.533 Thread 0x000001c1fadb1720 DEOPT UNPACKING pc=0x000001c19b5466e3 sp=0x000000b9ed7f9960 mode 0
Event: 249.543 Thread 0x000001c1f6c891d0 DEOPT PACKING pc=0x000001c19862e024 sp=0x000000b9f05fa810
Event: 249.543 Thread 0x000001c1f6c891d0 DEOPT UNPACKING pc=0x000001c19b5466e3 sp=0x000000b9f05f9eb8 mode 0
Event: 249.588 Thread 0x000001c1f597ea30 DEOPT PACKING pc=0x000001c19862dfca sp=0x000000b9ef4fa0d0
Event: 249.588 Thread 0x000001c1f597ea30 DEOPT UNPACKING pc=0x000001c19b5466e3 sp=0x000000b9ef4f9770 mode 0
Event: 249.697 Thread 0x000001c1f6c891d0 DEOPT PACKING pc=0x000001c19862ed30 sp=0x000000b9f05fa810
Event: 249.697 Thread 0x000001c1f6c891d0 DEOPT UNPACKING pc=0x000001c19b5466e3 sp=0x000000b9f05f9eb8 mode 0
Event: 249.709 Thread 0x000001c1f6c891d0 DEOPT PACKING pc=0x000001c198649327 sp=0x000000b9f05fa5f0
Event: 249.709 Thread 0x000001c1f6c891d0 DEOPT UNPACKING pc=0x000001c19b5466e3 sp=0x000000b9f05f9e70 mode 0
Event: 249.761 Thread 0x000001c1f597ea30 DEOPT PACKING pc=0x000001c19864949a sp=0x000000b9ef4f9eb0
Event: 249.761 Thread 0x000001c1f597ea30 DEOPT UNPACKING pc=0x000001c19b5466e3 sp=0x000000b9ef4f9738 mode 0
Event: 249.766 Thread 0x000001c1f8146070 DEOPT PACKING pc=0x000001c19862e066 sp=0x000000b9eb5fa4b0
Event: 249.766 Thread 0x000001c1f8146070 DEOPT UNPACKING pc=0x000001c19b5466e3 sp=0x000000b9eb5f9b58 mode 0
Event: 249.781 Thread 0x000001c1f5983110 DEOPT PACKING pc=0x000001c19864906f sp=0x000000b9eedfa280
Event: 249.781 Thread 0x000001c1f5983110 DEOPT UNPACKING pc=0x000001c19b5466e3 sp=0x000000b9eedf9b08 mode 0
Event: 249.808 Thread 0x000001c1fadb7c60 DEOPT PACKING pc=0x000001c19862ed30 sp=0x000000b9ee7fa4c0
Event: 249.808 Thread 0x000001c1fadb7c60 DEOPT UNPACKING pc=0x000001c19b5466e3 sp=0x000000b9ee7f9b68 mode 0

Classes unloaded (20 events):
Event: 231.665 Thread 0x000001c1af50d1e0 Unloading class 0x000001c1b226f2b8 'jdk/internal/jimage/ImageHeader'
Event: 231.665 Thread 0x000001c1af50d1e0 Unloading class 0x000001c1b226f088 'jdk/internal/jimage/BasicImageReader$2'
Event: 231.665 Thread 0x000001c1af50d1e0 Unloading class 0x000001c1b226ee58 'jdk/internal/jimage/BasicImageReader$1'
Event: 231.665 Thread 0x000001c1af50d1e0 Unloading class 0x000001c1b226ebf0 'jdk/internal/jimage/ImageReader$Resource'
Event: 231.665 Thread 0x000001c1af50d1e0 Unloading class 0x000001c1b226e988 'jdk/internal/jimage/ImageReader$LinkNode'
Event: 231.665 Thread 0x000001c1af50d1e0 Unloading class 0x000001c1b226e720 'jdk/internal/jimage/ImageReader$Directory'
Event: 231.665 Thread 0x000001c1af50d1e0 Unloading class 0x000001c1b226e4b8 'jdk/internal/jimage/ImageReader$Node'
Event: 231.665 Thread 0x000001c1af50d1e0 Unloading class 0x000001c1b226e2c0 'jdk/internal/jimage/ImageStrings'
Event: 231.665 Thread 0x000001c1af50d1e0 Unloading class 0x000001c1b226e000 'jdk/internal/jimage/ImageReader$SharedImageReader'
Event: 231.665 Thread 0x000001c1af50d1e0 Unloading class 0x000001c1b226dd28 'jdk/internal/jimage/BasicImageReader'
Event: 231.665 Thread 0x000001c1af50d1e0 Unloading class 0x000001c1b226db08 'jdk/internal/jimage/ImageReader'
Event: 231.665 Thread 0x000001c1af50d1e0 Unloading class 0x000001c1b226d8e0 'jdk/internal/jrtfs/SystemImage$2'
Event: 231.665 Thread 0x000001c1af50d1e0 Unloading class 0x000001c1b226d6c8 'jdk/internal/jrtfs/SystemImage$$Lambda$2117+0x000001c1b226d6c8'
Event: 231.665 Thread 0x000001c1af50d1e0 Unloading class 0x000001c1b226d498 'jdk/internal/jrtfs/ExplodedImage'
Event: 231.665 Thread 0x000001c1af50d1e0 Unloading class 0x000001c1b226d260 'jdk/internal/jrtfs/SystemImage$1'
Event: 231.665 Thread 0x000001c1af50d1e0 Unloading class 0x000001c1b226cdd8 'jdk/internal/jrtfs/SystemImage'
Event: 231.665 Thread 0x000001c1af50d1e0 Unloading class 0x000001c1b226d000 'jdk/internal/jrtfs/JrtFileStore'
Event: 231.665 Thread 0x000001c1af50d1e0 Unloading class 0x000001c1b226c400 'jdk/internal/jrtfs/JrtPath'
Event: 231.665 Thread 0x000001c1af50d1e0 Unloading class 0x000001c1b226cae0 'jdk/internal/jrtfs/JrtFileSystem'
Event: 231.665 Thread 0x000001c1af50d1e0 Unloading class 0x000001c1b226c800 'jdk/internal/jrtfs/JrtFileSystemProvider'

Classes redefined (0 events):
No events

Internal exceptions (20 events):
Event: 245.253 Thread 0x000001c1f81479c0 Exception <a 'sun/nio/fs/WindowsException'{0x0000000744378e38}> (0x0000000744378e38) 
thrown [s\open\src\hotspot\share\prims\jni.cpp, line 516]
Event: 245.264 Thread 0x000001c1f81479c0 Exception <a 'sun/nio/fs/WindowsException'{0x00000007441bb1d0}> (0x00000007441bb1d0) 
thrown [s\open\src\hotspot\share\prims\jni.cpp, line 516]
Event: 245.309 Thread 0x000001c1f814bb90 Exception <a 'sun/nio/fs/WindowsException'{0x0000000742c1ec28}> (0x0000000742c1ec28) 
thrown [s\open\src\hotspot\share\prims\jni.cpp, line 516]
Event: 245.407 Thread 0x000001c1f81479c0 Exception <a 'sun/nio/fs/WindowsException'{0x000000073fc0c620}> (0x000000073fc0c620) 
thrown [s\open\src\hotspot\share\prims\jni.cpp, line 516]
Event: 245.469 Thread 0x000001c1f814bb90 Exception <a 'sun/nio/fs/WindowsException'{0x000000073eb930a0}> (0x000000073eb930a0) 
thrown [s\open\src\hotspot\share\prims\jni.cpp, line 516]
Event: 245.578 Thread 0x000001c1f814bb90 Exception <a 'sun/nio/fs/WindowsException'{0x000000073be58cc0}> (0x000000073be58cc0) 
thrown [s\open\src\hotspot\share\prims\jni.cpp, line 516]
Event: 245.627 Thread 0x000001c1f597ef40 Exception <a 'sun/nio/fs/WindowsException'{0x000000073a57f910}> (0x000000073a57f910) 
thrown [s\open\src\hotspot\share\prims\jni.cpp, line 516]
Event: 245.756 Thread 0x000001c1f597ef40 Exception <a 'sun/nio/fs/WindowsException'{0x0000000736801430}> (0x0000000736801430) 
thrown [s\open\src\hotspot\share\prims\jni.cpp, line 516]
Event: 245.863 Thread 0x000001c1f81479c0 Exception <a 'sun/nio/fs/WindowsException'{0x00000007598f9af8}> (0x00000007598f9af8) 
thrown [s\open\src\hotspot\share\prims\jni.cpp, line 516]
Event: 245.878 Thread 0x000001c1f6c8c470 Exception <a 'sun/nio/fs/WindowsException'{0x000000075a6889a8}> (0x000000075a6889a8) 
thrown [s\open\src\hotspot\share\prims\jni.cpp, line 516]
Event: 246.274 Thread 0x000001c1f597d0e0 Exception <a 'sun/nio/fs/WindowsException'{0x00000007580ff770}> (0x00000007580ff770) 
thrown [s\open\src\hotspot\share\prims\jni.cpp, line 516]
Event: 246.739 Thread 0x000001c1f6c8ddc0 Exception <a 'sun/nio/fs/WindowsException'{0x0000000751593728}> (0x0000000751593728) 
thrown [s\open\src\hotspot\share\prims\jni.cpp, line 516]
Event: 246.818 Thread 0x000001c1f6c8ddc0 Exception <a 'sun/nio/fs/WindowsException'{0x00000007507f5f20}> (0x00000007507f5f20) 
thrown [s\open\src\hotspot\share\prims\jni.cpp, line 516]
Event: 246.932 Thread 0x000001c1fadb7c60 Exception <a 'sun/nio/fs/WindowsException'{0x000000074e3930a0}> (0x000000074e3930a0) 
thrown [s\open\src\hotspot\share\prims\jni.cpp, line 516]
Event: 247.523 Thread 0x000001c1f597d0e0 Exception <a 'sun/nio/fs/WindowsException'{0x0000000743fa5748}> (0x0000000743fa5748) 
thrown [s\open\src\hotspot\share\prims\jni.cpp, line 516]
Event: 247.528 Thread 0x000001c1fadb1720 Exception <a 'sun/nio/fs/WindowsException'{0x0000000743a63dc8}> (0x0000000743a63dc8) 
thrown [s\open\src\hotspot\share\prims\jni.cpp, line 516]
Event: 247.703 Thread 0x000001c1fadb7750 Exception <a 'sun/nio/fs/WindowsException'{0x000000073c89cd68}> (0x000000073c89cd68) 
thrown [s\open\src\hotspot\share\prims\jni.cpp, line 516]
Event: 247.728 Thread 0x000001c1fadb7750 Exception <a 'sun/nio/fs/WindowsException'{0x000000073c3e5fa0}> (0x000000073c3e5fa0) 
thrown [s\open\src\hotspot\share\prims\jni.cpp, line 516]
Event: 247.818 Thread 0x000001c1f8146070 Exception <a 'sun/nio/fs/WindowsException'{0x00000007396a97a8}> (0x00000007396a97a8) 
thrown [s\open\src\hotspot\share\prims\jni.cpp, line 516]
Event: 249.725 Thread 0x000001c1fadb02e0 Exception <a 'sun/nio/fs/WindowsException'{0x000000073629e698}> (0x000000073629e698) 
thrown [s\open\src\hotspot\share\prims\jni.cpp, line 516]

VM Operations (20 events):
Event: 245.073 Executing VM operation: G1CollectForAllocation done
Event: 245.352 Executing VM operation: HandshakeAllThreads
Event: 245.401 Executing VM operation: HandshakeAllThreads done
Event: 245.760 Executing VM operation: G1Concurrent
Event: 245.793 Executing VM operation: G1Concurrent done
Event: 246.008 Executing VM operation: G1CollectForAllocation
Event: 246.182 Executing VM operation: G1CollectForAllocation done
Event: 246.281 Executing VM operation: G1Concurrent
Event: 246.293 Executing VM operation: G1Concurrent done
Event: 247.317 Executing VM operation: Cleanup
Event: 247.373 Executing VM operation: Cleanup done
Event: 247.726 Executing VM operation: HandshakeAllThreads
Event: 247.750 Executing VM operation: HandshakeAllThreads done
Event: 248.129 Executing VM operation: G1CollectForAllocation
Event: 248.262 Executing VM operation: G1CollectForAllocation done
Event: 248.294 Executing VM operation: G1CollectForAllocation
Event: 248.389 Executing VM operation: G1CollectForAllocation done
Event: 249.399 Executing VM operation: Cleanup
Event: 249.512 Executing VM operation: Cleanup done
Event: 249.822 Executing VM operation: G1CollectForAllocation

Events (20 events):
Event: 247.956 Thread 0x000001c1af532240 flushing nmethod 0x000001c197abf910
Event: 247.956 Thread 0x000001c1af532240 flushing nmethod 0x000001c197aca910
Event: 247.956 Thread 0x000001c1af532240 flushing nmethod 0x000001c197adc510
Event: 247.957 Thread 0x000001c1af532240 flushing nmethod 0x000001c197b01f90
Event: 247.957 Thread 0x000001c1af532240 flushing nmethod 0x000001c197b1f890
Event: 247.957 Thread 0x000001c1af532240 flushing nmethod 0x000001c197b44e10
Event: 247.957 Thread 0x000001c1af532240 flushing nmethod 0x000001c197b7d110
Event: 247.959 Thread 0x000001c1af532240 flushing nmethod 0x000001c197d7a610
Event: 247.962 Thread 0x000001c1af532240 flushing nmethod 0x000001c198065c10
Event: 247.963 Thread 0x000001c1af532240 flushing nmethod 0x000001c1981a1990
Event: 247.963 Thread 0x000001c1af532240 flushing nmethod 0x000001c1981a2990
Event: 247.963 Thread 0x000001c1af532240 flushing nmethod 0x000001c1981c2010
Event: 247.964 Thread 0x000001c1af532240 flushing nmethod 0x000001c1982fbe90
Event: 247.965 Thread 0x000001c1af532240 flushing nmethod 0x000001c198354c10
Event: 247.965 Thread 0x000001c1af532240 flushing nmethod 0x000001c1983a4910
Event: 247.965 Thread 0x000001c1af532240 flushing nmethod 0x000001c1983d6990
Event: 247.965 Thread 0x000001c1af532240 flushing nmethod 0x000001c198406090
Event: 247.966 Thread 0x000001c1af532240 flushing nmethod 0x000001c198434b10
Event: 247.966 Thread 0x000001c1af532240 flushing nmethod 0x000001c198448b90
Event: 247.966 Thread 0x000001c1af532240 flushing nmethod 0x000001c198498e10


Dynamic libraries:
0x00007ff618470000 - 0x00007ff618480000 	C:\Program Files\Java\jdk-17\bin\java.exe
0x00007fff87b70000 - 0x00007fff87d87000 	C:\Windows\SYSTEM32\ntdll.dll
0x00007fff87820000 - 0x00007fff878e4000 	C:\Windows\System32\KERNEL32.DLL
0x00007fff84f60000 - 0x00007fff8530d000 	C:\Windows\System32\KERNELBASE.dll
0x00007fff85640000 - 0x00007fff85751000 	C:\Windows\System32\ucrtbase.dll
0x00007fff5fc00000 - 0x00007fff5fc1b000 	C:\Program Files\Java\jdk-17\bin\VCRUNTIME140.dll
0x00007fff68cc0000 - 0x00007fff68cd9000 	C:\Program Files\Java\jdk-17\bin\jli.dll
0x00007fff86c80000 - 0x00007fff86d32000 	C:\Windows\System32\ADVAPI32.dll
0x00007fff872f0000 - 0x00007fff87397000 	C:\Windows\System32\msvcrt.dll
0x00007fff86d40000 - 0x00007fff86de9000 	C:\Windows\System32\sechost.dll
0x00007fff85760000 - 0x00007fff85788000 	C:\Windows\System32\bcrypt.dll
0x00007fff86190000 - 0x00007fff862a4000 	C:\Windows\System32\RPCRT4.dll
0x00007fff86640000 - 0x00007fff867ee000 	C:\Windows\System32\USER32.dll
0x00007fff85810000 - 0x00007fff85836000 	C:\Windows\System32\win32u.dll
0x00007fff69960000 - 0x00007fff69bf3000 	C:\Windows\WinSxS\amd64_microsoft.windows.common-controls_6595b64144ccf1df_6.0.22621.3672_none_2713b9d173822955\COMCTL32.dll
0x00007fff872c0000 - 0x00007fff872e9000 	C:\Windows\System32\GDI32.dll
0x00007fff85520000 - 0x00007fff85639000 	C:\Windows\System32\gdi32full.dll
0x00007fff85310000 - 0x00007fff853aa000 	C:\Windows\System32\msvcp_win.dll
0x00007fff80230000 - 0x00007fff8023a000 	C:\Windows\SYSTEM32\VERSION.dll
0x00007fff877e0000 - 0x00007fff87811000 	C:\Windows\System32\IMM32.DLL
0x00007fff81bc0000 - 0x00007fff81bcc000 	C:\Program Files\Java\jdk-17\bin\vcruntime140_1.dll
0x00007fff5fb70000 - 0x00007fff5fbfe000 	C:\Program Files\Java\jdk-17\bin\msvcp140.dll
0x00007ffef8e10000 - 0x00007ffef99f0000 	C:\Program Files\Java\jdk-17\bin\server\jvm.dll
0x00007fff87b20000 - 0x00007fff87b28000 	C:\Windows\System32\PSAPI.DLL
0x00007fff80420000 - 0x00007fff80454000 	C:\Windows\SYSTEM32\WINMM.dll
0x00007fff5fb60000 - 0x00007fff5fb69000 	C:\Windows\SYSTEM32\WSOCK32.dll
0x00007fff87240000 - 0x00007fff872b1000 	C:\Windows\System32\WS2_32.dll
0x00007fff83e90000 - 0x00007fff83ea8000 	C:\Windows\SYSTEM32\kernel.appcore.dll
0x00007fff5fb50000 - 0x00007fff5fb5a000 	C:\Program Files\Java\jdk-17\bin\jimage.dll
0x00007fff82250000 - 0x00007fff82482000 	C:\Windows\SYSTEM32\DBGHELP.DLL
0x00007fff862b0000 - 0x00007fff86638000 	C:\Windows\System32\combase.dll
0x00007fff87160000 - 0x00007fff87237000 	C:\Windows\System32\OLEAUT32.dll
0x00007fff5eab0000 - 0x00007fff5eae2000 	C:\Windows\SYSTEM32\dbgcore.DLL
0x00007fff85790000 - 0x00007fff8580b000 	C:\Windows\System32\bcryptPrimitives.dll
0x00007fff5c020000 - 0x00007fff5c045000 	C:\Program Files\Java\jdk-17\bin\java.dll
0x00007fff5b8d0000 - 0x00007fff5b9a7000 	C:\Program Files\Java\jdk-17\bin\jsvml.dll
0x00007fff85930000 - 0x00007fff8618f000 	C:\Windows\System32\SHELL32.dll
0x00007fff82da0000 - 0x00007fff8369c000 	C:\Windows\SYSTEM32\windows.storage.dll
0x00007fff82c60000 - 0x00007fff82d9f000 	C:\Windows\SYSTEM32\wintypes.dll
0x00007fff876c0000 - 0x00007fff877b4000 	C:\Windows\System32\SHCORE.dll
0x00007fff86df0000 - 0x00007fff86e4e000 	C:\Windows\System32\shlwapi.dll
0x00007fff84dd0000 - 0x00007fff84df1000 	C:\Windows\SYSTEM32\profapi.dll
0x00007fff5bfd0000 - 0x00007fff5bfe9000 	C:\Program Files\Java\jdk-17\bin\net.dll
0x00007fff816c0000 - 0x00007fff817f6000 	C:\Windows\SYSTEM32\WINHTTP.dll
0x00007fff842f0000 - 0x00007fff84359000 	C:\Windows\system32\mswsock.dll
0x00007fff5bfb0000 - 0x00007fff5bfc6000 	C:\Program Files\Java\jdk-17\bin\nio.dll
0x00007fff5bee0000 - 0x00007fff5bef8000 	C:\Program Files\Java\jdk-17\bin\zip.dll
0x00007fff5bf50000 - 0x00007fff5bf60000 	C:\Program Files\Java\jdk-17\bin\verify.dll
0x00007fff7e1f0000 - 0x00007fff7e217000 	C:\Users\Alghazzawi\.gradle\native\c067742578af261105cb4f569cf0c3c89f3d7b1fecec35dd04571415982c5e48\windows-amd64\native-platform.dll
0x00007fff645b0000 - 0x00007fff646f4000 	C:\Users\Alghazzawi\.gradle\native\38dada09dfb8b06ba9b0570ebf7e218e3eb74d4ef43ca46872605cf95ebc2f47\windows-amd64\native-platform-file-events.dll
0x00007fff5c010000 - 0x00007fff5c01a000 	C:\Program Files\Java\jdk-17\bin\management.dll
0x00007fff5bfa0000 - 0x00007fff5bfab000 	C:\Program Files\Java\jdk-17\bin\management_ext.dll
0x00007fff84640000 - 0x00007fff8465b000 	C:\Windows\SYSTEM32\CRYPTSP.dll
0x00007fff83df0000 - 0x00007fff83e25000 	C:\Windows\system32\rsaenh.dll
0x00007fff84390000 - 0x00007fff843b8000 	C:\Windows\SYSTEM32\USERENV.dll
0x00007fff84620000 - 0x00007fff8462c000 	C:\Windows\SYSTEM32\CRYPTBASE.dll
0x00007fff83900000 - 0x00007fff8392d000 	C:\Windows\SYSTEM32\IPHLPAPI.DLL
0x00007fff877c0000 - 0x00007fff877c9000 	C:\Windows\System32\NSI.dll
0x00007fff81550000 - 0x00007fff81569000 	C:\Windows\SYSTEM32\dhcpcsvc6.DLL
0x00007fff81520000 - 0x00007fff8153f000 	C:\Windows\SYSTEM32\dhcpcsvc.DLL
0x00007fff83970000 - 0x00007fff83a68000 	C:\Windows\SYSTEM32\DNSAPI.dll
0x00007fff5bf90000 - 0x00007fff5bf9e000 	C:\Program Files\Java\jdk-17\bin\sunmscapi.dll
0x00007fff853b0000 - 0x00007fff85517000 	C:\Windows\System32\CRYPT32.dll
0x00007fff84740000 - 0x00007fff8476e000 	C:\Windows\SYSTEM32\ncrypt.dll
0x00007fff84700000 - 0x00007fff84737000 	C:\Windows\SYSTEM32\NTASN1.dll
0x00007fff5bf40000 - 0x00007fff5bf48000 	C:\Windows\system32\wshunix.dll
0x00007fff803b0000 - 0x00007fff803ba000 	C:\Windows\System32\rasadhlp.dll
0x00007fff80650000 - 0x00007fff806d3000 	C:\Windows\System32\fwpuclnt.dll
0x00007fff83eb0000 - 0x00007fff83ee4000 	C:\Windows\SYSTEM32\ntmarta.dll
0x00007fff7ffd0000 - 0x00007fff80067000 	C:\Windows\system32\apphelp.dll
0x00007fff7e0b0000 - 0x00007fff7e0ce000 	C:\Users\Alghazzawi\AppData\Local\Temp\native-platform10676271449995621198dir\native-platform.dll

dbghelp: loaded successfully - version: 4.0.5 - missing functions: none
symbol engine: initialized successfully - sym options: 0x614 - pdb path: .;C:\Program Files\Java\jdk-17\bin;C:\Windows\SYSTEM32;C:\Windows\WinSxS\amd64_microsoft.windows.common-controls_6595b64144ccf1df_6.0.22621.3672_none_2713b9d173822955;C:\Program Files\Java\jdk-17\bin\server;C:\Users\Alghazzawi\.gradle\native\c067742578af261105cb4f569cf0c3c89f3d7b1fecec35dd04571415982c5e48\windows-amd64;C:\Users\Alghazzawi\.gradle\native\38dada09dfb8b06ba9b0570ebf7e218e3eb74d4ef43ca46872605cf95ebc2f47\windows-amd64;C:\Users\Alghazzawi\AppData\Local\Temp\native-platform10676271449995621198dir

VM Arguments:
jvm_args: -XX:+HeapDumpOnOutOfMemoryError --add-opens=java.base/java.util=ALL-UNNAMED --add-opens=java.base/java.lang=ALL-UNNAMED --add-opens=java.base/java.lang.invoke=ALL-UNNAMED --add-opens=java.prefs/java.util.prefs=ALL-UNNAMED --add-opens=java.base/java.nio.charset=ALL-UNNAMED --add-opens=java.base/java.net=ALL-UNNAMED --add-opens=java.base/java.util.concurrent.atomic=ALL-UNNAMED -Xmx4G -Dfile.encoding=windows-1256 -Duser.country=US -Duser.language=en -Duser.variant 
java_command: org.gradle.launcher.daemon.bootstrap.GradleDaemon 7.6.3
java_class_path (initial): C:\Users\Alghazzawi\.gradle\wrapper\dists\gradle-7.6.3-all\aocdy2d2z8kodnny3rsumj8i8\gradle-7.6.3\lib\gradle-launcher-7.6.3.jar
Launcher Type: SUN_STANDARD

[Global flags]
     intx CICompilerCount                          = 4                                         {product} {ergonomic}
     uint ConcGCThreads                            = 2                                         {product} {ergonomic}
     uint G1ConcRefinementThreads                  = 8                                         {product} {ergonomic}
   size_t G1HeapRegionSize                         = 2097152                                   {product} {ergonomic}
    uintx GCDrainStackTargetSize                   = 64                                        {product} {ergonomic}
     bool HeapDumpOnOutOfMemoryError               = true                                   {manageable} {command line}
   size_t InitialHeapSize                          = 130023424                                 {product} {ergonomic}
   size_t MarkStackSize                            = 4194304                                   {product} {ergonomic}
   size_t MaxHeapSize                              = 4294967296                                {product} {command line}
   size_t MaxNewSize                               = 2575302656                                {product} {ergonomic}
   size_t MinHeapDeltaBytes                        = 2097152                                   {product} {ergonomic}
   size_t MinHeapSize                              = 8388608                                   {product} {ergonomic}
    uintx NonNMethodCodeHeapSize                   = 5839372                                {pd product} {ergonomic}
    uintx NonProfiledCodeHeapSize                  = 122909434                              {pd product} {ergonomic}
    uintx ProfiledCodeHeapSize                     = 122909434                              {pd product} {ergonomic}
    uintx ReservedCodeCacheSize                    = 251658240                              {pd product} {ergonomic}
     bool SegmentedCodeCache                       = true                                      {product} {ergonomic}
   size_t SoftMaxHeapSize                          = 4294967296                             {manageable} {ergonomic}
     bool UseCompressedClassPointers               = true                           {product lp64_product} {ergonomic}
     bool UseCompressedOops                        = true                           {product lp64_product} {ergonomic}
     bool UseG1GC                                  = true                                      {product} {ergonomic}
     bool UseLargePagesIndividualAllocation        = false                                  {pd product} {ergonomic}

Logging:
Log output configuration:
 #0: stdout all=warning uptime,level,tags
 #1: stderr all=off uptime,level,tags

Environment Variables:
JAVA_HOME=C:\Program Files\Java\jdk-17
CLASSPATH=F:\university_bus\android\\gradle\wrapper\gradle-wrapper.jar
PATH=C:\Program Files\Java\jdk-17\bin;C:\Program Files\Common Files\Oracle\Java\javapath;C:\Windows\system32;C:\Windows;C:\Windows\System32\Wbem;C:\Windows\System32\WindowsPowerShell\v1.0\;C:\Windows\System32\OpenSSH\;C:\Program Files\Microsoft SQL Server\Client SDK\ODBC\170\Tools\Binn\;C:\Program Files (x86)\Microsoft SQL Server\160\Tools\Binn\;C:\Program Files\Microsoft SQL Server\160\Tools\Binn\;C:\Program Files\Microsoft SQL Server\160\DTS\Binn\;C:\Program Files (x86)\Microsoft SQL Server\160\DTS\Binn\;C:\Program Files\Microsoft SQL Server\150\Tools\Binn\;C:\Program Files\Dart\dart-sdk\bin;C:\Program Files\dotnet\;C:\Program Files (x86)\Windows Kits\10\Windows Performance Toolkit\;C:\ProgramData\chocolatey\bin;C:\Program Files\Git\cmd;C:\Program Files\nodejs\;C:\Program Files\Java\jdk-17;C:\Users\Alghazzawi\AppData\Local\Programs\Python\Launcher\;C:\Users\Alghazzawi\AppData\Local\Microsoft\WindowsApps;C:\Program Files\Azure Data Studio\bin;C:\Users\Alghazzawi\.dotnet\tools;C:\Program Files\JetBrains\IntelliJ IDEA Community Edition 2023.2.1\bin;C:\Users\Alghazzawi\AppData\Local\Pub\Cache\bin;C:\tools\dart-sdk\bin;C:\Users\Alghazzawi\AppData\Roaming\npm;C:\Users\Alghazzawi\AppData\Local\Programs\Microsoft VS Code\bin;C:\Users\Alghazzawi\flutter_windows_3.22.2-stable\flutter\bin;C:\Program Files\Java\jdk-17;;C:\Users\Alghazzawi\flutter_windows_3.22.2-stable\flutter\bin\mingit\cmd;C:\Users\Alghazzawi\flutter_windows_3.22.2-stable\flutter\bin\mingit\cmd
USERNAME=Alghazzawi
OS=Windows_NT
PROCESSOR_IDENTIFIER=Intel64 Family 6 Model 140 Stepping 1, GenuineIntel



---------------  S Y S T E M  ---------------

OS:
 Windows 11 , 64 bit Build 22621 (10.0.22621.3672)
OS uptime: 0 days 0:39 hours
Hyper-V role detected

CPU: total 8 (initial active 8) (4 cores per cpu, 2 threads per core) family 6 model 140 stepping 1 microcode 0xac, cx8, cmov, fxsr, ht, mmx, 3dnowpref, sse, sse2, sse3, ssse3, sse4.1, sse4.2, popcnt, lzcnt, tsc, tscinvbit, avx, avx2, aes, erms, clmul, bmi1, bmi2, adx, avx512f, avx512dq, avx512cd, avx512bw, avx512vl, sha, fma, vzeroupper, avx512_vpopcntdq, avx512_vpclmulqdq, avx512_vaes, avx512_vnni, clflush, clflushopt, clwb, avx512_vbmi2, avx512_vbmi, hv

Memory: 4k page, system-wide physical 7932M (619M free)
TotalPageFile size 20432M (AvailPageFile size 378M)
current process WorkingSet (physical memory assigned to process): 1139M, peak: 1900M
current process commit charge ("private bytes"): 2330M, peak: 3084M

vm_info: Java HotSpot(TM) 64-Bit Server VM (17.0.12+8-LTS-286) for windows-amd64 JRE (17.0.12+8-LTS-286), built on Jun  5 2024 06:46:59 by "mach5one" with MS VC++ 17.6 (VS2022)

END.
